ID,Pred
0,1
1,1
10,1
100,1
1000,1
10000,1
10001,1
10002,1
10003,1
10004,1
10005,1
10006,1
10007,1
10008,1
10009,1
1001,1
10010,1
10011,1
10012,1
10013,1
10014,1
10015,1
10016,1
10017,1
10018,1
10019,1
1002,1
10020,1
10021,1
10022,1
10023,1
10024,0
10025,1
10026,1
10027,1
10028,1
10029,1
1003,1
10030,1
10031,1
10032,1
10033,1
10034,1
10035,1
10036,1
10037,1
10038,1
10039,1
1004,1
10040,1
10041,1
10042,1
10043,1
10044,1
10045,1
10046,1
10047,1
10048,1
10049,1
1005,1
10050,1
10051,1
10052,1
10053,1
10054,1
10055,1
10056,1
10057,1
10058,1
10059,1
1006,1
10060,1
10061,1
10062,1
10063,1
10064,1
10065,1
10066,1
10067,1
10068,1
10069,1
1007,1
10070,1
10071,1
10072,1
10073,1
10074,1
10075,1
10076,1
10077,1
10078,1
10079,1
1008,1
10080,1
10081,1
10082,1
10083,1
10084,1
10085,1
10086,1
10087,1
10088,1
10089,1
1009,1
10090,1
10091,1
10092,1
10093,1
10094,1
10095,1
10096,1
10097,1
10098,1
10099,1
101,1
1010,1
10100,1
10101,1
10102,1
10103,1
10104,0
10105,1
10106,1
10107,1
10108,1
10109,1
1011,1
10110,1
10111,1
10112,1
10113,1
10114,1
10115,1
10116,1
10117,1
10118,1
10119,1
1012,1
10120,1
10121,1
10122,1
10123,1
10124,1
10125,1
10126,1
10127,1
10128,1
10129,1
1013,1
10130,1
10131,1
10132,1
10133,1
10134,1
10135,0
10136,1
10137,1
10138,1
10139,1
1014,1
10140,1
10141,1
10142,1
10143,1
10144,1
10145,1
10146,1
10147,1
10148,1
10149,1
1015,1
10150,1
10151,1
10152,1
10153,1
10154,1
10155,1
10156,1
10157,1
10158,0
10159,1
1016,1
10160,1
10161,1
10162,1
10163,1
10164,1
10165,1
10166,1
10167,1
10168,1
10169,1
1017,1
10170,1
10171,1
10172,1
10173,1
10174,1
10175,1
10176,1
10177,1
10178,1
10179,1
1018,1
10180,1
10181,1
10182,1
10183,1
10184,1
10185,1
10186,1
10187,1
10188,1
10189,1
1019,1
10190,1
10191,1
10192,1
10193,1
10194,1
10195,1
10196,1
10197,1
10198,1
10199,1
102,1
1020,1
10200,1
10201,1
10202,1
10203,1
10204,1
10205,1
10206,1
10207,1
10208,0
10209,1
1021,1
10210,1
10211,1
10212,0
10213,1
10214,1
10215,1
10216,1
10217,1
10218,1
10219,1
1022,1
10220,1
10221,1
10222,1
10223,1
10224,1
10225,1
10226,1
10227,1
10228,1
10229,1
1023,1
10230,1
10231,1
10232,1
10233,1
10234,1
10235,1
10236,1
10237,1
10238,1
10239,1
1024,1
10240,1
10241,1
10242,1
10243,1
10244,1
10245,1
10246,1
10247,1
10248,1
10249,1
1025,1
10250,0
10251,1
10252,1
10253,1
10254,1
10255,1
10256,1
10257,1
10258,1
10259,1
1026,1
10260,1
10261,1
10262,1
10263,1
10264,1
10265,1
10266,1
10267,1
10268,1
10269,1
1027,1
10270,1
10271,0
10272,1
10273,1
10274,1
10275,1
10276,1
10277,1
10278,1
10279,1
1028,1
10280,1
10281,1
10282,1
10283,1
10284,1
10285,1
10286,1
10287,1
10288,1
10289,1
1029,1
10290,1
10291,1
10292,1
10293,1
10294,1
10295,1
10296,1
10297,1
10298,1
10299,1
103,1
1030,1
10300,1
10301,1
10302,1
10303,1
10304,1
10305,1
10306,1
10307,1
10308,1
10309,1
1031,1
10310,1
10311,1
10312,1
10313,1
10314,1
10315,1
10316,1
10317,1
10318,1
10319,1
1032,1
10320,1
10321,1
10322,1
10323,1
10324,1
10325,1
10326,1
10327,1
10328,1
10329,1
1033,1
10330,1
10331,1
10332,1
10333,1
10334,1
10335,1
10336,1
10337,1
10338,1
10339,1
1034,1
10340,1
10341,1
10342,1
10343,1
10344,1
10345,1
10346,1
10347,1
10348,1
10349,1
1035,1
10350,1
10351,1
10352,1
10353,1
10354,1
10355,1
10356,1
10357,1
10358,1
10359,1
1036,1
10360,1
10361,1
10362,1
10363,1
10364,1
10365,1
10366,1
10367,1
10368,1
10369,1
1037,1
10370,1
10371,1
10372,1
10373,1
10374,1
10375,1
10376,1
10377,1
10378,1
10379,1
1038,1
10380,1
10381,1
10382,1
10383,1
10384,1
10385,1
10386,1
10387,1
10388,1
10389,1
1039,1
10390,1
10391,1
10392,1
10393,1
10394,1
10395,1
10396,1
10397,1
10398,1
10399,1
104,1
1040,1
10400,1
10401,1
10402,1
10403,1
10404,1
10405,1
10406,1
10407,1
10408,1
10409,1
1041,1
10410,1
10411,1
10412,1
10413,1
10414,1
10415,1
10416,1
10417,1
10418,1
10419,1
1042,1
10420,1
10421,1
10422,1
10423,1
10424,1
10425,1
10426,1
10427,1
10428,1
10429,1
1043,1
10430,1
10431,1
10432,1
10433,1
10434,1
10435,1
10436,1
10437,1
10438,1
10439,1
1044,1
10440,1
10441,1
10442,1
10443,1
10444,1
10445,1
10446,1
10447,1
10448,1
10449,1
1045,1
10450,1
10451,1
10452,1
10453,1
10454,1
10455,1
10456,1
10457,1
10458,1
10459,1
1046,1
10460,1
10461,1
10462,1
10463,1
10464,1
10465,1
10466,1
10467,1
10468,1
10469,1
1047,1
10470,1
10471,1
10472,1
10473,1
10474,1
10475,1
10476,1
10477,1
10478,1
10479,1
1048,1
10480,1
10481,1
10482,1
10483,1
10484,1
10485,1
10486,1
10487,1
10488,1
10489,1
1049,1
10490,1
10491,1
10492,1
10493,1
10494,1
10495,1
10496,1
10497,1
10498,1
10499,1
105,1
1050,1
10500,1
10501,1
10502,1
10503,1
10504,1
10505,1
10506,1
10507,1
10508,1
10509,1
1051,1
10510,1
10511,1
10512,1
10513,1
10514,1
10515,1
10516,1
10517,1
10518,1
10519,1
1052,1
10520,1
10521,1
10522,1
10523,1
10524,1
10525,1
10526,1
10527,1
10528,1
10529,1
1053,1
10530,1
10531,1
10532,1
10533,1
10534,1
10535,1
10536,1
10537,1
10538,1
10539,1
1054,1
10540,1
10541,1
10542,1
10543,1
10544,1
10545,1
10546,1
10547,1
10548,1
10549,1
1055,1
10550,1
10551,1
10552,1
10553,1
10554,1
10555,1
10556,1
10557,1
10558,1
10559,1
1056,1
10560,1
10561,1
10562,1
10563,1
10564,1
10565,1
10566,1
10567,1
10568,0
10569,1
1057,1
10570,1
10571,1
10572,1
10573,1
10574,1
10575,1
10576,1
10577,1
10578,1
10579,1
1058,1
10580,1
10581,1
10582,1
10583,1
10584,1
10585,1
10586,1
10587,1
10588,1
10589,1
1059,1
10590,1
10591,1
10592,1
10593,1
10594,1
10595,1
10596,1
10597,0
10598,1
10599,1
106,1
1060,1
10600,1
10601,0
10602,1
10603,1
10604,1
10605,1
10606,1
10607,1
10608,1
10609,1
1061,1
10610,1
10611,1
10612,1
10613,1
10614,1
10615,1
10616,1
10617,1
10618,1
10619,1
1062,1
10620,1
10621,1
10622,1
10623,1
10624,1
10625,1
10626,1
10627,1
10628,0
10629,1
1063,1
10630,1
10631,1
10632,1
10633,1
10634,1
10635,1
10636,1
10637,1
10638,1
10639,1
1064,1
10640,1
10641,1
10642,1
10643,1
10644,1
10645,1
10646,1
10647,0
10648,1
10649,1
1065,1
10650,1
10651,1
10652,1
10653,1
10654,1
10655,1
10656,1
10657,1
10658,1
10659,1
1066,1
10660,1
10661,1
10662,1
10663,1
10664,1
10665,1
10666,1
10667,1
10668,1
10669,1
1067,1
10670,1
10671,1
10672,1
10673,1
10674,1
10675,1
10676,1
10677,1
10678,1
10679,1
1068,0
10680,1
10681,1
10682,1
10683,1
10684,1
10685,1
10686,1
10687,1
10688,1
10689,1
1069,1
10690,1
10691,1
10692,1
10693,1
10694,1
10695,1
10696,1
10697,1
10698,1
10699,1
107,1
1070,1
10700,1
10701,1
10702,1
10703,1
10704,1
10705,1
10706,1
10707,1
10708,1
10709,1
1071,1
10710,1
10711,1
10712,1
10713,1
10714,1
10715,1
10716,1
10717,1
10718,1
10719,1
1072,1
10720,1
10721,1
10722,1
10723,1
10724,1
10725,1
10726,1
10727,1
10728,1
10729,1
1073,1
10730,1
10731,1
10732,1
10733,1
10734,1
10735,1
10736,1
10737,1
10738,1
10739,1
1074,1
10740,1
10741,1
10742,1
10743,1
10744,1
10745,1
10746,1
10747,1
10748,1
10749,1
1075,1
10750,1
10751,1
10752,1
10753,1
10754,1
10755,1
10756,1
10757,1
10758,1
10759,1
1076,1
10760,1
10761,1
10762,1
10763,1
10764,1
10765,1
10766,1
10767,1
10768,1
10769,1
1077,1
10770,1
10771,0
10772,1
10773,1
10774,1
10775,1
10776,1
10777,1
10778,1
10779,1
1078,1
10780,1
10781,1
10782,1
10783,1
10784,1
10785,1
10786,1
10787,1
10788,1
10789,1
1079,0
10790,1
10791,1
10792,1
10793,1
10794,1
10795,1
10796,1
10797,1
10798,1
10799,1
108,1
1080,1
10800,1
10801,1
10802,1
10803,1
10804,1
10805,1
10806,1
10807,1
10808,1
10809,1
1081,1
10810,1
10811,1
10812,1
10813,1
10814,1
10815,1
10816,1
10817,1
10818,1
10819,1
1082,0
10820,1
10821,1
10822,1
10823,1
10824,1
10825,1
10826,1
10827,1
10828,1
10829,1
1083,1
10830,1
10831,1
10832,1
10833,1
10834,1
10835,1
10836,1
10837,1
10838,1
10839,1
1084,1
10840,1
10841,1
10842,1
10843,1
10844,1
10845,1
10846,1
10847,1
10848,1
10849,1
1085,1
10850,1
10851,1
10852,1
10853,0
10854,1
10855,1
10856,1
10857,1
10858,1
10859,1
1086,1
10860,1
10861,1
10862,1
10863,1
10864,1
10865,1
10866,1
10867,1
10868,1
10869,1
1087,0
10870,1
10871,1
10872,1
10873,1
10874,1
10875,1
10876,1
10877,1
10878,1
10879,1
1088,1
10880,1
10881,1
10882,1
10883,1
10884,1
10885,1
10886,1
10887,1
10888,1
10889,1
1089,0
10890,1
10891,1
10892,1
10893,1
10894,1
10895,1
10896,1
10897,1
10898,1
10899,1
109,1
1090,1
10900,1
10901,1
10902,1
10903,1
10904,1
10905,1
10906,1
10907,1
10908,1
10909,1
1091,1
10910,1
10911,1
10912,1
10913,1
10914,1
10915,1
10916,1
10917,1
10918,1
10919,1
1092,1
10920,1
10921,1
10922,1
10923,1
10924,1
10925,1
10926,1
10927,1
10928,1
10929,1
1093,1
10930,1
10931,1
10932,1
10933,1
10934,1
10935,1
10936,1
10937,1
10938,1
10939,1
1094,1
10940,1
10941,1
10942,1
10943,1
10944,1
10945,1
10946,1
10947,1
10948,1
10949,1
1095,1
10950,1
10951,1
10952,1
10953,1
10954,1
10955,1
10956,1
10957,1
10958,1
10959,1
1096,1
10960,1
10961,1
10962,1
10963,1
10964,1
10965,1
10966,1
10967,1
10968,1
10969,1
1097,1
10970,1
10971,1
10972,1
10973,1
10974,1
10975,1
10976,1
10977,1
10978,1
10979,1
1098,1
10980,1
10981,1
10982,1
10983,1
10984,1
10985,1
10986,1
10987,1
10988,1
10989,1
1099,1
10990,1
10991,1
10992,1
10993,1
10994,1
10995,1
10996,1
10997,1
10998,1
10999,1
11,1
110,1
1100,1
11000,1
11001,1
11002,1
11003,1
11004,1
11005,1
11006,1
11007,1
11008,1
11009,1
1101,1
11010,1
11011,1
11012,1
11013,1
11014,1
11015,1
11016,1
11017,1
11018,1
11019,1
1102,1
11020,1
11021,1
11022,1
11023,1
11024,1
11025,1
11026,1
11027,1
11028,1
11029,1
1103,1
11030,1
11031,1
11032,1
11033,1
11034,1
11035,1
11036,1
11037,0
11038,1
11039,1
1104,1
11040,1
11041,1
11042,1
11043,1
11044,1
11045,0
11046,1
11047,1
11048,1
11049,1
1105,1
11050,1
11051,1
11052,1
11053,1
11054,1
11055,0
11056,1
11057,1
11058,1
11059,1
1106,0
11060,1
11061,1
11062,1
11063,1
11064,1
11065,1
11066,1
11067,1
11068,1
11069,1
1107,1
11070,1
11071,1
11072,1
11073,1
11074,1
11075,1
11076,1
11077,1
11078,1
11079,1
1108,1
11080,1
11081,1
11082,1
11083,1
11084,1
11085,1
11086,1
11087,1
11088,1
11089,1
1109,1
11090,1
11091,1
11092,1
11093,1
11094,1
11095,1
11096,1
11097,1
11098,1
11099,1
111,1
1110,1
11100,1
11101,1
11102,1
11103,1
11104,1
11105,1
11106,1
11107,1
11108,1
11109,1
1111,1
11110,0
11111,1
11112,1
11113,1
11114,1
11115,1
11116,1
11117,1
11118,1
11119,1
1112,1
11120,1
11121,1
11122,1
11123,1
11124,1
11125,1
11126,1
11127,1
11128,1
11129,1
1113,1
11130,1
11131,1
11132,1
11133,1
11134,1
11135,1
11136,1
11137,1
11138,1
11139,1
1114,1
11140,1
11141,1
11142,1
11143,1
11144,1
11145,1
11146,1
11147,1
11148,1
11149,1
1115,1
11150,1
11151,1
11152,1
11153,1
11154,1
11155,1
11156,1
11157,1
11158,1
11159,1
1116,1
11160,1
11161,1
11162,1
11163,1
11164,1
11165,1
11166,1
11167,1
11168,1
11169,1
1117,1
11170,1
11171,1
11172,1
11173,1
11174,1
11175,1
11176,1
11177,1
11178,1
11179,1
1118,1
11180,1
11181,1
11182,1
11183,1
11184,1
11185,1
11186,1
11187,1
11188,1
11189,1
1119,1
11190,1
11191,1
11192,1
11193,1
11194,1
11195,1
11196,1
11197,1
11198,1
11199,1
112,1
1120,1
11200,1
11201,1
11202,1
11203,1
11204,1
11205,1
11206,1
11207,1
11208,1
11209,1
1121,1
11210,1
11211,1
11212,1
11213,1
11214,1
11215,1
11216,1
11217,1
11218,1
11219,1
1122,1
11220,1
11221,1
11222,1
11223,1
11224,1
11225,1
11226,1
11227,1
11228,1
11229,1
1123,1
11230,1
11231,1
11232,1
11233,1
11234,1
11235,1
11236,1
11237,1
11238,1
11239,1
1124,1
11240,1
11241,1
11242,1
11243,1
11244,1
11245,1
11246,1
11247,1
11248,1
11249,1
1125,1
11250,1
11251,1
11252,1
11253,1
11254,1
11255,1
11256,1
11257,1
11258,1
11259,1
1126,1
11260,1
11261,1
11262,1
11263,1
11264,1
11265,0
11266,1
11267,1
11268,1
11269,1
1127,1
11270,1
11271,1
11272,1
11273,1
11274,1
11275,1
11276,1
11277,1
11278,1
11279,1
1128,1
11280,1
11281,1
11282,1
11283,1
11284,1
11285,1
11286,1
11287,1
11288,1
11289,1
1129,1
11290,1
11291,1
11292,1
11293,1
11294,1
11295,1
11296,1
11297,1
11298,1
11299,1
113,1
1130,1
11300,1
11301,1
11302,1
11303,1
11304,1
11305,1
11306,1
11307,1
11308,1
11309,1
1131,1
11310,1
11311,1
11312,1
11313,1
11314,1
11315,1
11316,1
11317,1
11318,1
11319,1
1132,1
11320,1
11321,1
11322,1
11323,1
11324,1
11325,1
11326,1
11327,1
11328,1
11329,1
1133,1
11330,1
11331,1
11332,1
11333,1
11334,1
11335,1
11336,1
11337,1
11338,1
11339,1
1134,1
11340,1
11341,1
11342,1
11343,1
11344,1
11345,1
11346,1
11347,1
11348,1
11349,1
1135,1
11350,1
11351,1
11352,1
11353,1
11354,1
11355,1
11356,1
11357,0
11358,1
11359,1
1136,1
11360,1
11361,1
11362,1
11363,1
11364,1
11365,1
11366,1
11367,1
11368,1
11369,1
1137,1
11370,1
11371,1
11372,1
11373,1
11374,1
11375,1
11376,1
11377,1
11378,1
11379,1
1138,1
11380,1
11381,1
11382,1
11383,1
11384,1
11385,1
11386,1
11387,1
11388,1
11389,1
1139,1
11390,1
11391,1
11392,1
11393,1
11394,1
11395,1
11396,1
11397,1
11398,1
11399,1
114,1
1140,1
11400,1
11401,1
11402,1
11403,1
11404,1
11405,1
11406,1
11407,1
11408,1
11409,1
1141,1
11410,1
11411,1
11412,1
11413,1
11414,1
11415,1
11416,1
11417,1
11418,1
11419,1
1142,1
11420,1
11421,1
11422,1
11423,1
11424,1
11425,1
11426,1
11427,1
11428,1
11429,1
1143,1
11430,1
11431,1
11432,1
11433,1
11434,1
11435,1
11436,1
11437,1
11438,1
11439,1
1144,1
11440,1
11441,1
11442,1
11443,1
11444,1
11445,1
11446,1
11447,1
11448,1
11449,1
1145,1
11450,1
11451,1
11452,1
11453,1
11454,1
11455,1
11456,1
11457,1
11458,1
11459,1
1146,1
11460,0
11461,1
11462,1
11463,1
11464,1
11465,1
11466,1
11467,1
11468,1
11469,1
1147,1
11470,1
11471,1
11472,1
11473,1
11474,1
11475,1
11476,1
11477,1
11478,1
11479,1
1148,1
11480,1
11481,1
11482,1
11483,1
11484,1
11485,1
11486,1
11487,1
11488,1
11489,1
1149,1
11490,1
11491,0
11492,0
11493,1
11494,1
11495,1
11496,1
11497,1
11498,1
11499,1
115,1
1150,1
11500,1
11501,1
11502,1
11503,1
11504,1
11505,1
11506,1
11507,1
11508,1
11509,1
1151,0
11510,1
11511,1
11512,1
11513,1
11514,1
11515,1
11516,1
11517,1
11518,1
11519,1
1152,1
11520,1
11521,1
11522,1
11523,1
11524,1
11525,1
11526,1
11527,1
11528,1
11529,1
1153,1
11530,1
11531,1
11532,1
11533,1
11534,1
11535,1
11536,1
11537,1
11538,1
11539,1
1154,1
11540,1
11541,1
11542,1
11543,1
11544,1
11545,1
11546,1
11547,1
11548,1
11549,1
1155,1
11550,1
11551,1
11552,1
11553,1
11554,1
11555,1
11556,1
11557,1
11558,1
11559,1
1156,1
11560,1
11561,1
11562,1
11563,1
11564,1
11565,0
11566,1
11567,1
11568,1
11569,1
1157,1
11570,1
11571,1
11572,1
11573,1
11574,0
11575,1
11576,1
11577,1
11578,1
11579,1
1158,1
11580,1
11581,1
11582,1
11583,1
11584,1
11585,1
11586,1
11587,1
11588,1
11589,1
1159,1
11590,1
11591,1
11592,1
11593,1
11594,1
11595,1
11596,1
11597,1
11598,1
11599,1
116,1
1160,1
11600,1
11601,1
11602,1
11603,1
11604,1
11605,1
11606,1
11607,1
11608,1
11609,1
1161,1
11610,1
11611,1
11612,1
11613,1
11614,1
11615,1
11616,1
11617,1
11618,1
11619,1
1162,1
11620,0
11621,1
11622,1
11623,1
11624,1
11625,1
11626,1
11627,1
11628,1
11629,1
1163,1
11630,1
11631,1
11632,1
11633,1
11634,1
11635,1
11636,1
11637,1
11638,1
11639,1
1164,1
11640,1
11641,1
11642,1
11643,1
11644,1
11645,1
11646,1
11647,1
11648,1
11649,1
1165,1
11650,1
11651,1
11652,1
11653,1
11654,1
11655,1
11656,1
11657,1
11658,1
11659,1
1166,1
11660,1
11661,1
11662,0
11663,1
11664,1
11665,1
11666,1
11667,1
11668,1
11669,1
1167,1
11670,1
11671,1
11672,1
11673,1
11674,1
11675,1
11676,1
11677,1
11678,1
11679,1
1168,1
11680,1
11681,1
11682,1
11683,1
11684,1
11685,1
11686,1
11687,1
11688,1
11689,1
1169,1
11690,1
11691,0
11692,1
11693,1
11694,1
11695,1
11696,1
11697,1
11698,1
11699,1
117,1
1170,1
11700,1
11701,1
11702,1
11703,1
11704,0
11705,1
11706,1
11707,1
11708,1
11709,1
1171,1
11710,1
11711,0
11712,1
11713,1
11714,1
11715,1
11716,1
11717,1
11718,1
11719,1
1172,1
11720,1
11721,1
11722,1
11723,1
11724,1
11725,1
11726,1
11727,1
11728,1
11729,1
1173,1
11730,1
11731,1
11732,1
11733,0
11734,1
11735,1
11736,1
11737,1
11738,1
11739,1
1174,1
11740,1
11741,1
11742,1
11743,1
11744,1
11745,1
11746,1
11747,1
11748,1
11749,1
1175,1
11750,1
11751,1
11752,1
11753,1
11754,1
11755,1
11756,1
11757,1
11758,1
11759,1
1176,1
11760,1
11761,0
11762,1
11763,1
11764,1
11765,1
11766,1
11767,1
11768,1
11769,1
1177,1
11770,1
11771,1
11772,1
11773,1
11774,1
11775,1
11776,1
11777,1
11778,1
11779,1
1178,1
11780,1
11781,1
11782,1
11783,1
11784,1
11785,1
11786,1
11787,1
11788,1
11789,1
1179,1
11790,1
11791,1
11792,1
11793,1
11794,1
11795,1
11796,1
11797,1
11798,1
11799,1
118,1
1180,1
11800,1
11801,1
11802,1
11803,1
11804,1
11805,1
11806,1
11807,1
11808,1
11809,1
1181,1
11810,1
11811,1
11812,1
11813,1
11814,1
11815,1
11816,1
11817,1
11818,1
11819,1
1182,1
11820,1
11821,1
11822,0
11823,1
11824,1
11825,1
11826,1
11827,1
11828,1
11829,1
1183,1
11830,1
11831,1
11832,1
11833,1
11834,1
11835,1
11836,0
11837,1
11838,1
11839,1
1184,1
11840,1
11841,1
11842,1
11843,1
11844,1
11845,1
11846,1
11847,1
11848,1
11849,1
1185,0
11850,1
11851,1
11852,1
11853,1
11854,1
11855,1
11856,1
11857,1
11858,1
11859,1
1186,1
11860,1
11861,1
11862,1
11863,1
11864,1
11865,1
11866,1
11867,1
11868,1
11869,1
1187,1
11870,1
11871,1
11872,1
11873,1
11874,1
11875,1
11876,1
11877,1
11878,1
11879,1
1188,1
11880,1
11881,1
11882,1
11883,1
11884,1
11885,1
11886,1
11887,1
11888,1
11889,0
1189,1
11890,1
11891,1
11892,1
11893,1
11894,1
11895,1
11896,1
11897,1
11898,1
11899,1
119,1
1190,0
11900,1
11901,1
11902,1
11903,1
11904,1
11905,1
11906,1
11907,1
11908,1
11909,1
1191,1
11910,1
11911,1
11912,1
11913,1
11914,1
11915,1
11916,1
11917,1
11918,1
11919,1
1192,1
11920,1
11921,1
11922,1
11923,1
11924,1
11925,1
11926,1
11927,1
11928,1
11929,1
1193,1
11930,1
11931,1
11932,1
11933,1
11934,1
11935,1
11936,1
11937,1
11938,1
11939,1
1194,1
11940,1
11941,1
11942,1
11943,1
11944,1
11945,1
11946,1
11947,1
11948,1
11949,1
1195,1
11950,1
11951,1
11952,1
11953,0
11954,1
11955,1
11956,0
11957,1
11958,1
11959,1
1196,1
11960,1
11961,1
11962,1
11963,1
11964,1
11965,1
11966,1
11967,1
11968,1
11969,1
1197,1
11970,0
11971,1
11972,1
11973,1
11974,1
11975,1
11976,1
11977,1
11978,1
11979,1
1198,1
11980,1
11981,1
11982,1
11983,1
11984,1
11985,1
11986,1
11987,1
11988,1
11989,1
1199,1
11990,1
11991,1
11992,1
11993,1
11994,1
11995,1
11996,1
11997,1
11998,1
11999,1
12,0
120,1
1200,1
12000,1
12001,1
12002,1
12003,1
12004,1
12005,1
12006,1
12007,1
12008,1
12009,1
1201,1
12010,1
12011,1
12012,1
12013,1
12014,1
12015,1
12016,1
12017,1
12018,1
12019,1
1202,1
12020,1
12021,1
12022,1
12023,1
12024,1
12025,1
12026,1
12027,1
12028,1
12029,1
1203,1
12030,1
12031,1
12032,1
12033,1
12034,1
12035,1
12036,0
12037,1
12038,1
12039,1
1204,1
12040,1
12041,1
12042,1
12043,1
12044,1
12045,1
12046,1
12047,1
12048,1
12049,1
1205,1
12050,1
12051,1
12052,1
12053,1
12054,1
12055,1
12056,1
12057,1
12058,1
12059,1
1206,1
12060,1
12061,1
12062,1
12063,1
12064,1
12065,1
12066,1
12067,1
12068,1
12069,1
1207,1
12070,1
12071,1
12072,1
12073,1
12074,1
12075,1
12076,1
12077,1
12078,1
12079,1
1208,1
12080,1
12081,1
12082,1
12083,1
12084,1
12085,1
12086,1
12087,1
12088,1
12089,1
1209,1
12090,1
12091,1
12092,1
12093,1
12094,1
12095,1
12096,1
12097,1
12098,1
12099,1
121,1
1210,1
12100,1
12101,1
12102,1
12103,1
12104,1
12105,1
12106,1
12107,1
12108,1
12109,1
1211,1
12110,1
12111,1
12112,1
12113,1
12114,1
12115,1
12116,1
12117,1
12118,1
12119,1
1212,1
12120,1
12121,1
12122,1
12123,1
12124,1
12125,1
12126,1
12127,1
12128,1
12129,1
1213,1
12130,1
12131,1
12132,1
12133,1
12134,1
12135,1
12136,1
12137,1
12138,1
12139,1
1214,1
12140,1
12141,1
12142,1
12143,1
12144,1
12145,1
12146,1
12147,1
12148,1
12149,1
1215,1
12150,1
12151,1
12152,1
12153,1
12154,1
12155,1
12156,1
12157,1
12158,1
12159,1
1216,1
12160,1
12161,1
12162,1
12163,1
12164,1
12165,1
12166,1
12167,1
12168,1
12169,1
1217,0
12170,1
12171,1
12172,1
12173,1
12174,1
12175,1
12176,0
12177,1
12178,1
12179,1
1218,1
12180,1
12181,1
12182,1
12183,1
12184,1
12185,1
12186,1
12187,1
12188,1
12189,1
1219,1
12190,1
12191,1
12192,1
12193,1
12194,1
12195,1
12196,0
12197,1
12198,1
12199,1
122,1
1220,1
12200,1
12201,1
12202,1
12203,1
12204,1
12205,1
12206,1
12207,1
12208,1
12209,1
1221,1
12210,1
12211,1
12212,1
12213,1
12214,1
12215,1
12216,1
12217,1
12218,1
12219,1
1222,1
12220,1
12221,1
12222,1
12223,1
12224,1
12225,1
12226,1
12227,1
12228,1
12229,1
1223,1
12230,1
12231,1
12232,1
12233,0
12234,1
12235,1
12236,1
12237,1
12238,1
12239,1
1224,1
12240,1
12241,1
12242,1
12243,1
12244,1
12245,1
12246,1
12247,1
12248,1
12249,1
1225,1
12250,1
12251,1
12252,1
12253,1
12254,1
12255,1
12256,1
12257,1
12258,1
12259,1
1226,1
12260,1
12261,1
12262,1
12263,1
12264,1
12265,1
12266,1
12267,1
12268,1
12269,1
1227,1
12270,1
12271,1
12272,1
12273,1
12274,1
12275,1
12276,1
12277,1
12278,1
12279,1
1228,1
12280,1
12281,1
12282,1
12283,1
12284,1
12285,1
12286,1
12287,1
12288,1
12289,1
1229,1
12290,1
12291,1
12292,1
12293,1
12294,1
12295,1
12296,1
12297,1
12298,1
12299,1
123,1
1230,1
12300,1
12301,1
12302,1
12303,1
12304,1
12305,1
12306,1
12307,1
12308,1
12309,1
1231,1
12310,1
12311,0
12312,1
12313,1
12314,1
12315,1
12316,1
12317,1
12318,1
12319,1
1232,1
12320,1
12321,1
12322,1
12323,1
12324,1
12325,1
12326,1
12327,1
12328,1
12329,1
1233,1
12330,1
12331,1
12332,1
12333,1
12334,1
12335,1
12336,1
12337,1
12338,1
12339,1
1234,1
12340,1
12341,1
12342,1
12343,1
12344,1
12345,1
12346,1
12347,1
12348,1
12349,1
1235,1
12350,1
12351,1
12352,1
12353,1
12354,1
12355,1
12356,1
12357,1
12358,1
12359,1
1236,1
12360,1
12361,1
12362,1
12363,1
12364,1
12365,1
12366,1
12367,1
12368,1
12369,1
1237,1
12370,1
12371,1
12372,1
12373,1
12374,1
12375,1
12376,1
12377,1
12378,1
12379,1
1238,1
12380,1
12381,1
12382,1
12383,1
12384,1
12385,1
12386,1
12387,1
12388,1
12389,1
1239,1
12390,1
12391,1
12392,1
12393,1
12394,1
12395,1
12396,1
12397,1
12398,1
12399,1
124,1
1240,1
12400,1
12401,1
12402,1
12403,1
12404,1
12405,1
12406,1
12407,1
12408,1
12409,1
1241,0
12410,1
12411,1
12412,1
12413,1
12414,1
12415,1
12416,1
12417,1
12418,1
12419,1
1242,1
12420,1
12421,1
12422,1
12423,1
12424,1
12425,1
12426,1
12427,1
12428,1
12429,1
1243,1
12430,1
12431,1
12432,1
12433,1
12434,1
12435,1
12436,1
12437,1
12438,1
12439,1
1244,1
12440,1
12441,1
12442,1
12443,1
12444,1
12445,1
12446,1
12447,1
12448,1
12449,1
1245,1
12450,1
12451,1
12452,1
12453,1
12454,1
12455,1
12456,1
12457,1
12458,1
12459,1
1246,1
12460,1
12461,1
12462,1
12463,1
12464,1
12465,1
12466,1
12467,1
12468,1
12469,1
1247,0
12470,1
12471,1
12472,1
12473,1
12474,1
12475,1
12476,1
12477,1
12478,1
12479,1
1248,1
12480,1
12481,1
12482,1
12483,1
12484,1
12485,1
12486,1
12487,1
12488,0
12489,1
1249,1
12490,1
12491,1
12492,1
12493,1
12494,1
12495,1
12496,1
12497,1
12498,1
12499,1
125,1
1250,1
12500,1
12501,1
12502,1
12503,1
12504,1
12505,1
12506,1
12507,1
12508,1
12509,1
1251,1
12510,1
12511,1
12512,1
12513,1
12514,1
12515,1
12516,1
12517,1
12518,1
12519,1
1252,1
12520,1
12521,1
12522,1
12523,1
12524,1
12525,1
12526,1
12527,1
12528,1
12529,1
1253,1
12530,1
12531,1
12532,1
12533,1
12534,0
12535,1
12536,1
12537,1
12538,1
12539,1
1254,1
12540,1
12541,1
12542,1
12543,1
12544,1
12545,1
12546,1
12547,1
12548,1
12549,1
1255,1
12550,1
12551,1
12552,1
12553,1
12554,1
12555,1
12556,1
12557,1
12558,1
12559,1
1256,1
12560,1
12561,1
12562,1
12563,1
12564,1
12565,1
12566,1
12567,1
12568,1
12569,0
1257,1
12570,1
12571,1
12572,1
12573,1
12574,1
12575,1
12576,1
12577,1
12578,1
12579,1
1258,1
12580,1
12581,1
12582,0
12583,1
12584,1
12585,1
12586,1
12587,1
12588,0
12589,1
1259,1
12590,1
12591,1
12592,1
12593,1
12594,1
12595,1
12596,1
12597,1
12598,1
12599,1
126,1
1260,1
12600,1
12601,1
12602,1
12603,1
12604,1
12605,1
12606,1
12607,1
12608,1
12609,1
1261,1
12610,1
12611,1
12612,1
12613,1
12614,1
12615,1
12616,1
12617,1
12618,1
12619,1
1262,1
12620,1
12621,1
12622,1
12623,1
12624,1
12625,1
12626,1
12627,1
12628,1
12629,1
1263,1
12630,1
12631,1
12632,1
12633,1
12634,1
12635,1
12636,1
12637,1
12638,1
12639,0
1264,1
12640,1
12641,1
12642,1
12643,1
12644,1
12645,1
12646,1
12647,1
12648,1
12649,1
1265,1
12650,1
12651,1
12652,1
12653,1
12654,1
12655,1
12656,1
12657,1
12658,1
12659,1
1266,1
12660,1
12661,1
12662,1
12663,1
12664,1
12665,1
12666,1
12667,1
12668,1
12669,1
1267,1
12670,1
12671,1
12672,1
12673,1
12674,1
12675,1
12676,0
12677,1
12678,1
12679,1
1268,1
12680,1
12681,1
12682,1
12683,1
12684,1
12685,1
12686,1
12687,1
12688,1
12689,1
1269,1
12690,1
12691,1
12692,1
12693,1
12694,1
12695,1
12696,1
12697,1
12698,1
12699,1
127,1
1270,1
12700,1
12701,1
12702,1
12703,1
12704,1
12705,1
12706,1
12707,1
12708,1
12709,1
1271,1
12710,1
12711,1
12712,1
12713,1
12714,1
12715,1
12716,1
12717,1
12718,1
12719,1
1272,1
12720,1
12721,1
12722,1
12723,1
12724,1
12725,1
12726,1
12727,1
12728,1
12729,1
1273,1
12730,1
12731,1
12732,1
12733,1
12734,1
12735,1
12736,1
12737,1
12738,1
12739,1
1274,1
12740,1
12741,1
12742,1
12743,1
12744,1
12745,1
12746,1
12747,1
12748,1
12749,1
1275,1
12750,1
12751,1
12752,1
12753,1
12754,1
12755,1
12756,1
12757,1
12758,1
12759,1
1276,1
12760,1
12761,1
12762,1
12763,1
12764,1
12765,1
12766,1
12767,0
12768,1
12769,1
1277,1
12770,1
12771,1
12772,1
12773,1
12774,1
12775,1
12776,1
12777,1
12778,1
12779,1
1278,1
12780,1
12781,1
12782,1
12783,1
12784,1
12785,1
12786,1
12787,1
12788,1
12789,1
1279,1
12790,1
12791,1
12792,1
12793,1
12794,1
12795,1
12796,1
12797,1
12798,1
12799,1
128,1
1280,1
12800,1
12801,1
12802,1
12803,1
12804,1
12805,1
12806,1
12807,1
12808,1
12809,1
1281,1
12810,1
12811,1
12812,1
12813,1
12814,1
12815,1
12816,1
12817,1
12818,1
12819,1
1282,1
12820,1
12821,1
12822,1
12823,1
12824,1
12825,1
12826,1
12827,1
12828,1
12829,1
1283,1
12830,1
12831,1
12832,1
12833,1
12834,1
12835,1
12836,1
12837,1
12838,1
12839,1
1284,1
12840,1
12841,1
12842,1
12843,1
12844,1
12845,1
12846,1
12847,1
12848,1
12849,1
1285,1
12850,1
12851,1
12852,1
12853,1
12854,1
12855,1
12856,1
12857,1
12858,1
12859,1
1286,1
12860,1
12861,1
12862,1
12863,1
12864,1
12865,1
12866,1
12867,1
12868,1
12869,1
1287,1
12870,1
12871,1
12872,1
12873,1
12874,1
12875,1
12876,1
12877,1
12878,1
12879,1
1288,1
12880,1
12881,1
12882,1
12883,1
12884,1
12885,1
12886,1
12887,1
12888,1
12889,1
1289,1
12890,1
12891,1
12892,1
12893,1
12894,1
12895,1
12896,1
12897,1
12898,1
12899,1
129,1
1290,1
12900,1
12901,1
12902,1
12903,1
12904,1
12905,1
12906,1
12907,1
12908,1
12909,1
1291,1
12910,1
12911,1
12912,1
12913,1
12914,1
12915,1
12916,1
12917,1
12918,1
12919,1
1292,1
12920,1
12921,1
12922,1
12923,1
12924,1
12925,1
12926,1
12927,1
12928,1
12929,1
1293,1
12930,1
12931,1
12932,1
12933,1
12934,1
12935,1
12936,1
12937,1
12938,1
12939,1
1294,1
12940,1
12941,1
12942,1
12943,1
12944,1
12945,1
12946,1
12947,1
12948,1
12949,1
1295,1
12950,1
12951,1
12952,1
12953,1
12954,1
12955,1
12956,1
12957,1
12958,1
12959,1
1296,1
12960,1
12961,1
12962,1
12963,1
12964,1
12965,1
12966,1
12967,1
12968,1
12969,1
1297,1
12970,1
12971,1
12972,1
12973,1
12974,1
12975,1
12976,1
12977,1
12978,1
12979,1
1298,1
12980,1
12981,1
12982,1
12983,1
12984,1
12985,0
12986,1
12987,1
12988,1
12989,1
1299,1
12990,1
12991,1
12992,1
12993,1
12994,1
12995,1
12996,1
12997,1
12998,1
12999,1
13,1
130,1
1300,1
13000,1
13001,1
13002,1
13003,1
13004,1
13005,1
13006,1
13007,1
13008,1
13009,1
1301,1
13010,1
13011,1
13012,1
13013,1
13014,1
13015,1
13016,1
13017,1
13018,1
13019,1
1302,1
13020,1
13021,1
13022,1
13023,1
13024,1
13025,1
13026,1
13027,1
13028,1
13029,1
1303,1
13030,1
13031,1
13032,1
13033,1
13034,1
13035,1
13036,1
13037,1
13038,1
13039,1
1304,1
13040,1
13041,1
13042,1
13043,1
13044,1
13045,1
13046,1
13047,1
13048,1
13049,1
1305,1
13050,1
13051,1
13052,1
13053,1
13054,1
13055,1
13056,1
13057,1
13058,1
13059,1
1306,1
13060,1
13061,1
13062,1
13063,1
13064,1
13065,1
13066,1
13067,1
13068,1
13069,1
1307,1
13070,1
13071,1
13072,1
13073,1
13074,1
13075,1
13076,1
13077,1
13078,1
13079,1
1308,1
13080,1
13081,1
13082,1
13083,1
13084,1
13085,1
13086,1
13087,1
13088,1
13089,1
1309,1
13090,1
13091,1
13092,1
13093,1
13094,1
13095,1
13096,1
13097,1
13098,1
13099,1
131,1
1310,1
13100,1
13101,1
13102,1
13103,1
13104,1
13105,1
13106,1
13107,1
13108,1
13109,1
1311,1
13110,1
13111,1
13112,1
13113,1
13114,1
13115,1
13116,1
13117,1
13118,1
13119,1
1312,1
13120,1
13121,1
13122,1
13123,1
13124,1
13125,1
13126,1
13127,1
13128,1
13129,1
1313,1
13130,1
13131,1
13132,1
13133,0
13134,1
13135,1
13136,1
13137,1
13138,1
13139,1
1314,1
13140,1
13141,1
13142,1
13143,1
13144,1
13145,0
13146,1
13147,1
13148,1
13149,1
1315,1
13150,1
13151,1
13152,1
13153,1
13154,1
13155,1
13156,1
13157,1
13158,1
13159,1
1316,1
13160,1
13161,1
13162,1
13163,1
13164,1
13165,1
13166,1
13167,1
13168,1
13169,1
1317,1
13170,1
13171,1
13172,1
13173,1
13174,1
13175,1
13176,1
13177,1
13178,1
13179,1
1318,0
13180,1
13181,1
13182,1
13183,1
13184,1
13185,1
13186,1
13187,1
13188,1
13189,1
1319,1
13190,1
13191,1
13192,1
13193,1
13194,1
13195,1
13196,1
13197,1
13198,1
13199,1
132,1
1320,1
13200,1
13201,1
13202,1
13203,1
13204,1
13205,1
13206,1
13207,1
13208,1
13209,1
1321,1
13210,1
13211,1
13212,1
13213,1
13214,1
13215,1
13216,1
13217,1
13218,1
13219,0
1322,0
13220,1
13221,1
13222,1
13223,1
13224,1
13225,1
13226,1
13227,1
13228,1
13229,1
1323,1
13230,1
13231,1
13232,1
13233,1
13234,1
13235,1
13236,1
13237,1
13238,1
13239,1
1324,1
13240,1
13241,1
13242,1
13243,1
13244,1
13245,1
13246,1
13247,1
13248,1
13249,1
1325,1
13250,1
13251,1
13252,1
13253,1
13254,1
13255,1
13256,1
13257,1
13258,1
13259,1
1326,1
13260,1
13261,1
13262,0
13263,1
13264,1
13265,1
13266,1
13267,1
13268,1
13269,1
1327,1
13270,1
13271,1
13272,1
13273,1
13274,1
13275,1
13276,1
13277,1
13278,1
13279,0
1328,1
13280,1
13281,1
13282,1
13283,1
13284,1
13285,1
13286,1
13287,1
13288,1
13289,1
1329,1
13290,1
13291,1
13292,1
13293,1
13294,1
13295,1
13296,1
13297,1
13298,1
13299,1
133,1
1330,1
13300,1
13301,1
13302,1
13303,1
13304,1
13305,1
13306,1
13307,1
13308,1
13309,1
1331,1
13310,1
13311,1
13312,1
13313,0
13314,1
13315,1
13316,1
13317,1
13318,1
13319,1
1332,1
13320,1
13321,1
13322,1
13323,1
13324,1
13325,0
13326,1
13327,1
13328,1
13329,1
1333,1
13330,1
13331,1
13332,1
13333,1
13334,1
13335,1
13336,1
13337,1
13338,1
13339,1
1334,1
13340,1
13341,1
13342,1
13343,1
13344,1
13345,1
13346,1
13347,1
13348,1
13349,1
1335,1
13350,1
13351,1
13352,1
13353,1
13354,1
13355,1
13356,1
13357,1
13358,1
13359,1
1336,1
13360,1
13361,1
13362,1
13363,1
13364,1
13365,1
13366,1
13367,1
13368,0
13369,1
1337,1
13370,1
13371,1
13372,1
13373,1
13374,1
13375,1
13376,1
13377,1
13378,1
13379,1
1338,1
13380,1
13381,1
13382,1
13383,1
13384,1
13385,1
13386,1
13387,1
13388,1
13389,1
1339,1
13390,1
13391,1
13392,1
13393,1
13394,1
13395,1
13396,1
13397,1
13398,1
13399,1
134,1
1340,1
13400,1
13401,1
13402,1
13403,1
13404,1
13405,1
13406,1
13407,1
13408,0
13409,1
1341,1
13410,1
13411,1
13412,1
13413,1
13414,1
13415,1
13416,1
13417,1
13418,1
13419,1
1342,1
13420,1
13421,1
13422,1
13423,1
13424,1
13425,1
13426,1
13427,1
13428,1
13429,1
1343,1
13430,1
13431,1
13432,1
13433,1
13434,1
13435,1
13436,1
13437,1
13438,1
13439,1
1344,1
13440,1
13441,1
13442,1
13443,1
13444,1
13445,1
13446,1
13447,1
13448,1
13449,1
1345,0
13450,1
13451,1
13452,1
13453,1
13454,1
13455,1
13456,1
13457,1
13458,1
13459,1
1346,1
13460,1
13461,1
13462,1
13463,1
13464,1
13465,1
13466,1
13467,1
13468,1
13469,1
1347,1
13470,1
13471,1
13472,1
13473,1
13474,1
13475,1
13476,1
13477,1
13478,1
13479,1
1348,1
13480,1
13481,1
13482,1
13483,1
13484,1
13485,1
13486,1
13487,1
13488,1
13489,1
1349,1
13490,1
13491,1
13492,1
13493,1
13494,1
13495,1
13496,1
13497,1
13498,1
13499,1
135,1
1350,1
13500,1
13501,1
13502,0
13503,1
13504,1
13505,1
13506,1
13507,1
13508,1
13509,1
1351,1
13510,1
13511,1
13512,1
13513,1
13514,1
13515,1
13516,1
13517,1
13518,1
13519,1
1352,1
13520,1
13521,1
13522,1
13523,1
13524,1
13525,1
13526,1
13527,1
13528,1
13529,1
1353,1
13530,1
13531,1
13532,1
13533,1
13534,1
13535,1
13536,1
13537,1
13538,1
13539,1
1354,1
13540,1
13541,1
13542,1
13543,1
13544,1
13545,1
13546,1
13547,1
13548,1
13549,1
1355,1
13550,1
13551,0
13552,1
13553,1
13554,1
13555,1
13556,1
13557,1
13558,1
13559,1
1356,1
13560,1
13561,1
13562,1
13563,1
13564,1
13565,1
13566,1
13567,1
13568,1
13569,1
1357,1
13570,0
13571,1
13572,1
13573,1
13574,1
13575,1
13576,1
13577,1
13578,1
13579,1
1358,1
13580,1
13581,1
13582,1
13583,1
13584,1
13585,1
13586,1
13587,1
13588,1
13589,1
1359,1
13590,1
13591,1
13592,1
13593,1
13594,1
13595,1
13596,1
13597,1
13598,1
13599,1
136,1
1360,1
13600,1
13601,1
13602,1
13603,1
13604,1
13605,1
13606,1
13607,1
13608,1
13609,1
1361,1
13610,1
13611,1
13612,1
13613,1
13614,1
13615,1
13616,1
13617,1
13618,1
13619,1
1362,1
13620,1
13621,1
13622,1
13623,1
13624,1
13625,1
13626,1
13627,1
13628,1
13629,1
1363,1
13630,1
13631,1
13632,1
13633,1
13634,1
13635,1
13636,1
13637,1
13638,1
13639,1
1364,1
13640,0
13641,1
13642,1
13643,1
13644,1
13645,1
13646,1
13647,1
13648,1
13649,1
1365,1
13650,1
13651,1
13652,1
13653,1
13654,1
13655,1
13656,1
13657,1
13658,1
13659,1
1366,1
13660,1
13661,1
13662,1
13663,1
13664,1
13665,1
13666,1
13667,1
13668,1
13669,1
1367,1
13670,1
13671,1
13672,1
13673,1
13674,1
13675,1
13676,0
13677,1
13678,1
13679,1
1368,1
13680,1
13681,1
13682,1
13683,1
13684,1
13685,1
13686,1
13687,1
13688,1
13689,0
1369,1
13690,1
13691,1
13692,0
13693,1
13694,1
13695,1
13696,1
13697,1
13698,1
13699,1
137,1
1370,1
13700,1
13701,1
13702,1
13703,1
13704,1
13705,1
13706,1
13707,1
13708,1
13709,1
1371,1
13710,1
13711,1
13712,1
13713,1
13714,1
13715,1
13716,1
13717,1
13718,1
13719,1
1372,1
13720,1
13721,1
13722,1
13723,1
13724,1
13725,1
13726,1
13727,1
13728,1
13729,1
1373,1
13730,1
13731,1
13732,1
13733,1
13734,1
13735,1
13736,1
13737,1
13738,1
13739,1
1374,1
13740,1
13741,1
13742,1
13743,1
13744,1
13745,1
13746,1
13747,1
13748,1
13749,1
1375,1
13750,1
13751,1
13752,1
13753,1
13754,1
13755,1
13756,1
13757,1
13758,1
13759,1
1376,1
13760,1
13761,1
13762,1
13763,1
13764,1
13765,1
13766,1
13767,1
13768,1
13769,1
1377,1
13770,1
13771,1
13772,1
13773,1
13774,1
13775,1
13776,1
13777,1
13778,1
13779,1
1378,1
13780,1
13781,1
13782,0
13783,1
13784,1
13785,1
13786,1
13787,1
13788,1
13789,1
1379,1
13790,1
13791,1
13792,1
13793,1
13794,1
13795,1
13796,1
13797,1
13798,1
13799,1
138,1
1380,1
13800,1
13801,1
13802,1
13803,1
13804,1
13805,1
13806,1
13807,1
13808,1
13809,1
1381,1
13810,1
13811,1
13812,1
13813,1
13814,1
13815,1
13816,1
13817,1
13818,1
13819,1
1382,1
13820,1
13821,1
13822,1
13823,1
13824,1
13825,1
13826,1
13827,1
13828,1
13829,1
1383,1
13830,1
13831,1
13832,1
13833,1
13834,1
13835,1
13836,1
13837,1
13838,1
13839,1
1384,1
13840,1
13841,1
13842,1
13843,1
13844,1
13845,1
13846,1
13847,1
13848,1
13849,1
1385,1
13850,1
13851,1
13852,1
13853,1
13854,1
13855,1
13856,1
13857,1
13858,1
13859,1
1386,1
13860,1
13861,1
13862,1
13863,1
13864,1
13865,1
13866,1
13867,1
13868,1
13869,1
1387,1
13870,1
13871,1
13872,1
13873,1
13874,1
13875,1
13876,1
13877,1
13878,1
13879,1
1388,0
13880,1
13881,1
13882,1
13883,1
13884,1
13885,1
13886,1
13887,1
13888,1
13889,1
1389,1
13890,1
13891,1
13892,1
13893,1
13894,1
13895,1
13896,1
13897,1
13898,1
13899,1
139,1
1390,1
13900,1
13901,1
13902,1
13903,1
13904,1
13905,1
13906,1
13907,1
13908,1
13909,1
1391,1
13910,1
13911,1
13912,1
13913,1
13914,1
13915,1
13916,1
13917,1
13918,1
13919,1
1392,1
13920,1
13921,1
13922,1
13923,1
13924,1
13925,1
13926,1
13927,1
13928,1
13929,1
1393,1
13930,1
13931,1
13932,1
13933,1
13934,1
13935,1
13936,1
13937,1
13938,1
13939,1
1394,1
13940,1
13941,1
13942,1
13943,1
13944,1
13945,1
13946,1
13947,1
13948,1
13949,1
1395,1
13950,1
13951,1
13952,1
13953,1
13954,1
13955,1
13956,1
13957,1
13958,1
13959,1
1396,1
13960,1
13961,1
13962,1
13963,1
13964,1
13965,1
13966,1
13967,1
13968,1
13969,1
1397,1
13970,1
13971,1
13972,1
13973,1
13974,1
13975,1
13976,1
13977,1
13978,1
13979,1
1398,1
13980,1
13981,1
13982,1
13983,1
13984,1
13985,1
13986,1
13987,1
13988,1
13989,1
1399,1
13990,1
13991,1
13992,1
13993,1
13994,1
13995,1
13996,0
13997,1
13998,1
13999,1
14,0
140,1
1400,1
14000,1
14001,1
14002,1
14003,1
14004,1
14005,1
14006,1
14007,1
14008,1
14009,1
1401,1
14010,1
14011,1
14012,1
14013,1
14014,1
14015,1
14016,1
14017,1
14018,1
14019,1
1402,1
14020,1
14021,1
14022,1
14023,1
14024,1
14025,1
14026,1
14027,1
14028,1
14029,1
1403,1
14030,1
14031,1
14032,1
14033,1
14034,1
14035,1
14036,1
14037,1
14038,1
14039,1
1404,1
14040,1
14041,1
14042,1
14043,1
14044,1
14045,1
14046,1
14047,1
14048,1
14049,1
1405,1
14050,1
14051,1
14052,0
14053,1
14054,0
14055,1
14056,1
14057,1
14058,1
14059,1
1406,1
14060,1
14061,1
14062,1
14063,1
14064,1
14065,1
14066,1
14067,1
14068,1
14069,1
1407,1
14070,1
14071,1
14072,1
14073,1
14074,1
14075,1
14076,1
14077,1
14078,1
14079,1
1408,1
14080,1
14081,1
14082,1
14083,1
14084,1
14085,1
14086,1
14087,1
14088,1
14089,1
1409,1
14090,1
14091,1
14092,1
14093,1
14094,1
14095,1
14096,1
14097,1
14098,1
14099,1
141,1
1410,1
14100,1
14101,0
14102,1
14103,1
14104,1
14105,1
14106,1
14107,1
14108,0
14109,1
1411,1
14110,1
14111,1
14112,1
14113,1
14114,1
14115,1
14116,1
14117,1
14118,1
14119,1
1412,0
14120,1
14121,1
14122,1
14123,1
14124,1
14125,1
14126,1
14127,1
14128,1
14129,1
1413,1
14130,1
14131,1
14132,1
14133,1
14134,1
14135,1
14136,1
14137,1
14138,1
14139,1
1414,1
14140,1
14141,1
14142,1
14143,1
14144,1
14145,1
14146,1
14147,1
14148,0
14149,1
1415,1
14150,1
14151,1
14152,1
14153,1
14154,1
14155,1
14156,1
14157,1
14158,1
14159,1
1416,1
14160,1
14161,1
14162,1
14163,1
14164,1
14165,1
14166,1
14167,1
14168,1
14169,1
1417,1
14170,1
14171,1
14172,1
14173,1
14174,1
14175,1
14176,1
14177,1
14178,1
14179,1
1418,1
14180,1
14181,1
14182,1
14183,1
14184,1
14185,1
14186,1
14187,1
14188,1
14189,1
1419,1
14190,1
14191,1
14192,1
14193,1
14194,1
14195,1
14196,1
14197,1
14198,1
14199,1
142,1
1420,1
14200,1
14201,1
14202,1
14203,1
14204,0
14205,1
14206,1
14207,1
14208,1
14209,1
1421,1
14210,1
14211,1
14212,1
14213,1
14214,1
14215,1
14216,1
14217,1
14218,0
14219,1
1422,1
14220,1
14221,1
14222,1
14223,1
14224,1
14225,1
14226,1
14227,1
14228,1
14229,1
1423,1
14230,1
14231,1
14232,1
14233,1
14234,1
14235,1
14236,1
14237,1
14238,1
14239,1
1424,1
14240,1
14241,1
14242,1
14243,1
14244,1
14245,1
14246,1
14247,1
14248,1
14249,0
1425,1
14250,1
14251,1
14252,1
14253,1
14254,1
14255,1
14256,1
14257,1
14258,1
14259,1
1426,1
14260,1
14261,1
14262,1
14263,1
14264,1
14265,1
14266,1
14267,1
14268,1
14269,1
1427,1
14270,1
14271,1
14272,1
14273,1
14274,1
14275,0
14276,1
14277,1
14278,1
14279,1
1428,0
14280,1
14281,1
14282,1
14283,1
14284,1
14285,1
14286,1
14287,1
14288,1
14289,1
1429,1
14290,1
14291,1
14292,1
14293,1
14294,1
14295,1
14296,1
14297,1
14298,1
14299,1
143,1
1430,1
14300,1
14301,1
14302,1
14303,1
14304,1
14305,1
14306,1
14307,1
14308,1
14309,1
1431,1
14310,1
14311,1
14312,1
14313,1
14314,1
14315,1
14316,1
14317,1
14318,1
14319,1
1432,1
14320,1
14321,1
14322,1
14323,1
14324,1
14325,1
14326,1
14327,1
14328,1
14329,1
1433,1
14330,1
14331,1
14332,1
14333,1
14334,1
14335,1
14336,1
14337,1
14338,1
14339,1
1434,1
14340,1
14341,1
14342,1
14343,1
14344,1
14345,1
14346,1
14347,1
14348,1
14349,1
1435,1
14350,1
14351,1
14352,1
14353,1
14354,1
14355,1
14356,1
14357,1
14358,1
14359,1
1436,1
14360,1
14361,1
14362,1
14363,1
14364,1
14365,1
14366,1
14367,1
14368,1
14369,0
1437,1
14370,1
14371,1
14372,1
14373,1
14374,1
14375,1
14376,1
14377,1
14378,1
14379,1
1438,1
14380,1
14381,1
14382,1
14383,1
14384,1
14385,1
14386,1
14387,1
14388,1
14389,0
1439,1
14390,1
14391,1
14392,1
14393,1
14394,1
14395,1
14396,1
14397,1
14398,1
14399,1
144,1
1440,1
14400,1
14401,1
14402,1
14403,1
14404,1
14405,1
14406,1
14407,1
14408,1
14409,1
1441,1
14410,1
14411,1
14412,1
14413,1
14414,1
14415,1
14416,1
14417,1
14418,1
14419,1
1442,1
14420,1
14421,1
14422,1
14423,1
14424,1
14425,1
14426,1
14427,1
14428,1
14429,1
1443,1
14430,1
14431,1
14432,1
14433,1
14434,1
14435,1
14436,1
14437,1
14438,1
14439,1
1444,1
14440,1
14441,1
14442,0
14443,1
14444,1
14445,1
14446,1
14447,1
14448,1
14449,1
1445,1
14450,1
14451,1
14452,1
14453,1
14454,1
14455,1
14456,1
14457,1
14458,1
14459,1
1446,0
14460,1
14461,1
14462,1
14463,1
14464,1
14465,1
14466,1
14467,1
14468,1
14469,1
1447,1
14470,1
14471,1
14472,1
14473,1
14474,1
14475,1
14476,1
14477,1
14478,1
14479,1
1448,1
14480,1
14481,1
14482,1
14483,1
14484,1
14485,1
14486,1
14487,1
14488,1
14489,1
1449,1
14490,1
14491,1
14492,1
14493,1
14494,1
14495,1
14496,1
14497,1
14498,1
14499,1
145,1
1450,1
14500,1
14501,1
14502,1
14503,1
14504,1
14505,1
14506,1
14507,1
14508,1
14509,1
1451,1
14510,1
14511,1
14512,1
14513,1
14514,1
14515,1
14516,1
14517,1
14518,1
14519,1
1452,1
14520,1
14521,1
14522,1
14523,1
14524,1
14525,1
14526,1
14527,1
14528,1
14529,1
1453,1
14530,1
14531,1
14532,1
14533,1
14534,1
14535,1
14536,1
14537,1
14538,1
14539,1
1454,1
14540,0
14541,1
14542,1
14543,1
14544,1
14545,1
14546,1
14547,1
14548,1
14549,1
1455,1
14550,1
14551,1
14552,1
14553,1
14554,1
14555,1
14556,1
14557,1
14558,1
14559,1
1456,1
14560,1
14561,1
14562,1
14563,1
14564,1
14565,0
14566,1
14567,1
14568,1
14569,1
1457,1
14570,1
14571,1
14572,1
14573,1
14574,1
14575,1
14576,1
14577,1
14578,1
14579,1
1458,1
14580,1
14581,1
14582,1
14583,1
14584,1
14585,1
14586,1
14587,1
14588,1
14589,1
1459,1
14590,1
14591,1
14592,1
14593,1
14594,1
14595,1
14596,1
14597,1
14598,1
14599,1
146,1
1460,1
14600,1
14601,1
14602,1
14603,1
14604,1
14605,1
14606,1
14607,1
14608,1
14609,1
1461,1
14610,1
14611,1
14612,1
14613,1
14614,1
14615,1
14616,1
14617,1
14618,1
14619,1
1462,1
14620,1
14621,1
14622,1
14623,1
14624,1
14625,1
14626,1
14627,1
14628,1
14629,1
1463,1
14630,1
14631,1
14632,1
14633,1
14634,1
14635,1
14636,1
14637,1
14638,1
14639,1
1464,1
14640,1
14641,1
14642,1
14643,1
14644,1
14645,1
14646,1
14647,1
14648,1
14649,1
1465,1
14650,1
14651,1
14652,1
14653,1
14654,0
14655,1
14656,1
14657,1
14658,1
14659,1
1466,1
14660,1
14661,1
14662,1
14663,1
14664,1
14665,1
14666,1
14667,1
14668,1
14669,1
1467,1
14670,1
14671,1
14672,1
14673,1
14674,1
14675,1
14676,1
14677,1
14678,1
14679,1
1468,1
14680,1
14681,1
14682,1
14683,1
14684,1
14685,1
14686,1
14687,1
14688,1
14689,1
1469,1
14690,1
14691,1
14692,1
14693,1
14694,1
14695,1
14696,1
14697,1
14698,1
14699,1
147,1
1470,1
14700,1
14701,1
14702,1
14703,1
14704,1
14705,1
14706,1
14707,1
14708,1
14709,1
1471,1
14710,1
14711,1
14712,1
14713,1
14714,1
14715,1
14716,1
14717,1
14718,1
14719,1
1472,1
14720,1
14721,1
14722,1
14723,1
14724,1
14725,1
14726,1
14727,1
14728,1
14729,1
1473,1
14730,1
14731,1
14732,1
14733,1
14734,1
14735,1
14736,1
14737,1
14738,1
14739,1
1474,1
14740,1
14741,1
14742,1
14743,1
14744,1
14745,1
14746,1
14747,1
14748,1
14749,1
1475,1
14750,1
14751,1
14752,1
14753,1
14754,1
14755,1
14756,1
14757,1
14758,1
14759,1
1476,1
14760,1
14761,1
14762,1
14763,1
14764,1
14765,1
14766,1
14767,1
14768,1
14769,1
1477,1
14770,1
14771,1
14772,1
14773,1
14774,1
14775,1
14776,1
14777,1
14778,1
14779,1
1478,1
14780,1
14781,1
14782,1
14783,1
14784,1
14785,1
14786,1
14787,1
14788,1
14789,1
1479,1
14790,1
14791,1
14792,1
14793,1
14794,1
14795,1
14796,1
14797,1
14798,1
14799,1
148,1
1480,1
14800,1
14801,1
14802,1
14803,1
14804,1
14805,1
14806,1
14807,1
14808,1
14809,1
1481,1
14810,1
14811,0
14812,1
14813,1
14814,1
14815,1
14816,1
14817,1
14818,1
14819,1
1482,1
14820,1
14821,1
14822,1
14823,1
14824,1
14825,1
14826,1
14827,1
14828,1
14829,1
1483,1
14830,1
14831,1
14832,1
14833,1
14834,1
14835,0
14836,1
14837,1
14838,1
14839,1
1484,1
14840,1
14841,1
14842,1
14843,1
14844,1
14845,1
14846,1
14847,1
14848,1
14849,1
1485,1
14850,1
14851,1
14852,1
14853,1
14854,1
14855,1
14856,1
14857,1
14858,1
14859,1
1486,1
14860,1
14861,1
14862,1
14863,1
14864,1
14865,1
14866,1
14867,1
14868,1
14869,1
1487,1
14870,1
14871,1
14872,1
14873,1
14874,1
14875,1
14876,1
14877,1
14878,1
14879,1
1488,1
14880,1
14881,1
14882,1
14883,1
14884,1
14885,1
14886,1
14887,1
14888,1
14889,1
1489,1
14890,1
14891,1
14892,1
14893,1
14894,1
14895,1
14896,1
14897,1
14898,1
14899,1
149,1
1490,1
14900,1
14901,1
14902,1
14903,1
14904,1
14905,1
14906,1
14907,1
14908,1
14909,1
1491,1
14910,1
14911,1
14912,1
14913,1
14914,1
14915,0
14916,1
14917,1
14918,1
14919,1
1492,1
14920,1
14921,1
14922,1
14923,1
14924,1
14925,1
14926,1
14927,1
14928,1
14929,1
1493,1
14930,1
14931,1
14932,1
14933,1
14934,1
14935,1
14936,1
14937,1
14938,1
14939,1
1494,1
14940,1
14941,1
14942,1
14943,1
14944,1
14945,1
14946,1
14947,1
14948,1
14949,1
1495,1
14950,1
14951,1
14952,1
14953,1
14954,1
14955,1
14956,1
14957,1
14958,1
14959,1
1496,1
14960,1
14961,1
14962,1
14963,1
14964,1
14965,1
14966,1
14967,1
14968,1
14969,1
1497,1
14970,1
14971,1
14972,1
14973,1
14974,1
14975,1
14976,1
14977,1
14978,1
14979,1
1498,1
14980,1
14981,1
14982,1
14983,1
14984,1
14985,1
14986,1
14987,1
14988,1
14989,1
1499,1
14990,1
14991,1
14992,1
14993,1
14994,1
14995,1
14996,1
14997,1
14998,1
14999,1
15,1
150,1
1500,1
15000,1
15001,1
15002,1
15003,1
15004,1
15005,1
15006,1
15007,1
15008,1
15009,1
1501,1
15010,1
15011,1
15012,1
15013,1
15014,1
15015,1
15016,1
15017,1
15018,1
15019,1
1502,1
15020,1
15021,0
15022,1
15023,0
15024,1
15025,1
15026,1
15027,1
15028,1
15029,1
1503,1
15030,1
15031,1
15032,1
15033,1
15034,1
15035,1
15036,1
15037,1
15038,1
15039,1
1504,1
15040,1
15041,1
15042,1
15043,1
15044,1
15045,1
15046,1
15047,1
15048,1
15049,1
1505,1
15050,1
15051,1
15052,1
15053,1
15054,1
15055,1
15056,1
15057,1
15058,1
15059,1
1506,1
15060,1
15061,1
15062,1
15063,1
15064,1
15065,1
15066,1
15067,1
15068,1
15069,1
1507,1
15070,1
15071,1
15072,0
15073,1
15074,1
15075,1
15076,1
15077,1
15078,1
15079,1
1508,1
15080,1
15081,1
15082,1
15083,1
15084,1
15085,1
15086,1
15087,1
15088,1
15089,1
1509,1
15090,1
15091,1
15092,1
15093,1
15094,1
15095,1
15096,1
15097,1
15098,1
15099,1
151,1
1510,1
15100,1
15101,1
15102,1
15103,1
15104,1
15105,1
15106,1
15107,1
15108,1
15109,1
1511,1
15110,1
15111,1
15112,1
15113,1
15114,1
15115,1
15116,1
15117,1
15118,1
15119,1
1512,1
15120,1
15121,1
15122,1
15123,1
15124,1
15125,1
15126,1
15127,1
15128,1
15129,1
1513,1
15130,1
15131,1
15132,1
15133,1
15134,1
15135,1
15136,1
15137,1
15138,1
15139,1
1514,1
15140,1
15141,1
15142,1
15143,1
15144,1
15145,1
15146,1
15147,1
15148,1
15149,1
1515,1
15150,1
15151,1
15152,1
15153,1
15154,1
15155,1
15156,1
15157,1
15158,1
15159,1
1516,1
15160,1
15161,1
15162,1
15163,1
15164,1
15165,1
15166,1
15167,1
15168,1
15169,1
1517,1
15170,1
15171,1
15172,1
15173,1
15174,1
15175,1
15176,1
15177,1
15178,1
15179,1
1518,1
15180,1
15181,1
15182,1
15183,1
15184,1
15185,1
15186,1
15187,1
15188,1
15189,1
1519,1
15190,1
15191,1
15192,1
15193,1
15194,1
15195,1
15196,1
15197,1
15198,0
15199,1
152,1
1520,1
15200,1
15201,1
15202,1
15203,1
15204,1
15205,1
15206,1
15207,1
15208,1
15209,1
1521,1
15210,1
15211,1
15212,1
15213,1
15214,1
15215,1
15216,1
15217,1
15218,1
15219,1
1522,1
15220,1
15221,1
15222,1
15223,1
15224,1
15225,1
15226,1
15227,1
15228,1
15229,1
1523,1
15230,1
15231,1
15232,1
15233,1
15234,1
15235,1
15236,1
15237,1
15238,1
15239,1
1524,1
15240,1
15241,1
15242,1
15243,1
15244,1
15245,1
15246,1
15247,1
15248,1
15249,1
1525,1
15250,1
15251,1
15252,1
15253,1
15254,1
15255,1
15256,1
15257,1
15258,1
15259,1
1526,1
15260,1
15261,1
15262,1
15263,1
15264,1
15265,1
15266,1
15267,1
15268,1
15269,1
1527,1
15270,1
15271,1
15272,1
15273,1
15274,1
15275,1
15276,0
15277,1
15278,1
15279,1
1528,0
15280,1
15281,1
15282,1
15283,1
15284,1
15285,1
15286,1
15287,1
15288,1
15289,1
1529,1
15290,1
15291,1
15292,1
15293,1
15294,1
15295,1
15296,1
15297,1
15298,1
15299,1
153,1
1530,1
15300,1
15301,1
15302,1
15303,1
15304,1
15305,1
15306,1
15307,1
15308,1
15309,1
1531,1
15310,1
15311,1
15312,1
15313,1
15314,1
15315,1
15316,1
15317,1
15318,1
15319,1
1532,1
15320,1
15321,1
15322,1
15323,1
15324,1
15325,1
15326,1
15327,1
15328,1
15329,1
1533,1
15330,1
15331,1
15332,1
15333,0
15334,1
15335,1
15336,1
15337,1
15338,1
15339,1
1534,1
15340,1
15341,1
15342,1
15343,1
15344,1
15345,1
15346,1
15347,1
15348,1
15349,1
1535,0
15350,1
15351,1
15352,1
15353,1
15354,1
15355,1
15356,1
15357,1
15358,1
15359,1
1536,1
15360,1
15361,1
15362,1
15363,1
15364,1
15365,1
15366,1
15367,1
15368,1
15369,1
1537,1
15370,1
15371,1
15372,1
15373,1
15374,1
15375,1
15376,1
15377,1
15378,1
15379,1
1538,1
15380,1
15381,1
15382,1
15383,1
15384,1
15385,1
15386,1
15387,1
15388,1
15389,1
1539,1
15390,1
15391,1
15392,1
15393,1
15394,1
15395,0
15396,1
15397,1
15398,1
15399,1
154,1
1540,1
15400,1
15401,1
15402,1
15403,1
15404,1
15405,1
15406,1
15407,1
15408,1
15409,1
1541,1
15410,1
15411,1
15412,1
15413,1
15414,1
15415,1
15416,1
15417,1
15418,1
15419,1
1542,1
15420,1
15421,1
15422,1
15423,1
15424,1
15425,1
15426,1
15427,1
15428,1
15429,1
1543,1
15430,0
15431,1
15432,1
15433,1
15434,1
15435,1
15436,1
15437,1
15438,1
15439,1
1544,1
15440,1
15441,1
15442,1
15443,1
15444,1
15445,1
15446,1
15447,1
15448,1
15449,1
1545,1
15450,1
15451,1
15452,1
15453,0
15454,1
15455,1
15456,1
15457,1
15458,1
15459,1
1546,1
15460,1
15461,1
15462,1
15463,0
15464,1
15465,1
15466,1
15467,1
15468,1
15469,0
1547,1
15470,1
15471,1
15472,1
15473,1
15474,1
15475,1
15476,1
15477,1
15478,1
15479,0
1548,1
15480,1
15481,1
15482,1
15483,1
15484,1
15485,1
15486,1
15487,1
15488,1
15489,1
1549,1
15490,1
15491,1
15492,1
15493,1
15494,1
15495,1
15496,1
15497,1
15498,1
15499,1
155,1
1550,1
15500,1
15501,1
15502,1
15503,1
15504,0
15505,1
15506,1
15507,1
15508,1
15509,1
1551,1
15510,1
15511,1
15512,1
15513,1
15514,1
15515,1
15516,1
15517,1
15518,1
15519,1
1552,1
15520,1
15521,1
15522,1
15523,1
15524,1
15525,1
15526,1
15527,1
15528,1
15529,1
1553,1
15530,1
15531,1
15532,1
15533,0
15534,1
15535,1
15536,1
15537,1
15538,1
15539,1
1554,1
15540,1
15541,1
15542,1
15543,1
15544,1
15545,1
15546,1
15547,1
15548,1
15549,1
1555,1
15550,1
15551,1
15552,1
15553,1
15554,1
15555,1
15556,1
15557,1
15558,1
15559,1
1556,1
15560,1
15561,1
15562,1
15563,1
15564,1
15565,1
15566,1
15567,1
15568,0
15569,1
1557,1
15570,1
15571,1
15572,1
15573,1
15574,1
15575,1
15576,1
15577,1
15578,1
15579,0
1558,1
15580,1
15581,1
15582,1
15583,1
15584,1
15585,1
15586,1
15587,1
15588,1
15589,1
1559,1
15590,1
15591,1
15592,1
15593,1
15594,1
15595,1
15596,1
15597,1
15598,1
15599,1
156,1
1560,0
15600,1
15601,1
15602,1
15603,1
15604,1
15605,1
15606,1
15607,1
15608,1
15609,1
1561,1
15610,1
15611,1
15612,1
15613,1
15614,1
15615,1
15616,1
15617,1
15618,1
15619,1
1562,1
15620,1
15621,1
15622,1
15623,1
15624,1
15625,1
15626,1
15627,1
15628,1
15629,1
1563,1
15630,1
15631,1
15632,1
15633,1
15634,1
15635,1
15636,1
15637,1
15638,1
15639,1
1564,1
15640,1
15641,0
15642,1
15643,1
15644,1
15645,1
15646,1
15647,1
15648,1
15649,1
1565,1
15650,1
15651,1
15652,1
15653,1
15654,1
15655,1
15656,1
15657,1
15658,1
15659,1
1566,1
15660,1
15661,1
15662,1
15663,1
15664,1
15665,1
15666,1
15667,1
15668,1
15669,1
1567,0
15670,1
15671,1
15672,1
15673,1
15674,1
15675,1
15676,1
15677,1
15678,1
15679,1
1568,1
15680,1
15681,1
15682,1
15683,1
15684,1
15685,1
15686,1
15687,1
15688,1
15689,1
1569,1
15690,1
15691,1
15692,1
15693,1
15694,1
15695,1
15696,1
15697,1
15698,1
15699,1
157,1
1570,1
15700,1
15701,1
15702,1
15703,1
15704,1
15705,1
15706,1
15707,1
15708,1
15709,1
1571,1
15710,1
15711,1
15712,1
15713,1
15714,1
15715,1
15716,1
15717,1
15718,1
15719,1
1572,1
15720,1
15721,1
15722,1
15723,1
15724,1
15725,1
15726,1
15727,1
15728,1
15729,1
1573,1
15730,1
15731,1
15732,1
15733,1
15734,1
15735,1
15736,1
15737,1
15738,1
15739,1
1574,1
15740,1
15741,1
15742,1
15743,1
15744,1
15745,1
15746,1
15747,1
15748,0
15749,1
1575,1
15750,1
15751,1
15752,0
15753,1
15754,1
15755,1
15756,1
15757,1
15758,1
15759,1
1576,1
15760,1
15761,1
15762,1
15763,1
15764,1
15765,1
15766,1
15767,1
15768,1
15769,1
1577,1
15770,1
15771,1
15772,1
15773,1
15774,1
15775,1
15776,1
15777,1
15778,1
15779,1
1578,1
15780,1
15781,1
15782,1
15783,1
15784,1
15785,1
15786,1
15787,1
15788,1
15789,1
1579,1
15790,1
15791,1
15792,1
15793,1
15794,1
15795,1
15796,1
15797,1
15798,1
15799,1
158,1
1580,1
15800,1
15801,1
15802,1
15803,1
15804,1
15805,1
15806,1
15807,1
15808,1
15809,1
1581,1
15810,1
15811,1
15812,1
15813,1
15814,1
15815,1
15816,1
15817,1
15818,1
15819,1
1582,1
15820,1
15821,1
15822,1
15823,1
15824,1
15825,1
15826,1
15827,1
15828,1
15829,1
1583,1
15830,1
15831,1
15832,1
15833,1
15834,1
15835,1
15836,1
15837,1
15838,1
15839,0
1584,1
15840,1
15841,1
15842,1
15843,1
15844,1
15845,1
15846,1
15847,1
15848,1
15849,1
1585,1
15850,1
15851,1
15852,1
15853,1
15854,1
15855,1
15856,1
15857,1
15858,1
15859,1
1586,1
15860,1
15861,1
15862,1
15863,1
15864,1
15865,1
15866,1
15867,1
15868,1
15869,1
1587,1
15870,1
15871,1
15872,1
15873,1
15874,1
15875,1
15876,1
15877,1
15878,1
15879,1
1588,1
15880,1
15881,1
15882,1
15883,1
15884,1
15885,1
15886,1
15887,1
15888,1
15889,1
1589,1
15890,1
15891,1
15892,1
15893,1
15894,1
15895,1
15896,1
15897,1
15898,1
15899,1
159,1
1590,1
15900,1
15901,1
15902,1
15903,1
15904,1
15905,1
15906,1
15907,1
15908,1
15909,1
1591,1
15910,1
15911,1
15912,1
15913,1
15914,1
15915,1
15916,1
15917,1
15918,1
15919,1
1592,1
15920,1
15921,1
15922,1
15923,1
15924,1
15925,1
15926,1
15927,1
15928,1
15929,1
1593,1
15930,1
15931,1
15932,1
15933,1
15934,1
15935,1
15936,1
15937,1
15938,1
15939,1
1594,1
15940,1
15941,1
15942,1
15943,1
15944,1
15945,1
15946,1
15947,1
15948,1
15949,1
1595,1
15950,1
15951,1
15952,1
15953,1
15954,1
15955,1
15956,1
15957,1
15958,1
15959,1
1596,1
15960,1
15961,1
15962,1
15963,1
15964,1
15965,1
15966,1
15967,1
15968,1
15969,1
1597,1
15970,1
15971,1
15972,1
15973,1
15974,1
15975,1
15976,1
15977,1
15978,1
15979,1
1598,1
15980,1
15981,1
15982,1
15983,1
15984,1
15985,1
15986,1
15987,1
15988,1
15989,1
1599,1
15990,1
15991,1
15992,1
15993,1
15994,1
15995,1
15996,1
15997,1
15998,1
15999,1
16,1
160,1
1600,1
16000,1
16001,1
16002,1
16003,1
16004,1
16005,1
16006,1
16007,1
16008,1
16009,1
1601,1
16010,1
16011,1
16012,1
16013,1
16014,1
16015,1
16016,1
16017,1
16018,1
16019,1
1602,1
16020,1
16021,1
16022,1
16023,1
16024,1
16025,1
16026,1
16027,1
16028,1
16029,1
1603,1
16030,1
16031,1
16032,1
16033,1
16034,1
16035,1
16036,1
16037,1
16038,1
16039,1
1604,1
16040,1
16041,1
16042,1
16043,1
16044,1
16045,1
16046,1
16047,1
16048,1
16049,1
1605,1
16050,1
16051,1
16052,1
16053,1
16054,1
16055,1
16056,1
16057,1
16058,1
16059,1
1606,1
16060,1
16061,1
16062,1
16063,1
16064,1
16065,1
16066,0
16067,1
16068,1
16069,1
1607,1
16070,1
16071,1
16072,1
16073,1
16074,1
16075,1
16076,1
16077,1
16078,1
16079,1
1608,1
16080,1
16081,1
16082,1
16083,1
16084,1
16085,1
16086,1
16087,1
16088,1
16089,1
1609,1
16090,1
16091,1
16092,1
16093,1
16094,1
16095,1
16096,1
16097,1
16098,1
16099,1
161,1
1610,1
16100,1
16101,1
16102,1
16103,1
16104,1
16105,1
16106,1
16107,1
16108,1
16109,1
1611,1
16110,1
16111,1
16112,1
16113,1
16114,1
16115,1
16116,1
16117,1
16118,1
16119,1
1612,1
16120,1
16121,1
16122,1
16123,1
16124,1
16125,1
16126,1
16127,1
16128,1
16129,1
1613,1
16130,1
16131,1
16132,1
16133,1
16134,1
16135,1
16136,1
16137,1
16138,1
16139,1
1614,1
16140,1
16141,1
16142,1
16143,1
16144,1
16145,1
16146,1
16147,1
16148,1
16149,1
1615,1
16150,1
16151,1
16152,1
16153,1
16154,1
16155,1
16156,1
16157,1
16158,1
16159,1
1616,1
16160,1
16161,1
16162,1
16163,1
16164,1
16165,1
16166,1
16167,1
16168,1
16169,1
1617,1
16170,1
16171,1
16172,1
16173,1
16174,1
16175,1
16176,1
16177,1
16178,1
16179,1
1618,1
16180,1
16181,1
16182,1
16183,1
16184,0
16185,1
16186,1
16187,1
16188,1
16189,1
1619,1
16190,1
16191,1
16192,1
16193,1
16194,1
16195,1
16196,1
16197,1
16198,1
16199,1
162,1
1620,1
16200,1
16201,1
16202,1
16203,1
16204,0
16205,1
16206,1
16207,1
16208,1
16209,1
1621,1
16210,1
16211,1
16212,1
16213,1
16214,1
16215,1
16216,1
16217,1
16218,1
16219,1
1622,1
16220,1
16221,1
16222,1
16223,1
16224,1
16225,1
16226,1
16227,1
16228,1
16229,1
1623,1
16230,1
16231,1
16232,1
16233,1
16234,1
16235,1
16236,1
16237,1
16238,1
16239,1
1624,1
16240,1
16241,1
16242,1
16243,1
16244,1
16245,1
16246,1
16247,1
16248,1
16249,1
1625,1
16250,1
16251,1
16252,1
16253,1
16254,1
16255,1
16256,1
16257,1
16258,1
16259,1
1626,1
16260,1
16261,1
16262,1
16263,1
16264,1
16265,1
16266,1
16267,1
16268,1
16269,1
1627,0
16270,1
16271,1
16272,1
16273,1
16274,1
16275,1
16276,1
16277,1
16278,1
16279,1
1628,1
16280,1
16281,1
16282,1
16283,0
16284,1
16285,1
16286,1
16287,1
16288,1
16289,1
1629,1
16290,1
16291,1
16292,1
16293,1
16294,0
16295,1
16296,1
16297,1
16298,1
16299,1
163,1
1630,1
16300,1
16301,1
16302,1
16303,1
16304,1
16305,1
16306,1
16307,1
16308,1
16309,1
1631,1
16310,1
16311,1
16312,1
16313,1
16314,1
16315,1
16316,1
16317,1
16318,1
16319,1
1632,1
16320,1
16321,1
16322,1
16323,1
16324,1
16325,1
16326,0
16327,1
16328,1
16329,1
1633,1
16330,1
16331,1
16332,1
16333,1
16334,1
16335,1
16336,1
16337,1
16338,1
16339,1
1634,1
16340,1
16341,1
16342,1
16343,1
16344,1
16345,1
16346,1
16347,1
16348,1
16349,1
1635,1
16350,1
16351,1
16352,1
16353,1
16354,1
16355,1
16356,0
16357,1
16358,1
16359,1
1636,1
16360,1
16361,1
16362,1
16363,1
16364,1
16365,1
16366,1
16367,1
16368,1
16369,1
1637,1
16370,1
16371,1
16372,1
16373,1
16374,1
16375,1
16376,1
16377,1
16378,1
16379,1
1638,1
16380,1
16381,1
16382,1
16383,1
16384,1
16385,1
16386,1
16387,1
16388,1
16389,1
1639,1
16390,1
16391,1
16392,1
16393,1
16394,1
16395,1
16396,1
16397,1
16398,1
16399,1
164,1
1640,1
16400,1
16401,1
16402,1
16403,1
16404,1
16405,1
16406,1
16407,1
16408,1
16409,1
1641,1
16410,1
16411,1
16412,1
16413,1
16414,1
16415,1
16416,1
16417,0
16418,1
16419,1
1642,1
16420,1
16421,1
16422,1
16423,1
16424,1
16425,1
16426,1
16427,1
16428,1
16429,1
1643,1
16430,1
16431,1
16432,1
16433,1
16434,1
16435,1
16436,1
16437,1
16438,1
16439,1
1644,1
16440,1
16441,1
16442,1
16443,0
16444,1
16445,1
16446,1
16447,1
16448,1
16449,1
1645,1
16450,1
16451,1
16452,1
16453,1
16454,1
16455,1
16456,1
16457,1
16458,1
16459,1
1646,1
16460,1
16461,1
16462,1
16463,1
16464,1
16465,1
16466,1
16467,1
16468,1
16469,1
1647,1
16470,1
16471,1
16472,1
16473,1
16474,1
16475,1
16476,1
16477,1
16478,1
16479,1
1648,1
16480,1
16481,1
16482,1
16483,1
16484,1
16485,1
16486,1
16487,1
16488,1
16489,1
1649,1
16490,1
16491,1
16492,1
16493,1
16494,1
16495,1
16496,1
16497,1
16498,1
16499,1
165,1
1650,1
16500,1
16501,1
16502,1
16503,1
16504,1
16505,1
16506,0
16507,1
16508,1
16509,1
1651,1
16510,1
16511,1
16512,1
16513,1
16514,1
16515,1
16516,1
16517,1
16518,1
16519,1
1652,1
16520,1
16521,1
16522,1
16523,1
16524,1
16525,1
16526,1
16527,1
16528,1
16529,1
1653,1
16530,1
16531,1
16532,1
16533,1
16534,1
16535,1
16536,1
16537,1
16538,1
16539,1
1654,1
16540,1
16541,1
16542,1
16543,1
16544,1
16545,1
16546,1
16547,1
16548,1
16549,1
1655,1
16550,1
16551,1
16552,1
16553,1
16554,1
16555,1
16556,1
16557,1
16558,1
16559,1
1656,1
16560,1
16561,1
16562,1
16563,1
16564,1
16565,1
16566,1
16567,1
16568,1
16569,1
1657,1
16570,1
16571,1
16572,1
16573,1
16574,1
16575,1
16576,1
16577,1
16578,1
16579,1
1658,1
16580,1
16581,1
16582,1
16583,1
16584,1
16585,1
16586,1
16587,1
16588,1
16589,1
1659,1
16590,1
16591,1
16592,1
16593,1
16594,1
16595,1
16596,0
16597,1
16598,1
16599,1
166,1
1660,1
16600,1
16601,1
16602,1
16603,1
16604,1
16605,1
16606,1
16607,1
16608,1
16609,1
1661,1
16610,1
16611,1
16612,1
16613,1
16614,0
16615,1
16616,1
16617,1
16618,1
16619,1
1662,1
16620,1
16621,1
16622,1
16623,1
16624,1
16625,1
16626,1
16627,1
16628,1
16629,1
1663,1
16630,1
16631,1
16632,1
16633,1
16634,1
16635,1
16636,1
16637,1
16638,1
16639,1
1664,1
16640,1
16641,1
16642,1
16643,1
16644,1
16645,1
16646,1
16647,1
16648,1
16649,1
1665,1
16650,1
16651,1
16652,1
16653,1
16654,1
16655,1
16656,1
16657,1
16658,1
16659,1
1666,1
16660,1
16661,1
16662,1
16663,1
16664,1
16665,1
16666,1
16667,1
16668,1
16669,1
1667,1
16670,1
16671,1
16672,1
16673,1
16674,1
16675,1
16676,1
16677,1
16678,1
16679,1
1668,1
16680,1
16681,1
16682,1
16683,1
16684,1
16685,1
16686,1
16687,1
16688,1
16689,1
1669,1
16690,1
16691,1
16692,1
16693,1
16694,1
16695,1
16696,1
16697,1
16698,1
16699,1
167,1
1670,1
16700,1
16701,1
16702,1
16703,1
16704,1
16705,1
16706,1
16707,1
16708,1
16709,1
1671,1
16710,1
16711,1
16712,1
16713,1
16714,1
16715,1
16716,1
16717,1
16718,1
16719,1
1672,1
16720,1
16721,1
16722,1
16723,1
16724,1
16725,1
16726,1
16727,1
16728,1
16729,1
1673,1
16730,1
16731,1
16732,1
16733,1
16734,1
16735,1
16736,1
16737,1
16738,1
16739,1
1674,1
16740,1
16741,1
16742,1
16743,1
16744,1
16745,1
16746,1
16747,1
16748,1
16749,1
1675,1
16750,1
16751,1
16752,1
16753,1
16754,1
16755,1
16756,1
16757,1
16758,1
16759,1
1676,1
16760,1
16761,1
16762,1
16763,1
16764,1
16765,1
16766,1
16767,1
16768,1
16769,1
1677,1
16770,1
16771,1
16772,1
16773,1
16774,1
16775,1
16776,1
16777,1
16778,1
16779,1
1678,1
16780,1
16781,1
16782,1
16783,1
16784,1
16785,1
16786,1
16787,1
16788,1
16789,1
1679,1
16790,1
16791,1
16792,1
16793,1
16794,1
16795,1
16796,1
16797,1
16798,1
16799,1
168,1
1680,1
16800,1
16801,1
16802,1
16803,1
16804,1
16805,1
16806,1
16807,1
16808,1
16809,1
1681,1
16810,1
16811,1
16812,1
16813,1
16814,1
16815,1
16816,1
16817,1
16818,1
16819,1
1682,1
16820,1
16821,1
16822,1
16823,1
16824,1
16825,1
16826,1
16827,1
16828,1
16829,1
1683,1
16830,1
16831,1
16832,1
16833,1
16834,1
16835,1
16836,1
16837,1
16838,1
16839,1
1684,1
16840,1
16841,1
16842,1
16843,1
16844,1
16845,1
16846,1
16847,1
16848,1
16849,1
1685,1
16850,1
16851,1
16852,1
16853,1
16854,1
16855,1
16856,1
16857,1
16858,1
16859,1
1686,1
16860,1
16861,1
16862,1
16863,1
16864,1
16865,1
16866,1
16867,1
16868,1
16869,1
1687,1
16870,1
16871,1
16872,1
16873,1
16874,1
16875,1
16876,1
16877,1
16878,1
16879,0
1688,1
16880,1
16881,1
16882,1
16883,1
16884,1
16885,1
16886,1
16887,1
16888,1
16889,1
1689,1
16890,1
16891,1
16892,1
16893,1
16894,1
16895,1
16896,1
16897,1
16898,1
16899,1
169,0
1690,1
16900,1
16901,1
16902,1
16903,1
16904,1
16905,1
16906,1
16907,1
16908,1
16909,1
1691,1
16910,1
16911,1
16912,1
16913,1
16914,0
16915,1
16916,1
16917,1
16918,1
16919,1
1692,1
16920,1
16921,1
16922,1
16923,1
16924,1
16925,1
16926,1
16927,1
16928,1
16929,1
1693,1
16930,1
16931,1
16932,1
16933,1
16934,1
16935,1
16936,1
16937,1
16938,1
16939,1
1694,1
16940,1
16941,1
16942,1
16943,0
16944,1
16945,1
16946,1
16947,1
16948,1
16949,1
1695,1
16950,1
16951,1
16952,1
16953,1
16954,1
16955,1
16956,1
16957,1
16958,1
16959,1
1696,1
16960,1
16961,1
16962,1
16963,1
16964,1
16965,1
16966,1
16967,1
16968,1
16969,1
1697,1
16970,1
16971,1
16972,1
16973,1
16974,1
16975,1
16976,1
16977,1
16978,1
16979,1
1698,1
16980,1
16981,1
16982,1
16983,1
16984,1
16985,1
16986,1
16987,1
16988,1
16989,1
1699,1
16990,1
16991,1
16992,1
16993,1
16994,1
16995,1
16996,1
16997,1
16998,1
16999,1
17,1
170,1
1700,1
17000,1
17001,1
17002,1
17003,1
17004,1
17005,1
17006,1
17007,1
17008,1
17009,1
1701,1
17010,1
17011,1
17012,1
17013,1
17014,1
17015,1
17016,0
17017,1
17018,1
17019,1
1702,1
17020,1
17021,1
17022,1
17023,1
17024,1
17025,0
17026,1
17027,1
17028,1
17029,0
1703,1
17030,1
17031,1
17032,1
17033,1
17034,1
17035,1
17036,1
17037,1
17038,1
17039,1
1704,1
17040,1
17041,1
17042,1
17043,1
17044,1
17045,1
17046,1
17047,1
17048,1
17049,1
1705,1
17050,1
17051,1
17052,1
17053,1
17054,1
17055,1
17056,1
17057,1
17058,1
17059,1
1706,1
17060,1
17061,0
17062,1
17063,1
17064,0
17065,1
17066,1
17067,1
17068,1
17069,1
1707,1
17070,1
17071,1
17072,1
17073,1
17074,1
17075,1
17076,1
17077,1
17078,1
17079,1
1708,1
17080,1
17081,1
17082,1
17083,1
17084,1
17085,1
17086,1
17087,1
17088,1
17089,1
1709,1
17090,1
17091,1
17092,1
17093,1
17094,1
17095,1
17096,1
17097,1
17098,1
17099,1
171,1
1710,1
17100,1
17101,1
17102,1
17103,1
17104,1
17105,1
17106,1
17107,1
17108,1
17109,1
1711,1
17110,1
17111,1
17112,1
17113,1
17114,1
17115,1
17116,1
17117,1
17118,1
17119,1
1712,1
17120,1
17121,1
17122,1
17123,1
17124,1
17125,1
17126,1
17127,1
17128,1
17129,1
1713,1
17130,1
17131,1
17132,1
17133,1
17134,1
17135,1
17136,1
17137,1
17138,1
17139,1
1714,1
17140,1
17141,1
17142,1
17143,1
17144,1
17145,1
17146,1
17147,1
17148,1
17149,1
1715,1
17150,1
17151,1
17152,1
17153,1
17154,1
17155,1
17156,1
17157,1
17158,1
17159,1
1716,1
17160,1
17161,1
17162,1
17163,1
17164,1
17165,1
17166,1
17167,1
17168,1
17169,1
1717,1
17170,1
17171,1
17172,1
17173,1
17174,1
17175,1
17176,1
17177,1
17178,1
17179,1
1718,1
17180,1
17181,1
17182,1
17183,1
17184,1
17185,1
17186,1
17187,1
17188,1
17189,1
1719,1
17190,1
17191,1
17192,1
17193,1
17194,1
17195,1
17196,1
17197,1
17198,1
17199,1
172,1
1720,1
17200,1
17201,1
17202,1
17203,1
17204,1
17205,1
17206,1
17207,1
17208,1
17209,1
1721,1
17210,1
17211,1
17212,1
17213,1
17214,1
17215,1
17216,1
17217,1
17218,1
17219,1
1722,1
17220,1
17221,1
17222,1
17223,1
17224,1
17225,1
17226,1
17227,1
17228,1
17229,1
1723,1
17230,1
17231,1
17232,1
17233,1
17234,1
17235,1
17236,1
17237,1
17238,1
17239,1
1724,1
17240,1
17241,1
17242,1
17243,1
17244,1
17245,1
17246,1
17247,1
17248,1
17249,1
1725,1
17250,1
17251,1
17252,1
17253,1
17254,1
17255,1
17256,1
17257,1
17258,1
17259,1
1726,1
17260,1
17261,1
17262,1
17263,1
17264,1
17265,1
17266,0
17267,1
17268,1
17269,1
1727,1
17270,1
17271,1
17272,1
17273,1
17274,1
17275,1
17276,1
17277,1
17278,1
17279,1
1728,1
17280,1
17281,1
17282,1
17283,1
17284,1
17285,1
17286,1
17287,1
17288,1
17289,1
1729,1
17290,1
17291,1
17292,1
17293,0
17294,1
17295,1
17296,1
17297,1
17298,1
17299,1
173,1
1730,1
17300,1
17301,1
17302,1
17303,1
17304,1
17305,1
17306,1
17307,1
17308,1
17309,1
1731,1
17310,1
17311,1
17312,1
17313,1
17314,1
17315,1
17316,1
17317,1
17318,1
17319,1
1732,1
17320,1
17321,1
17322,1
17323,1
17324,1
17325,1
17326,1
17327,1
17328,1
17329,1
1733,1
17330,1
17331,1
17332,1
17333,1
17334,1
17335,1
17336,1
17337,1
17338,1
17339,1
1734,1
17340,1
17341,1
17342,1
17343,1
17344,1
17345,1
17346,1
17347,1
17348,1
17349,1
1735,1
17350,1
17351,1
17352,1
17353,1
17354,1
17355,1
17356,1
17357,1
17358,1
17359,1
1736,1
17360,1
17361,1
17362,1
17363,1
17364,1
17365,0
17366,1
17367,1
17368,1
17369,1
1737,1
17370,1
17371,1
17372,1
17373,1
17374,1
17375,1
17376,1
17377,1
17378,1
17379,0
1738,1
17380,1
17381,1
17382,1
17383,1
17384,1
17385,1
17386,1
17387,1
17388,1
17389,0
1739,1
17390,1
17391,1
17392,1
17393,1
17394,1
17395,1
17396,1
17397,1
17398,1
17399,1
174,1
1740,1
17400,1
17401,1
17402,1
17403,1
17404,1
17405,1
17406,1
17407,1
17408,1
17409,1
1741,1
17410,1
17411,1
17412,1
17413,1
17414,1
17415,1
17416,1
17417,1
17418,1
17419,1
1742,1
17420,1
17421,1
17422,1
17423,1
17424,1
17425,1
17426,1
17427,1
17428,1
17429,0
1743,1
17430,1
17431,1
17432,1
17433,1
17434,1
17435,1
17436,1
17437,1
17438,1
17439,1
1744,1
17440,1
17441,1
17442,1
17443,1
17444,1
17445,1
17446,1
17447,1
17448,1
17449,1
1745,1
17450,1
17451,1
17452,1
17453,1
17454,1
17455,1
17456,1
17457,0
17458,1
17459,1
1746,1
17460,1
17461,1
17462,1
17463,1
17464,1
17465,1
17466,1
17467,1
17468,1
17469,1
1747,1
17470,1
17471,1
17472,1
17473,1
17474,1
17475,1
17476,1
17477,1
17478,1
17479,1
1748,1
17480,1
17481,1
17482,1
17483,1
17484,1
17485,1
17486,1
17487,1
17488,1
17489,1
1749,1
17490,1
17491,1
17492,1
17493,1
17494,1
17495,1
17496,1
17497,1
17498,1
17499,1
175,1
1750,1
17500,1
17501,1
17502,1
17503,1
17504,1
17505,1
17506,1
17507,1
17508,1
17509,1
1751,1
17510,1
17511,1
17512,1
17513,1
17514,1
17515,1
17516,1
17517,1
17518,1
17519,1
1752,1
17520,1
17521,1
17522,1
17523,1
17524,1
17525,1
17526,1
17527,1
17528,1
17529,1
1753,1
17530,0
17531,1
17532,1
17533,1
17534,1
17535,1
17536,1
17537,1
17538,1
17539,1
1754,1
17540,1
17541,1
17542,1
17543,1
17544,1
17545,1
17546,1
17547,1
17548,1
17549,1
1755,1
17550,1
17551,1
17552,1
17553,1
17554,1
17555,1
17556,1
17557,1
17558,1
17559,1
1756,1
17560,1
17561,1
17562,1
17563,1
17564,1
17565,1
17566,1
17567,1
17568,1
17569,1
1757,1
17570,1
17571,1
17572,1
17573,1
17574,1
17575,1
17576,1
17577,1
17578,1
17579,1
1758,1
17580,1
17581,1
17582,1
17583,1
17584,1
17585,1
17586,1
17587,1
17588,1
17589,1
1759,1
17590,1
17591,1
17592,1
17593,1
17594,1
17595,1
17596,1
17597,1
17598,1
17599,1
176,1
1760,1
17600,1
17601,1
17602,1
17603,1
17604,1
17605,1
17606,1
17607,1
17608,1
17609,1
1761,1
17610,1
17611,1
17612,0
17613,1
17614,1
17615,1
17616,1
17617,1
17618,1
17619,1
1762,1
17620,1
17621,1
17622,1
17623,1
17624,1
17625,1
17626,1
17627,1
17628,1
17629,1
1763,1
17630,1
17631,1
17632,1
17633,1
17634,1
17635,1
17636,1
17637,1
17638,1
17639,1
1764,1
17640,1
17641,1
17642,1
17643,1
17644,1
17645,1
17646,1
17647,1
17648,1
17649,1
1765,1
17650,1
17651,1
17652,1
17653,1
17654,1
17655,1
17656,0
17657,1
17658,1
17659,1
1766,1
17660,1
17661,1
17662,1
17663,1
17664,1
17665,1
17666,1
17667,1
17668,1
17669,1
1767,1
17670,1
17671,1
17672,1
17673,1
17674,1
17675,1
17676,1
17677,1
17678,1
17679,1
1768,1
17680,1
17681,1
17682,1
17683,1
17684,1
17685,1
17686,1
17687,1
17688,1
17689,1
1769,1
17690,1
17691,1
17692,1
17693,1
17694,0
17695,1
17696,1
17697,1
17698,1
17699,1
177,1
1770,1
17700,1
17701,1
17702,1
17703,1
17704,1
17705,1
17706,1
17707,1
17708,1
17709,1
1771,1
17710,1
17711,1
17712,1
17713,1
17714,1
17715,1
17716,1
17717,1
17718,1
17719,1
1772,1
17720,1
17721,1
17722,1
17723,1
17724,1
17725,1
17726,1
17727,1
17728,1
17729,1
1773,1
17730,1
17731,1
17732,1
17733,1
17734,1
17735,1
17736,1
17737,1
17738,1
17739,1
1774,1
17740,1
17741,1
17742,1
17743,1
17744,1
17745,1
17746,1
17747,1
17748,1
17749,1
1775,1
17750,1
17751,1
17752,1
17753,1
17754,1
17755,1
17756,1
17757,1
17758,1
17759,1
1776,1
17760,1
17761,1
17762,1
17763,1
17764,1
17765,1
17766,1
17767,1
17768,1
17769,1
1777,1
17770,1
17771,1
17772,1
17773,1
17774,1
17775,1
17776,1
17777,1
17778,1
17779,1
1778,1
17780,1
17781,1
17782,1
17783,1
17784,1
17785,1
17786,1
17787,1
17788,1
17789,1
1779,1
17790,1
17791,1
17792,1
17793,1
17794,1
17795,1
17796,1
17797,1
17798,1
17799,1
178,1
1780,1
17800,1
17801,1
17802,1
17803,1
17804,1
17805,1
17806,1
17807,1
17808,1
17809,1
1781,1
17810,1
17811,1
17812,1
17813,1
17814,1
17815,1
17816,1
17817,1
17818,1
17819,1
1782,1
17820,1
17821,1
17822,1
17823,1
17824,1
17825,1
17826,1
17827,1
17828,1
17829,1
1783,1
17830,1
17831,1
17832,1
17833,1
17834,1
17835,1
17836,1
17837,1
17838,1
17839,1
1784,1
17840,1
17841,1
17842,1
17843,1
17844,1
17845,1
17846,1
17847,1
17848,1
17849,1
1785,1
17850,1
17851,1
17852,1
17853,1
17854,0
17855,1
17856,1
17857,1
17858,1
17859,1
1786,1
17860,1
17861,1
17862,1
17863,1
17864,1
17865,1
17866,1
17867,1
17868,1
17869,1
1787,1
17870,1
17871,1
17872,1
17873,1
17874,1
17875,0
17876,1
17877,1
17878,1
17879,1
1788,1
17880,1
17881,1
17882,1
17883,1
17884,1
17885,1
17886,1
17887,1
17888,1
17889,1
1789,1
17890,1
17891,1
17892,1
17893,1
17894,1
17895,1
17896,1
17897,1
17898,1
17899,1
179,1
1790,1
17900,1
17901,1
17902,1
17903,1
17904,1
17905,1
17906,1
17907,1
17908,1
17909,1
1791,1
17910,1
17911,1
17912,1
17913,1
17914,1
17915,1
17916,0
17917,1
17918,1
17919,1
1792,1
17920,1
17921,1
17922,1
17923,1
17924,1
17925,1
17926,1
17927,1
17928,1
17929,1
1793,1
17930,1
17931,1
17932,1
17933,1
17934,1
17935,0
17936,1
17937,1
17938,1
17939,1
1794,1
17940,1
17941,1
17942,1
17943,1
17944,1
17945,1
17946,1
17947,1
17948,1
17949,1
1795,1
17950,1
17951,1
17952,1
17953,1
17954,1
17955,1
17956,1
17957,1
17958,1
17959,1
1796,1
17960,1
17961,1
17962,1
17963,1
17964,1
17965,1
17966,1
17967,1
17968,1
17969,1
1797,1
17970,1
17971,1
17972,1
17973,1
17974,1
17975,1
17976,1
17977,1
17978,1
17979,1
1798,1
17980,1
17981,1
17982,1
17983,1
17984,1
17985,1
17986,1
17987,1
17988,1
17989,1
1799,1
17990,1
17991,1
17992,1
17993,1
17994,1
17995,1
17996,1
17997,1
17998,1
17999,1
18,1
180,1
1800,1
18000,1
18001,1
18002,1
18003,1
18004,1
18005,1
18006,1
18007,1
18008,1
18009,1
1801,1
18010,1
18011,1
18012,1
18013,1
18014,1
18015,1
18016,1
18017,1
18018,1
18019,1
1802,1
18020,1
18021,1
18022,1
18023,1
18024,1
18025,1
18026,1
18027,1
18028,1
18029,1
1803,1
18030,1
18031,1
18032,1
18033,1
18034,1
18035,1
18036,1
18037,1
18038,1
18039,1
1804,1
18040,0
18041,1
18042,1
18043,1
18044,1
18045,1
18046,1
18047,1
18048,1
18049,1
1805,1
18050,0
18051,1
18052,1
18053,1
18054,1
18055,1
18056,1
18057,1
18058,1
18059,1
1806,1
18060,1
18061,1
18062,1
18063,1
18064,1
18065,1
18066,1
18067,1
18068,1
18069,1
1807,0
18070,1
18071,1
18072,1
18073,1
18074,1
18075,1
18076,1
18077,1
18078,1
18079,1
1808,1
18080,1
18081,1
18082,1
18083,1
18084,1
18085,1
18086,1
18087,1
18088,1
18089,0
1809,1
18090,1
18091,1
18092,1
18093,1
18094,1
18095,1
18096,1
18097,1
18098,1
18099,1
181,1
1810,1
18100,1
18101,1
18102,1
18103,1
18104,1
18105,1
18106,1
18107,1
18108,1
18109,1
1811,1
18110,1
18111,1
18112,1
18113,1
18114,1
18115,1
18116,1
18117,1
18118,1
18119,1
1812,1
18120,1
18121,1
18122,1
18123,1
18124,1
18125,1
18126,1
18127,1
18128,1
18129,1
1813,1
18130,1
18131,1
18132,1
18133,1
18134,1
18135,1
18136,1
18137,1
18138,1
18139,1
1814,1
18140,1
18141,1
18142,1
18143,1
18144,1
18145,1
18146,1
18147,1
18148,1
18149,1
1815,1
18150,1
18151,1
18152,0
18153,1
18154,1
18155,1
18156,1
18157,1
18158,1
18159,1
1816,1
18160,1
18161,1
18162,1
18163,1
18164,1
18165,1
18166,1
18167,1
18168,1
18169,1
1817,1
18170,1
18171,1
18172,1
18173,1
18174,1
18175,1
18176,1
18177,1
18178,1
18179,1
1818,1
18180,1
18181,1
18182,1
18183,1
18184,1
18185,1
18186,1
18187,1
18188,1
18189,1
1819,1
18190,1
18191,1
18192,1
18193,1
18194,1
18195,1
18196,1
18197,1
18198,1
18199,1
182,1
1820,1
18200,1
18201,0
18202,1
18203,1
18204,1
18205,1
18206,1
18207,1
18208,1
18209,1
1821,1
18210,1
18211,1
18212,1
18213,1
18214,1
18215,1
18216,1
18217,1
18218,1
18219,1
1822,1
18220,1
18221,1
18222,1
18223,1
18224,1
18225,1
18226,1
18227,1
18228,1
18229,1
1823,1
18230,1
18231,1
18232,1
18233,1
18234,1
18235,1
18236,1
18237,1
18238,1
18239,0
1824,1
18240,1
18241,1
18242,1
18243,1
18244,1
18245,1
18246,1
18247,1
18248,1
18249,1
1825,1
18250,1
18251,1
18252,1
18253,1
18254,1
18255,1
18256,1
18257,1
18258,1
18259,0
1826,1
18260,1
18261,1
18262,1
18263,1
18264,1
18265,1
18266,1
18267,1
18268,1
18269,1
1827,1
18270,1
18271,1
18272,1
18273,0
18274,1
18275,1
18276,1
18277,1
18278,1
18279,1
1828,1
18280,1
18281,1
18282,1
18283,1
18284,1
18285,1
18286,1
18287,1
18288,0
18289,1
1829,1
18290,1
18291,1
18292,1
18293,1
18294,1
18295,1
18296,1
18297,1
18298,1
18299,1
183,1
1830,1
18300,1
18301,1
18302,1
18303,1
18304,1
18305,1
18306,1
18307,1
18308,1
18309,1
1831,1
18310,1
18311,1
18312,1
18313,1
18314,1
18315,1
18316,1
18317,1
18318,1
18319,1
1832,1
18320,1
18321,1
18322,1
18323,1
18324,1
18325,1
18326,1
18327,1
18328,1
18329,1
1833,1
18330,1
18331,1
18332,1
18333,1
18334,1
18335,1
18336,1
18337,1
18338,1
18339,1
1834,1
18340,1
18341,1
18342,1
18343,1
18344,1
18345,1
18346,1
18347,1
18348,1
18349,1
1835,1
18350,1
18351,1
18352,1
18353,1
18354,1
18355,1
18356,1
18357,1
18358,1
18359,1
1836,1
18360,1
18361,1
18362,1
18363,1
18364,1
18365,1
18366,1
18367,1
18368,1
18369,1
1837,1
18370,1
18371,1
18372,1
18373,1
18374,1
18375,1
18376,1
18377,1
18378,1
18379,1
1838,1
18380,1
18381,1
18382,1
18383,1
18384,1
18385,1
18386,0
18387,1
18388,1
18389,1
1839,1
18390,1
18391,1
18392,1
18393,1
18394,1
18395,1
18396,1
18397,1
18398,1
18399,1
184,1
1840,1
18400,1
18401,1
18402,1
18403,1
18404,1
18405,1
18406,1
18407,1
18408,1
18409,1
1841,1
18410,1
18411,1
18412,1
18413,1
18414,1
18415,1
18416,1
18417,1
18418,1
18419,1
1842,1
18420,1
18421,1
18422,1
18423,1
18424,1
18425,1
18426,1
18427,1
18428,1
18429,1
1843,1
18430,1
18431,1
18432,0
18433,1
18434,1
18435,1
18436,1
18437,1
18438,1
18439,1
1844,1
18440,1
18441,1
18442,1
18443,1
18444,1
18445,1
18446,1
18447,1
18448,1
18449,1
1845,1
18450,1
18451,1
18452,1
18453,1
18454,1
18455,1
18456,1
18457,0
18458,1
18459,1
1846,1
18460,1
18461,1
18462,1
18463,1
18464,1
18465,1
18466,1
18467,1
18468,1
18469,1
1847,1
18470,1
18471,1
18472,1
18473,1
18474,1
18475,1
18476,1
18477,1
18478,1
18479,1
1848,1
18480,1
18481,1
18482,1
18483,1
18484,1
18485,1
18486,1
18487,1
18488,1
18489,1
1849,1
18490,1
18491,1
18492,1
18493,0
18494,1
18495,1
18496,1
18497,1
18498,1
18499,1
185,1
1850,1
18500,1
18501,1
18502,1
18503,1
18504,1
18505,1
18506,1
18507,1
18508,1
18509,1
1851,1
18510,1
18511,1
18512,1
18513,0
18514,1
18515,1
18516,1
18517,1
18518,1
18519,1
1852,1
18520,1
18521,1
18522,1
18523,1
18524,1
18525,1
18526,1
18527,1
18528,1
18529,1
1853,1
18530,1
18531,1
18532,1
18533,1
18534,1
18535,1
18536,1
18537,1
18538,1
18539,1
1854,1
18540,1
18541,1
18542,1
18543,1
18544,1
18545,1
18546,1
18547,1
18548,1
18549,1
1855,1
18550,1
18551,1
18552,1
18553,1
18554,1
18555,1
18556,1
18557,1
18558,1
18559,1
1856,1
18560,1
18561,1
18562,1
18563,1
18564,1
18565,0
18566,1
18567,1
18568,1
18569,1
1857,1
18570,1
18571,1
18572,1
18573,1
18574,1
18575,1
18576,1
18577,1
18578,1
18579,1
1858,1
18580,1
18581,1
18582,1
18583,1
18584,1
18585,1
18586,1
18587,1
18588,1
18589,1
1859,1
18590,1
18591,1
18592,1
18593,1
18594,1
18595,1
18596,1
18597,1
18598,1
18599,1
186,1
1860,0
18600,1
18601,1
18602,1
18603,1
18604,1
18605,1
18606,1
18607,1
18608,1
18609,1
1861,1
18610,0
18611,1
18612,1
18613,1
18614,1
18615,1
18616,1
18617,1
18618,1
18619,1
1862,1
18620,0
18621,1
18622,1
18623,1
18624,1
18625,1
18626,1
18627,1
18628,1
18629,1
1863,1
18630,1
18631,1
18632,1
18633,1
18634,1
18635,1
18636,1
18637,1
18638,1
18639,1
1864,1
18640,1
18641,1
18642,1
18643,1
18644,1
18645,1
18646,1
18647,1
18648,1
18649,1
1865,1
18650,1
18651,1
18652,1
18653,1
18654,1
18655,1
18656,1
18657,1
18658,1
18659,1
1866,1
18660,1
18661,1
18662,1
18663,1
18664,1
18665,1
18666,1
18667,1
18668,1
18669,1
1867,1
18670,1
18671,1
18672,1
18673,1
18674,1
18675,1
18676,1
18677,1
18678,1
18679,1
1868,1
18680,0
18681,1
18682,1
18683,1
18684,1
18685,1
18686,1
18687,1
18688,1
18689,1
1869,1
18690,1
18691,1
18692,1
18693,1
18694,1
18695,1
18696,1
18697,1
18698,1
18699,1
187,1
1870,1
18700,0
18701,1
18702,1
18703,1
18704,1
18705,1
18706,1
18707,1
18708,1
18709,1
1871,1
18710,1
18711,1
18712,1
18713,1
18714,1
18715,1
18716,1
18717,1
18718,0
18719,1
1872,1
18720,1
18721,1
18722,1
18723,1
18724,1
18725,1
18726,1
18727,1
18728,1
18729,1
1873,1
18730,1
18731,1
18732,1
18733,1
18734,1
18735,1
18736,1
18737,1
18738,1
18739,1
1874,1
18740,1
18741,1
18742,1
18743,1
18744,1
18745,1
18746,1
18747,1
18748,1
18749,1
1875,1
18750,1
18751,1
18752,1
18753,1
18754,1
18755,1
18756,1
18757,1
18758,1
18759,1
1876,1
18760,1
18761,1
18762,1
18763,1
18764,1
18765,1
18766,1
18767,1
18768,1
18769,1
1877,1
18770,1
18771,1
18772,1
18773,1
18774,1
18775,1
18776,1
18777,1
18778,1
18779,1
1878,1
18780,1
18781,1
18782,1
18783,1
18784,0
18785,1
18786,1
18787,1
18788,1
18789,1
1879,1
18790,1
18791,1
18792,1
18793,1
18794,1
18795,1
18796,1
18797,1
18798,1
18799,1
188,1
1880,1
18800,1
18801,1
18802,1
18803,0
18804,1
18805,1
18806,1
18807,1
18808,1
18809,1
1881,1
18810,1
18811,1
18812,1
18813,1
18814,1
18815,1
18816,1
18817,1
18818,1
18819,1
1882,1
18820,1
18821,1
18822,1
18823,1
18824,1
18825,1
18826,1
18827,1
18828,1
18829,1
1883,1
18830,1
18831,1
18832,1
18833,1
18834,1
18835,1
18836,1
18837,1
18838,1
18839,1
1884,1
18840,1
18841,1
18842,1
18843,1
18844,1
18845,1
18846,1
18847,1
18848,1
18849,1
1885,1
18850,1
18851,1
18852,1
18853,1
18854,1
18855,1
18856,1
18857,1
18858,1
18859,1
1886,0
18860,1
18861,1
18862,1
18863,1
18864,1
18865,1
18866,1
18867,1
18868,1
18869,1
1887,1
18870,0
18871,1
18872,1
18873,1
18874,1
18875,1
18876,1
18877,1
18878,1
18879,1
1888,1
18880,1
18881,1
18882,1
18883,1
18884,1
18885,1
18886,1
18887,1
18888,1
18889,1
1889,1
18890,1
18891,1
18892,1
18893,1
18894,1
18895,1
18896,1
18897,1
18898,1
18899,1
189,1
1890,1
18900,1
18901,1
18902,1
18903,1
18904,1
18905,1
18906,1
18907,1
18908,1
18909,1
1891,1
18910,1
18911,1
18912,1
18913,1
18914,1
18915,1
18916,1
18917,1
18918,0
18919,1
1892,1
18920,1
18921,1
18922,1
18923,1
18924,1
18925,1
18926,1
18927,0
18928,1
18929,1
1893,1
18930,1
18931,1
18932,1
18933,1
18934,1
18935,1
18936,1
18937,1
18938,1
18939,1
1894,1
18940,1
18941,1
18942,1
18943,1
18944,1
18945,1
18946,1
18947,1
18948,1
18949,1
1895,1
18950,1
18951,1
18952,1
18953,1
18954,1
18955,1
18956,1
18957,1
18958,1
18959,1
1896,1
18960,1
18961,1
18962,1
18963,1
18964,1
18965,1
18966,1
18967,1
18968,1
18969,1
1897,1
18970,1
18971,1
18972,1
18973,1
18974,1
18975,1
18976,1
18977,1
18978,1
18979,1
1898,1
18980,1
18981,1
18982,1
18983,1
18984,1
18985,1
18986,1
18987,1
18988,1
18989,1
1899,1
18990,1
18991,1
18992,1
18993,1
18994,1
18995,1
18996,0
18997,1
18998,1
18999,1
19,1
190,1
1900,1
19000,1
19001,1
19002,1
19003,1
19004,1
19005,1
19006,1
19007,1
19008,1
19009,1
1901,1
19010,1
19011,1
19012,1
19013,1
19014,1
19015,1
19016,1
19017,1
19018,1
19019,1
1902,1
19020,1
19021,1
19022,1
19023,1
19024,1
19025,1
19026,1
19027,1
19028,1
19029,1
1903,1
19030,1
19031,0
19032,1
19033,1
19034,1
19035,1
19036,1
19037,1
19038,1
19039,1
1904,1
19040,1
19041,1
19042,1
19043,1
19044,1
19045,1
19046,1
19047,1
19048,1
19049,1
1905,0
19050,1
19051,1
19052,1
19053,1
19054,1
19055,1
19056,1
19057,1
19058,1
19059,1
1906,1
19060,1
19061,1
19062,1
19063,1
19064,1
19065,1
19066,1
19067,1
19068,1
19069,1
1907,1
19070,1
19071,1
19072,1
19073,1
19074,1
19075,1
19076,1
19077,1
19078,1
19079,1
1908,1
19080,1
19081,1
19082,1
19083,1
19084,1
19085,1
19086,1
19087,1
19088,0
19089,1
1909,1
19090,1
19091,1
19092,1
19093,1
19094,1
19095,1
19096,1
19097,1
19098,1
19099,1
191,1
1910,1
19100,1
19101,1
19102,1
19103,1
19104,1
19105,1
19106,1
19107,1
19108,1
19109,1
1911,1
19110,1
19111,1
19112,1
19113,1
19114,1
19115,1
19116,1
19117,1
19118,1
19119,1
1912,1
19120,1
19121,1
19122,1
19123,1
19124,1
19125,1
19126,1
19127,1
19128,1
19129,1
1913,1
19130,1
19131,1
19132,1
19133,1
19134,1
19135,1
19136,1
19137,1
19138,1
19139,1
1914,1
19140,1
19141,1
19142,1
19143,1
19144,1
19145,1
19146,1
19147,1
19148,1
19149,1
1915,1
19150,1
19151,1
19152,1
19153,1
19154,1
19155,1
19156,1
19157,1
19158,1
19159,1
1916,1
19160,1
19161,1
19162,1
19163,1
19164,1
19165,0
19166,0
19167,1
19168,1
19169,1
1917,1
19170,0
19171,1
19172,1
19173,1
19174,1
19175,1
19176,1
19177,1
19178,1
19179,1
1918,1
19180,1
19181,1
19182,1
19183,1
19184,1
19185,1
19186,1
19187,1
19188,1
19189,1
1919,1
19190,1
19191,1
19192,1
19193,1
19194,1
19195,1
19196,1
19197,1
19198,1
19199,1
192,1
1920,1
19200,1
19201,1
19202,1
19203,1
19204,1
19205,1
19206,1
19207,1
19208,1
19209,1
1921,1
19210,1
19211,1
19212,1
19213,1
19214,1
19215,1
19216,1
19217,1
19218,1
19219,1
1922,1
19220,1
19221,1
19222,1
19223,1
19224,1
19225,1
19226,1
19227,1
19228,1
19229,1
1923,1
19230,1
19231,1
19232,1
19233,1
19234,1
19235,1
19236,1
19237,1
19238,1
19239,1
1924,1
19240,1
19241,1
19242,1
19243,1
19244,1
19245,1
19246,1
19247,1
19248,1
19249,1
1925,1
19250,1
19251,1
19252,1
19253,1
19254,1
19255,1
19256,1
19257,1
19258,1
19259,1
1926,1
19260,1
19261,1
19262,1
19263,1
19264,1
19265,1
19266,1
19267,1
19268,1
19269,1
1927,1
19270,1
19271,1
19272,1
19273,1
19274,1
19275,1
19276,1
19277,1
19278,1
19279,1
1928,1
19280,1
19281,1
19282,1
19283,1
19284,1
19285,1
19286,1
19287,1
19288,1
19289,1
1929,1
19290,1
19291,1
19292,0
19293,1
19294,1
19295,1
19296,1
19297,1
19298,1
19299,1
193,1
1930,1
19300,1
19301,1
19302,1
19303,1
19304,1
19305,1
19306,1
19307,1
19308,1
19309,1
1931,1
19310,1
19311,1
19312,1
19313,1
19314,1
19315,1
19316,1
19317,1
19318,1
19319,1
1932,1
19320,1
19321,1
19322,1
19323,1
19324,1
19325,1
19326,1
19327,1
19328,1
19329,1
1933,1
19330,1
19331,1
19332,1
19333,1
19334,1
19335,1
19336,1
19337,1
19338,1
19339,1
1934,1
19340,1
19341,1
19342,1
19343,1
19344,0
19345,1
19346,1
19347,1
19348,1
19349,1
1935,1
19350,1
19351,0
19352,1
19353,1
19354,0
19355,1
19356,1
19357,1
19358,1
19359,1
1936,1
19360,1
19361,1
19362,1
19363,1
19364,1
19365,1
19366,1
19367,1
19368,1
19369,1
1937,1
19370,1
19371,1
19372,1
19373,1
19374,1
19375,1
19376,1
19377,1
19378,1
19379,1
1938,1
19380,1
19381,1
19382,1
19383,1
19384,1
19385,1
19386,1
19387,1
19388,1
19389,1
1939,1
19390,1
19391,1
19392,1
19393,1
19394,1
19395,1
19396,1
19397,1
19398,1
19399,1
194,1
1940,1
19400,1
19401,1
19402,1
19403,1
19404,1
19405,1
19406,1
19407,1
19408,1
19409,1
1941,1
19410,1
19411,1
19412,1
19413,1
19414,1
19415,1
19416,1
19417,1
19418,1
19419,1
1942,1
19420,1
19421,1
19422,1
19423,1
19424,1
19425,1
19426,1
19427,1
19428,1
19429,1
1943,1
19430,1
19431,1
19432,1
19433,1
19434,1
19435,1
19436,1
19437,1
19438,1
19439,1
1944,1
19440,1
19441,1
19442,1
19443,1
19444,1
19445,1
19446,1
19447,1
19448,1
19449,1
1945,1
19450,1
19451,1
19452,1
19453,1
19454,1
19455,0
19456,1
19457,1
19458,1
19459,1
1946,1
19460,1
19461,1
19462,1
19463,1
19464,1
19465,1
19466,1
19467,1
19468,1
19469,1
1947,1
19470,1
19471,1
19472,1
19473,1
19474,1
19475,1
19476,0
19477,0
19478,1
19479,1
1948,1
19480,1
19481,1
19482,1
19483,1
19484,1
19485,1
19486,1
19487,1
19488,1
19489,1
1949,1
19490,1
19491,1
19492,1
19493,1
19494,1
19495,1
19496,1
19497,1
19498,1
19499,1
195,1
1950,1
19500,1
19501,1
19502,1
19503,1
19504,1
19505,1
19506,1
19507,1
19508,1
19509,1
1951,1
19510,1
19511,1
19512,1
19513,1
19514,1
19515,1
19516,1
19517,1
19518,1
19519,1
1952,0
19520,1
19521,1
19522,1
19523,1
19524,1
19525,1
19526,1
19527,1
19528,1
19529,1
1953,1
19530,1
19531,1
19532,1
19533,1
19534,1
19535,1
19536,1
19537,1
19538,1
19539,1
1954,1
19540,1
19541,1
19542,1
19543,1
19544,1
19545,1
19546,1
19547,1
19548,0
19549,1
1955,1
19550,1
19551,1
19552,1
19553,1
19554,1
19555,1
19556,1
19557,1
19558,1
19559,1
1956,1
19560,1
19561,1
19562,1
19563,1
19564,1
19565,1
19566,1
19567,1
19568,1
19569,1
1957,1
19570,1
19571,1
19572,1
19573,1
19574,1
19575,1
19576,1
19577,1
19578,1
19579,1
1958,1
19580,1
19581,1
19582,1
19583,1
19584,1
19585,1
19586,1
19587,1
19588,1
19589,1
1959,1
19590,1
19591,1
19592,1
19593,1
19594,1
19595,1
19596,1
19597,1
19598,1
19599,1
196,1
1960,1
19600,1
19601,1
19602,1
19603,1
19604,1
19605,1
19606,0
19607,1
19608,1
19609,1
1961,1
19610,1
19611,1
19612,1
19613,1
19614,1
19615,1
19616,1
19617,1
19618,1
19619,1
1962,1
19620,1
19621,1
19622,1
19623,1
19624,1
19625,1
19626,1
19627,1
19628,1
19629,1
1963,1
19630,1
19631,1
19632,1
19633,1
19634,1
19635,1
19636,1
19637,1
19638,1
19639,1
1964,1
19640,1
19641,1
19642,1
19643,1
19644,1
19645,1
19646,1
19647,1
19648,1
19649,1
1965,1
19650,1
19651,1
19652,1
19653,1
19654,1
19655,1
19656,1
19657,1
19658,1
19659,1
1966,1
19660,1
19661,1
19662,1
19663,1
19664,1
19665,1
19666,1
19667,1
19668,1
19669,1
1967,1
19670,1
19671,1
19672,1
19673,1
19674,1
19675,1
19676,0
19677,1
19678,1
19679,1
1968,1
19680,1
19681,1
19682,1
19683,1
19684,1
19685,1
19686,1
19687,1
19688,1
19689,1
1969,1
19690,1
19691,1
19692,1
19693,1
19694,1
19695,1
19696,1
19697,1
19698,1
19699,1
197,1
1970,1
19700,1
19701,1
19702,1
19703,1
19704,1
19705,1
19706,1
19707,1
19708,1
19709,1
1971,1
19710,1
19711,1
19712,1
19713,1
19714,1
19715,1
19716,1
19717,1
19718,1
19719,1
1972,1
19720,1
19721,1
19722,1
19723,0
19724,1
19725,1
19726,1
19727,1
19728,1
19729,1
1973,1
19730,1
19731,1
19732,1
19733,1
19734,1
19735,1
19736,1
19737,1
19738,1
19739,1
1974,1
19740,1
19741,1
19742,1
19743,1
19744,1
19745,1
19746,1
19747,1
19748,1
19749,1
1975,1
19750,1
19751,1
19752,1
19753,1
19754,1
19755,1
19756,1
19757,1
19758,1
19759,1
1976,1
19760,1
19761,1
19762,1
19763,1
19764,1
19765,1
19766,1
19767,1
19768,0
19769,1
1977,1
19770,1
19771,1
19772,1
19773,1
19774,1
19775,1
19776,1
19777,1
19778,1
19779,1
1978,1
19780,1
19781,1
19782,1
19783,0
19784,1
19785,1
19786,1
19787,1
19788,0
19789,1
1979,1
19790,1
19791,1
19792,1
19793,1
19794,1
19795,1
19796,1
19797,1
19798,1
19799,1
198,1
1980,1
19800,1
19801,1
19802,1
19803,1
19804,1
19805,1
19806,1
19807,1
19808,1
19809,1
1981,1
19810,1
19811,1
19812,1
19813,1
19814,1
19815,1
19816,1
19817,1
19818,1
19819,1
1982,1
19820,1
19821,1
19822,1
19823,1
19824,1
19825,1
19826,1
19827,1
19828,0
19829,1
1983,1
19830,1
19831,1
19832,1
19833,1
19834,1
19835,1
19836,1
19837,1
19838,1
19839,1
1984,1
19840,1
19841,1
19842,1
19843,1
19844,1
19845,1
19846,1
19847,1
19848,1
19849,1
1985,0
19850,1
19851,1
19852,1
19853,1
19854,1
19855,1
19856,1
19857,1
19858,1
19859,1
1986,1
19860,1
19861,1
19862,1
19863,1
19864,1
19865,1
19866,1
19867,1
19868,1
19869,1
1987,1
19870,1
19871,1
19872,1
19873,1
19874,1
19875,1
19876,1
19877,1
19878,0
19879,1
1988,1
19880,1
19881,1
19882,1
19883,1
19884,1
19885,1
19886,1
19887,1
19888,1
19889,1
1989,1
19890,1
19891,1
19892,1
19893,1
19894,1
19895,1
19896,1
19897,1
19898,0
19899,1
199,1
1990,1
19900,1
19901,1
19902,1
19903,1
19904,1
19905,1
19906,1
19907,1
19908,1
19909,1
1991,1
19910,1
19911,1
19912,1
19913,1
19914,1
19915,0
19916,1
19917,1
19918,1
19919,1
1992,1
19920,1
19921,1
19922,1
19923,1
19924,1
19925,1
19926,1
19927,1
19928,1
19929,1
1993,1
19930,1
19931,1
19932,1
19933,1
19934,1
19935,1
19936,1
19937,1
19938,1
19939,1
1994,1
19940,1
19941,1
19942,1
19943,1
19944,1
19945,1
19946,1
19947,1
19948,1
19949,1
1995,1
19950,1
19951,1
19952,1
19953,1
19954,1
19955,1
19956,1
19957,1
19958,1
19959,1
1996,1
19960,1
19961,1
19962,1
19963,1
19964,1
19965,1
19966,1
19967,1
19968,1
19969,1
1997,1
19970,1
19971,1
19972,1
19973,1
19974,1
19975,1
19976,1
19977,1
19978,1
19979,1
1998,1
19980,1
19981,1
19982,1
19983,1
19984,1
19985,1
19986,1
19987,1
19988,1
19989,1
1999,1
19990,1
19991,1
19992,1
19993,1
19994,1
19995,1
19996,1
19997,1
19998,1
19999,1
2,1
20,1
200,1
2000,1
20000,1
20001,1
20002,1
20003,1
20004,1
20005,1
20006,1
20007,1
20008,1
20009,1
2001,1
20010,1
20011,1
20012,1
20013,1
20014,1
20015,1
20016,1
20017,1
20018,1
20019,1
2002,1
20020,1
20021,1
20022,1
20023,1
20024,1
20025,0
20026,1
20027,1
20028,1
20029,1
2003,1
20030,1
20031,1
20032,1
20033,1
20034,1
20035,1
20036,1
20037,1
20038,1
20039,1
2004,1
20040,1
20041,1
20042,1
20043,1
20044,1
20045,1
20046,1
20047,1
20048,1
20049,1
2005,1
20050,1
20051,1
20052,1
20053,1
20054,1
20055,1
20056,1
20057,1
20058,1
20059,1
2006,1
20060,1
20061,1
20062,1
20063,1
20064,1
20065,1
20066,1
20067,1
20068,1
20069,1
2007,1
20070,1
20071,1
20072,1
20073,1
20074,1
20075,1
20076,1
20077,1
20078,1
20079,1
2008,1
20080,1
20081,1
20082,1
20083,1
20084,1
20085,1
20086,1
20087,1
20088,1
20089,1
2009,1
20090,1
20091,1
20092,1
20093,1
20094,1
20095,1
20096,1
20097,1
20098,1
20099,1
201,1
2010,1
20100,1
20101,1
20102,1
20103,1
20104,1
20105,1
20106,1
20107,1
20108,1
20109,1
2011,1
20110,1
20111,1
20112,1
20113,1
20114,1
20115,1
20116,1
20117,0
20118,1
20119,1
2012,1
20120,1
20121,1
20122,1
20123,1
20124,1
20125,1
20126,1
20127,1
20128,1
20129,1
2013,1
20130,1
20131,1
20132,1
20133,1
20134,1
20135,1
20136,1
20137,1
20138,1
20139,1
2014,1
20140,1
20141,1
20142,1
20143,1
20144,1
20145,1
20146,1
20147,1
20148,1
20149,1
2015,1
20150,1
20151,1
20152,1
20153,1
20154,1
20155,1
20156,1
20157,1
20158,1
20159,1
2016,1
20160,1
20161,1
20162,1
20163,1
20164,1
20165,1
20166,1
20167,1
20168,1
20169,1
2017,1
20170,1
20171,1
20172,1
20173,1
20174,1
20175,1
20176,1
20177,1
20178,1
20179,1
2018,1
20180,1
20181,1
20182,1
20183,1
20184,1
20185,1
20186,1
20187,0
20188,1
20189,1
2019,1
20190,1
20191,1
20192,1
20193,1
20194,1
20195,1
20196,1
20197,1
20198,1
20199,1
202,1
2020,1
20200,1
20201,0
20202,1
20203,1
20204,1
20205,1
20206,1
20207,1
20208,1
20209,1
2021,1
20210,1
20211,1
20212,1
20213,1
20214,1
20215,1
20216,1
20217,1
20218,1
20219,1
2022,1
20220,1
20221,1
20222,1
20223,1
20224,1
20225,1
20226,1
20227,1
20228,1
20229,1
2023,0
20230,1
20231,1
20232,1
20233,1
20234,1
20235,1
20236,1
20237,1
20238,1
20239,1
2024,1
20240,1
20241,1
20242,1
20243,1
20244,1
20245,1
20246,1
20247,1
20248,1
20249,1
2025,1
20250,1
20251,1
20252,1
20253,1
20254,1
20255,1
20256,1
20257,1
20258,1
20259,1
2026,1
20260,1
20261,1
20262,1
20263,1
20264,1
20265,0
20266,1
20267,1
20268,1
20269,1
2027,0
20270,1
20271,1
20272,1
20273,1
20274,1
20275,0
20276,1
20277,1
20278,1
20279,1
2028,1
20280,1
20281,1
20282,1
20283,0
20284,1
20285,1
20286,1
20287,1
20288,1
20289,1
2029,1
20290,1
20291,1
20292,1
20293,1
20294,1
20295,1
20296,1
20297,1
20298,1
20299,1
203,1
2030,1
20300,1
20301,1
20302,1
20303,1
20304,1
20305,1
20306,1
20307,1
20308,1
20309,1
2031,1
20310,1
20311,1
20312,1
20313,1
20314,1
20315,1
20316,1
20317,1
20318,1
20319,1
2032,1
20320,1
20321,1
20322,1
20323,1
20324,1
20325,1
20326,1
20327,1
20328,1
20329,1
2033,1
20330,1
20331,1
20332,1
20333,1
20334,1
20335,1
20336,1
20337,1
20338,1
20339,1
2034,1
20340,1
20341,1
20342,1
20343,1
20344,1
20345,1
20346,1
20347,1
20348,1
20349,1
2035,1
20350,1
20351,1
20352,1
20353,1
20354,1
20355,1
20356,1
20357,1
20358,1
20359,1
2036,1
20360,1
20361,1
20362,1
20363,1
20364,1
20365,1
20366,1
20367,1
20368,1
20369,1
2037,1
20370,1
20371,1
20372,1
20373,1
20374,1
20375,1
20376,1
20377,1
20378,1
20379,1
2038,1
20380,1
20381,1
20382,1
20383,1
20384,1
20385,1
20386,1
20387,1
20388,1
20389,1
2039,1
20390,1
20391,1
20392,1
20393,1
20394,1
20395,1
20396,1
20397,1
20398,1
20399,1
204,1
2040,1
20400,1
20401,1
20402,1
20403,1
20404,1
20405,1
20406,1
20407,1
20408,1
20409,1
2041,1
20410,1
20411,1
20412,1
20413,1
20414,1
20415,1
20416,1
20417,1
20418,1
20419,1
2042,1
20420,1
20421,1
20422,1
20423,1
20424,1
20425,1
20426,1
20427,1
20428,1
20429,1
2043,1
20430,1
20431,1
20432,1
20433,1
20434,1
20435,1
20436,1
20437,1
20438,1
20439,1
2044,1
20440,1
20441,1
20442,1
20443,1
20444,1
20445,1
20446,1
20447,1
20448,0
20449,1
2045,1
20450,1
20451,1
20452,1
20453,1
20454,1
20455,1
20456,1
20457,1
20458,1
20459,1
2046,1
20460,1
20461,1
20462,1
20463,1
20464,1
20465,1
20466,1
20467,1
20468,1
20469,1
2047,1
20470,1
20471,1
20472,1
20473,1
20474,1
20475,1
20476,1
20477,1
20478,1
20479,1
2048,1
20480,1
20481,1
20482,1
20483,1
20484,1
20485,1
20486,1
20487,1
20488,1
20489,1
2049,1
20490,1
20491,1
20492,1
20493,1
20494,1
20495,1
20496,1
20497,1
20498,1
20499,1
205,1
2050,1
20500,1
20501,1
20502,1
20503,1
20504,1
20505,1
20506,1
20507,1
20508,1
20509,1
2051,1
20510,1
20511,1
20512,1
20513,1
20514,1
20515,1
20516,1
20517,1
20518,1
20519,1
2052,1
20520,1
20521,1
20522,1
20523,1
20524,1
20525,1
20526,1
20527,1
20528,1
20529,1
2053,1
20530,1
20531,1
20532,1
20533,1
20534,1
20535,1
20536,1
20537,1
20538,1
20539,1
2054,1
20540,1
20541,1
20542,1
20543,1
20544,1
20545,1
20546,1
20547,1
20548,1
20549,1
2055,1
20550,1
20551,1
20552,1
20553,0
20554,1
20555,1
20556,1
20557,1
20558,1
20559,1
2056,1
20560,1
20561,1
20562,1
20563,1
20564,1
20565,1
20566,1
20567,1
20568,1
20569,1
2057,0
20570,1
20571,1
20572,1
20573,1
20574,0
20575,1
20576,1
20577,1
20578,1
20579,1
2058,1
20580,1
20581,1
20582,1
20583,1
20584,1
20585,1
20586,1
20587,1
20588,1
20589,1
2059,1
20590,1
20591,1
20592,1
20593,1
20594,1
20595,1
20596,1
20597,1
20598,1
20599,1
206,1
2060,1
20600,1
20601,1
20602,1
20603,1
20604,1
20605,1
20606,1
20607,1
20608,0
20609,1
2061,1
20610,1
20611,1
20612,1
20613,1
20614,1
20615,1
20616,1
20617,1
20618,1
20619,1
2062,1
20620,1
20621,1
20622,1
20623,1
20624,1
20625,1
20626,1
20627,1
20628,1
20629,1
2063,1
20630,1
20631,1
20632,0
20633,1
20634,1
20635,1
20636,1
20637,1
20638,1
20639,1
2064,1
20640,1
20641,1
20642,1
20643,1
20644,1
20645,1
20646,1
20647,1
20648,1
20649,1
2065,1
20650,1
20651,1
20652,1
20653,1
20654,1
20655,1
20656,1
20657,1
20658,1
20659,1
2066,1
20660,1
20661,1
20662,1
20663,1
20664,1
20665,1
20666,1
20667,1
20668,1
20669,1
2067,1
20670,1
20671,1
20672,1
20673,1
20674,1
20675,1
20676,1
20677,1
20678,1
20679,1
2068,1
20680,1
20681,1
20682,1
20683,1
20684,1
20685,1
20686,1
20687,1
20688,0
20689,1
2069,0
20690,1
20691,1
20692,1
20693,1
20694,1
20695,1
20696,1
20697,1
20698,1
20699,1
207,1
2070,1
20700,1
20701,1
20702,1
20703,1
20704,1
20705,1
20706,1
20707,1
20708,1
20709,1
2071,1
20710,1
20711,1
20712,1
20713,1
20714,1
20715,1
20716,1
20717,1
20718,1
20719,1
2072,1
20720,1
20721,1
20722,1
20723,1
20724,1
20725,1
20726,1
20727,1
20728,1
20729,1
2073,1
20730,1
20731,1
20732,1
20733,1
20734,1
20735,1
20736,1
20737,1
20738,1
20739,1
2074,1
20740,0
20741,1
20742,1
20743,1
20744,1
20745,0
20746,1
20747,1
20748,1
20749,1
2075,1
20750,1
20751,1
20752,1
20753,1
20754,1
20755,1
20756,1
20757,1
20758,1
20759,1
2076,1
20760,1
20761,1
20762,1
20763,1
20764,1
20765,1
20766,1
20767,1
20768,1
20769,1
2077,1
20770,1
20771,1
20772,1
20773,1
20774,1
20775,1
20776,1
20777,1
20778,0
20779,1
2078,1
20780,1
20781,1
20782,1
20783,1
20784,1
20785,1
20786,1
20787,1
20788,1
20789,1
2079,1
20790,1
20791,1
20792,1
20793,1
20794,1
20795,1
20796,1
20797,1
20798,1
20799,1
208,1
2080,1
20800,1
20801,1
20802,1
20803,1
20804,1
20805,1
20806,1
20807,1
20808,1
20809,1
2081,1
20810,1
20811,1
20812,1
20813,1
20814,1
20815,1
20816,1
20817,1
20818,1
20819,1
2082,1
20820,1
20821,1
20822,1
20823,1
20824,0
20825,1
20826,1
20827,1
20828,1
20829,1
2083,1
20830,1
20831,1
20832,1
20833,1
20834,1
20835,1
20836,1
20837,1
20838,1
20839,1
2084,1
20840,1
20841,1
20842,1
20843,1
20844,1
20845,1
20846,1
20847,1
20848,1
20849,1
2085,1
20850,1
20851,1
20852,1
20853,1
20854,1
20855,1
20856,1
20857,1
20858,1
20859,1
2086,0
20860,1
20861,1
20862,1
20863,1
20864,1
20865,1
20866,1
20867,1
20868,1
20869,1
2087,1
20870,1
20871,1
20872,1
20873,1
20874,1
20875,1
20876,1
20877,1
20878,1
20879,1
2088,1
20880,1
20881,1
20882,1
20883,1
20884,1
20885,1
20886,1
20887,1
20888,1
20889,1
2089,1
20890,1
20891,0
20892,1
20893,1
20894,1
20895,1
20896,1
20897,1
20898,1
20899,1
209,1
2090,1
20900,1
20901,1
20902,1
20903,1
20904,1
20905,1
20906,1
20907,1
20908,1
20909,1
2091,1
20910,1
20911,1
20912,1
20913,1
20914,1
20915,1
20916,1
20917,1
20918,1
20919,1
2092,1
20920,1
20921,1
20922,1
20923,1
20924,1
20925,1
20926,1
20927,1
20928,1
20929,1
2093,1
20930,1
20931,1
20932,1
20933,1
20934,1
20935,1
20936,1
20937,1
20938,1
20939,1
2094,1
20940,0
20941,1
20942,1
20943,1
20944,1
20945,1
20946,1
20947,1
20948,1
20949,1
2095,1
20950,1
20951,1
20952,1
20953,1
20954,1
20955,1
20956,1
20957,1
20958,1
20959,1
2096,1
20960,1
20961,1
20962,1
20963,1
20964,1
20965,1
20966,1
20967,1
20968,1
20969,0
2097,1
20970,1
20971,1
20972,1
20973,1
20974,1
20975,1
20976,1
20977,1
20978,1
20979,1
2098,1
20980,1
20981,1
20982,1
20983,1
20984,1
20985,1
20986,1
20987,1
20988,1
20989,1
2099,1
20990,1
20991,1
20992,1
20993,1
20994,1
20995,1
20996,1
20997,1
20998,1
20999,1
21,1
210,1
2100,1
21000,1
21001,1
21002,1
21003,1
21004,1
21005,1
21006,1
21007,0
21008,1
21009,1
2101,1
21010,1
21011,1
21012,1
21013,1
21014,1
21015,1
21016,1
21017,1
21018,1
21019,1
2102,1
21020,1
21021,1
21022,1
21023,1
21024,1
21025,1
21026,1
21027,1
21028,1
21029,1
2103,1
21030,1
21031,1
21032,1
21033,1
21034,1
21035,1
21036,1
21037,1
21038,1
21039,1
2104,1
21040,1
21041,1
21042,1
21043,1
21044,1
21045,1
21046,1
21047,1
21048,1
21049,1
2105,1
21050,1
21051,1
21052,1
21053,1
21054,1
21055,1
21056,1
21057,1
21058,1
21059,1
2106,1
21060,1
21061,1
21062,1
21063,1
21064,1
21065,1
21066,1
21067,1
21068,1
21069,1
2107,0
21070,1
21071,1
21072,1
21073,1
21074,1
21075,1
21076,1
21077,1
21078,1
21079,1
2108,1
21080,1
21081,1
21082,1
21083,1
21084,1
21085,1
21086,1
21087,1
21088,1
21089,1
2109,1
21090,1
21091,0
21092,1
21093,1
21094,1
21095,1
21096,1
21097,1
21098,1
21099,1
211,1
2110,1
21100,1
21101,1
21102,1
21103,1
21104,1
21105,1
21106,1
21107,1
21108,1
21109,1
2111,1
21110,1
21111,1
21112,1
21113,1
21114,1
21115,1
21116,1
21117,1
21118,1
21119,1
2112,1
21120,1
21121,1
21122,1
21123,1
21124,1
21125,1
21126,1
21127,1
21128,1
21129,1
2113,1
21130,1
21131,1
21132,1
21133,1
21134,1
21135,1
21136,1
21137,1
21138,1
21139,1
2114,1
21140,1
21141,1
21142,1
21143,1
21144,1
21145,1
21146,1
21147,1
21148,1
21149,1
2115,1
21150,1
21151,1
21152,1
21153,1
21154,1
21155,1
21156,1
21157,1
21158,1
21159,1
2116,1
21160,1
21161,1
21162,1
21163,1
21164,1
21165,1
21166,1
21167,1
21168,1
21169,1
2117,1
21170,1
21171,1
21172,1
21173,1
21174,1
21175,1
21176,1
21177,1
21178,0
21179,1
2118,1
21180,1
21181,1
21182,1
21183,1
21184,1
21185,1
21186,1
21187,1
21188,1
21189,1
2119,1
21190,0
21191,1
21192,1
21193,1
21194,1
21195,0
21196,1
21197,1
21198,1
21199,1
212,1
2120,1
21200,1
21201,1
21202,1
21203,1
21204,1
21205,1
21206,1
21207,1
21208,1
21209,1
2121,1
21210,1
21211,1
21212,1
21213,1
21214,1
21215,1
21216,1
21217,1
21218,1
21219,1
2122,1
21220,1
21221,1
21222,1
21223,1
21224,1
21225,1
21226,1
21227,1
21228,1
21229,1
2123,1
21230,1
21231,1
21232,1
21233,1
21234,1
21235,1
21236,1
21237,1
21238,1
21239,1
2124,1
21240,1
21241,1
21242,1
21243,1
21244,1
21245,1
21246,1
21247,1
21248,1
21249,1
2125,1
21250,1
21251,1
21252,1
21253,1
21254,1
21255,1
21256,1
21257,1
21258,1
21259,1
2126,1
21260,1
21261,1
21262,1
21263,1
21264,1
21265,1
21266,1
21267,1
21268,1
21269,1
2127,1
21270,1
21271,1
21272,1
21273,1
21274,1
21275,1
21276,1
21277,1
21278,1
21279,1
2128,1
21280,1
21281,1
21282,1
21283,1
21284,1
21285,1
21286,1
21287,1
21288,1
21289,1
2129,0
21290,1
21291,1
21292,1
21293,1
21294,1
21295,1
21296,1
21297,1
21298,1
21299,1
213,1
2130,1
21300,1
21301,1
21302,1
21303,1
21304,1
21305,1
21306,1
21307,1
21308,1
21309,1
2131,1
21310,1
21311,1
21312,1
21313,1
21314,1
21315,1
21316,1
21317,1
21318,1
21319,1
2132,1
21320,1
21321,1
21322,1
21323,1
21324,1
21325,1
21326,1
21327,1
21328,1
21329,1
2133,1
21330,1
21331,1
21332,1
21333,1
21334,1
21335,1
21336,1
21337,1
21338,1
21339,1
2134,1
21340,1
21341,1
21342,1
21343,1
21344,1
21345,1
21346,1
21347,1
21348,1
21349,1
2135,1
21350,1
21351,1
21352,1
21353,0
21354,1
21355,1
21356,1
21357,1
21358,1
21359,1
2136,1
21360,1
21361,1
21362,1
21363,1
21364,1
21365,1
21366,1
21367,1
21368,1
21369,1
2137,1
21370,1
21371,1
21372,1
21373,1
21374,1
21375,1
21376,1
21377,1
21378,1
21379,1
2138,1
21380,1
21381,1
21382,1
21383,1
21384,1
21385,1
21386,1
21387,1
21388,0
21389,1
2139,1
21390,1
21391,1
21392,1
21393,1
21394,1
21395,1
21396,1
21397,1
21398,1
21399,1
214,1
2140,1
21400,1
21401,1
21402,1
21403,1
21404,1
21405,0
21406,1
21407,1
21408,1
21409,1
2141,1
21410,1
21411,1
21412,1
21413,1
21414,1
21415,1
21416,1
21417,1
21418,1
21419,1
2142,1
21420,1
21421,1
21422,1
21423,0
21424,1
21425,1
21426,1
21427,1
21428,1
21429,1
2143,1
21430,1
21431,1
21432,1
21433,1
21434,1
21435,1
21436,1
21437,1
21438,1
21439,1
2144,1
21440,1
21441,1
21442,1
21443,1
21444,1
21445,1
21446,1
21447,1
21448,1
21449,1
2145,1
21450,1
21451,0
21452,1
21453,1
21454,1
21455,1
21456,1
21457,1
21458,1
21459,1
2146,1
21460,1
21461,1
21462,1
21463,1
21464,1
21465,1
21466,1
21467,1
21468,1
21469,1
2147,1
21470,1
21471,1
21472,1
21473,1
21474,1
21475,1
21476,1
21477,1
21478,1
21479,1
2148,1
21480,1
21481,1
21482,1
21483,1
21484,1
21485,1
21486,1
21487,1
21488,1
21489,1
2149,1
21490,1
21491,1
21492,1
21493,1
21494,1
21495,1
21496,1
21497,1
21498,1
21499,1
215,1
2150,1
21500,1
21501,1
21502,1
21503,1
21504,1
21505,1
21506,1
21507,1
21508,1
21509,1
2151,1
21510,1
21511,1
21512,1
21513,1
21514,1
21515,1
21516,1
21517,1
21518,1
21519,1
2152,1
21520,1
21521,1
21522,1
21523,1
21524,1
21525,1
21526,1
21527,1
21528,1
21529,1
2153,1
21530,1
21531,1
21532,1
21533,1
21534,1
21535,1
21536,1
21537,1
21538,1
21539,1
2154,0
21540,1
21541,1
21542,1
21543,1
21544,1
21545,1
21546,1
21547,1
21548,1
21549,1
2155,1
21550,1
21551,1
21552,1
21553,1
21554,1
21555,1
21556,1
21557,1
21558,1
21559,1
2156,1
21560,1
21561,1
21562,1
21563,1
21564,1
21565,1
21566,1
21567,1
21568,1
21569,1
2157,1
21570,1
21571,1
21572,1
21573,1
21574,0
21575,1
21576,1
21577,1
21578,1
21579,1
2158,1
21580,1
21581,1
21582,1
21583,1
21584,1
21585,1
21586,1
21587,1
21588,1
21589,1
2159,1
21590,1
21591,1
21592,1
21593,0
21594,1
21595,1
21596,1
21597,1
21598,1
21599,1
216,1
2160,1
21600,1
21601,1
21602,1
21603,1
21604,1
21605,1
21606,1
21607,1
21608,1
21609,1
2161,1
21610,1
21611,1
21612,1
21613,1
21614,1
21615,1
21616,1
21617,1
21618,1
21619,1
2162,1
21620,1
21621,1
21622,1
21623,1
21624,1
21625,1
21626,1
21627,1
21628,1
21629,1
2163,1
21630,1
21631,1
21632,1
21633,1
21634,1
21635,1
21636,1
21637,1
21638,1
21639,1
2164,1
21640,1
21641,1
21642,1
21643,1
21644,1
21645,1
21646,1
21647,1
21648,1
21649,1
2165,1
21650,1
21651,1
21652,1
21653,1
21654,1
21655,1
21656,1
21657,1
21658,1
21659,1
2166,1
21660,1
21661,1
21662,1
21663,1
21664,1
21665,1
21666,1
21667,1
21668,1
21669,1
2167,1
21670,1
21671,1
21672,1
21673,1
21674,1
21675,1
21676,1
21677,1
21678,1
21679,1
2168,1
21680,1
21681,1
21682,1
21683,1
21684,1
21685,1
21686,1
21687,1
21688,1
21689,1
2169,1
21690,1
21691,1
21692,1
21693,1
21694,1
21695,1
21696,1
21697,1
21698,1
21699,1
217,1
2170,1
21700,1
21701,1
21702,1
21703,1
21704,1
21705,1
21706,1
21707,1
21708,1
21709,1
2171,1
21710,1
21711,1
21712,1
21713,1
21714,1
21715,1
21716,1
21717,1
21718,1
21719,1
2172,1
21720,1
21721,1
21722,1
21723,1
21724,1
21725,1
21726,1
21727,1
21728,1
21729,1
2173,1
21730,1
21731,1
21732,1
21733,1
21734,1
21735,1
21736,1
21737,1
21738,1
21739,1
2174,1
21740,1
21741,1
21742,1
21743,1
21744,1
21745,1
21746,1
21747,1
21748,1
21749,1
2175,1
21750,1
21751,1
21752,1
21753,1
21754,1
21755,1
21756,1
21757,1
21758,1
21759,1
2176,1
21760,1
21761,1
21762,1
21763,1
21764,1
21765,1
21766,1
21767,1
21768,1
21769,0
2177,1
21770,1
21771,1
21772,1
21773,0
21774,1
21775,1
21776,1
21777,1
21778,1
21779,1
2178,1
21780,1
21781,1
21782,1
21783,1
21784,1
21785,1
21786,1
21787,1
21788,1
21789,1
2179,1
21790,1
21791,1
21792,1
21793,1
21794,1
21795,1
21796,1
21797,1
21798,1
21799,1
218,1
2180,1
21800,1
21801,1
21802,1
21803,1
21804,1
21805,1
21806,1
21807,1
21808,1
21809,1
2181,1
21810,1
21811,1
21812,1
21813,1
21814,1
21815,1
21816,1
21817,1
21818,1
21819,1
2182,1
21820,1
21821,1
21822,1
21823,1
21824,1
21825,1
21826,1
21827,1
21828,1
21829,1
2183,1
21830,1
21831,1
21832,1
21833,1
21834,1
21835,1
21836,1
21837,1
21838,1
21839,1
2184,1
21840,1
21841,1
21842,1
21843,1
21844,1
21845,1
21846,1
21847,1
21848,1
21849,1
2185,1
21850,1
21851,1
21852,1
21853,1
21854,1
21855,1
21856,1
21857,1
21858,1
21859,1
2186,0
21860,1
21861,1
21862,1
21863,1
21864,1
21865,1
21866,1
21867,1
21868,1
21869,1
2187,1
21870,1
21871,0
21872,1
21873,1
21874,1
21875,1
21876,1
21877,1
21878,0
21879,1
2188,1
21880,1
21881,1
21882,1
21883,1
21884,1
21885,1
21886,1
21887,1
21888,1
21889,1
2189,1
21890,1
21891,1
21892,1
21893,1
21894,1
21895,1
21896,1
21897,1
21898,1
21899,1
219,1
2190,1
21900,1
21901,1
21902,1
21903,1
21904,1
21905,1
21906,1
21907,1
21908,1
21909,1
2191,1
21910,1
21911,1
21912,1
21913,1
21914,1
21915,1
21916,1
21917,1
21918,1
21919,1
2192,1
21920,1
21921,1
21922,1
21923,1
21924,1
21925,1
21926,1
21927,1
21928,1
21929,1
2193,1
21930,1
21931,1
21932,1
21933,1
21934,1
21935,1
21936,1
21937,1
21938,1
21939,1
2194,1
21940,1
21941,1
21942,1
21943,1
21944,1
21945,1
21946,1
21947,1
21948,1
21949,1
2195,1
21950,1
21951,0
21952,1
21953,1
21954,1
21955,1
21956,1
21957,1
21958,1
21959,1
2196,1
21960,1
21961,1
21962,0
21963,1
21964,1
21965,1
21966,1
21967,1
21968,1
21969,1
2197,1
21970,1
21971,1
21972,1
21973,1
21974,1
21975,1
21976,1
21977,1
21978,1
21979,1
2198,1
21980,1
21981,1
21982,1
21983,1
21984,1
21985,1
21986,1
21987,1
21988,1
21989,1
2199,1
21990,1
21991,1
21992,1
21993,1
21994,1
21995,1
21996,1
21997,1
21998,1
21999,1
22,1
220,1
2200,1
22000,1
22001,1
22002,1
22003,1
22004,1
22005,1
22006,1
22007,1
22008,1
22009,1
2201,1
22010,1
22011,0
22012,1
22013,1
22014,1
22015,1
22016,1
22017,1
22018,1
22019,1
2202,1
22020,1
22021,1
22022,1
22023,1
22024,1
22025,0
22026,1
22027,1
22028,1
22029,1
2203,1
22030,1
22031,1
22032,1
22033,1
22034,1
22035,1
22036,1
22037,1
22038,1
22039,1
2204,1
22040,1
22041,1
22042,1
22043,1
22044,1
22045,1
22046,1
22047,1
22048,1
22049,1
2205,1
22050,1
22051,1
22052,1
22053,1
22054,1
22055,1
22056,1
22057,0
22058,1
22059,1
2206,1
22060,1
22061,1
22062,1
22063,1
22064,1
22065,1
22066,1
22067,1
22068,1
22069,1
2207,1
22070,1
22071,1
22072,1
22073,1
22074,1
22075,1
22076,1
22077,1
22078,1
22079,1
2208,1
22080,1
22081,1
22082,1
22083,1
22084,1
22085,1
22086,1
22087,1
22088,1
22089,1
2209,1
22090,0
22091,1
22092,1
22093,1
22094,1
22095,1
22096,1
22097,1
22098,1
22099,1
221,1
2210,1
22100,1
22101,1
22102,1
22103,1
22104,1
22105,1
22106,1
22107,1
22108,1
22109,1
2211,1
22110,1
22111,1
22112,1
22113,1
22114,1
22115,1
22116,1
22117,1
22118,1
22119,1
2212,1
22120,1
22121,1
22122,1
22123,1
22124,1
22125,1
22126,1
22127,0
22128,1
22129,1
2213,1
22130,1
22131,1
22132,1
22133,1
22134,1
22135,1
22136,1
22137,0
22138,1
22139,1
2214,1
22140,1
22141,1
22142,1
22143,1
22144,1
22145,1
22146,1
22147,1
22148,0
22149,1
2215,1
22150,1
22151,1
22152,1
22153,1
22154,1
22155,1
22156,1
22157,1
22158,1
22159,1
2216,1
22160,1
22161,1
22162,1
22163,1
22164,1
22165,1
22166,1
22167,1
22168,1
22169,1
2217,1
22170,1
22171,1
22172,1
22173,1
22174,1
22175,1
22176,1
22177,1
22178,1
22179,1
2218,1
22180,1
22181,1
22182,1
22183,1
22184,1
22185,1
22186,1
22187,1
22188,1
22189,1
2219,1
22190,1
22191,1
22192,1
22193,1
22194,1
22195,1
22196,1
22197,0
22198,1
22199,1
222,1
2220,1
22200,1
22201,1
22202,1
22203,1
22204,1
22205,1
22206,1
22207,1
22208,0
22209,1
2221,1
22210,1
22211,1
22212,1
22213,1
22214,1
22215,1
22216,1
22217,1
22218,1
22219,1
2222,1
22220,1
22221,1
22222,1
22223,1
22224,1
22225,1
22226,1
22227,1
22228,1
22229,1
2223,0
22230,1
22231,1
22232,1
22233,1
22234,1
22235,1
22236,1
22237,1
22238,1
22239,1
2224,1
22240,1
22241,1
22242,1
22243,1
22244,1
22245,1
22246,1
22247,1
22248,1
22249,1
2225,1
22250,1
22251,1
22252,1
22253,1
22254,1
22255,1
22256,1
22257,1
22258,1
22259,1
2226,1
22260,1
22261,1
22262,1
22263,1
22264,1
22265,1
22266,1
22267,1
22268,1
22269,1
2227,1
22270,1
22271,1
22272,1
22273,1
22274,1
22275,0
22276,1
22277,1
22278,1
22279,1
2228,1
22280,1
22281,1
22282,1
22283,1
22284,1
22285,1
22286,1
22287,1
22288,1
22289,1
2229,1
22290,1
22291,1
22292,1
22293,1
22294,1
22295,1
22296,1
22297,1
22298,1
22299,1
223,1
2230,1
22300,1
22301,1
22302,1
22303,1
22304,1
22305,1
22306,1
22307,1
22308,1
22309,1
2231,1
22310,1
22311,1
22312,1
22313,1
22314,1
22315,1
22316,1
22317,1
22318,1
22319,1
2232,1
22320,1
22321,1
22322,1
22323,1
22324,1
22325,1
22326,1
22327,1
22328,1
22329,1
2233,1
22330,1
22331,1
22332,1
22333,1
22334,1
22335,1
22336,1
22337,0
22338,1
22339,1
2234,1
22340,1
22341,1
22342,1
22343,1
22344,1
22345,1
22346,1
22347,1
22348,1
22349,1
2235,1
22350,1
22351,1
22352,1
22353,1
22354,1
22355,1
22356,1
22357,1
22358,1
22359,0
2236,1
22360,1
22361,1
22362,1
22363,1
22364,1
22365,1
22366,1
22367,1
22368,1
22369,1
2237,1
22370,1
22371,1
22372,1
22373,1
22374,1
22375,1
22376,0
22377,1
22378,1
22379,1
2238,1
22380,1
22381,1
22382,1
22383,1
22384,1
22385,1
22386,1
22387,1
22388,1
22389,0
2239,1
22390,1
22391,1
22392,1
22393,1
22394,1
22395,1
22396,1
22397,1
22398,1
22399,1
224,1
2240,1
22400,1
22401,1
22402,1
22403,1
22404,1
22405,0
22406,1
22407,1
22408,1
22409,1
2241,1
22410,1
22411,1
22412,1
22413,1
22414,1
22415,1
22416,1
22417,0
22418,1
22419,1
2242,1
22420,1
22421,1
22422,1
22423,1
22424,1
22425,1
22426,1
22427,1
22428,1
22429,1
2243,1
22430,1
22431,1
22432,1
22433,1
22434,1
22435,1
22436,1
22437,1
22438,1
22439,1
2244,1
22440,1
22441,1
22442,1
22443,1
22444,1
22445,1
22446,1
22447,1
22448,1
22449,1
2245,1
22450,1
22451,1
22452,1
22453,1
22454,1
22455,1
22456,1
22457,1
22458,1
22459,1
2246,1
22460,1
22461,1
22462,1
22463,1
22464,1
22465,1
22466,1
22467,1
22468,1
22469,1
2247,1
22470,1
22471,1
22472,1
22473,1
22474,1
22475,1
22476,1
22477,1
22478,1
22479,1
2248,0
22480,1
22481,1
22482,1
22483,1
22484,0
22485,1
22486,1
22487,1
22488,1
22489,1
2249,1
22490,1
22491,1
22492,1
22493,1
22494,1
22495,1
22496,1
22497,1
22498,1
22499,1
225,1
2250,1
22500,1
22501,1
22502,1
22503,1
22504,1
22505,1
22506,1
22507,1
22508,1
22509,1
2251,1
22510,1
22511,1
22512,1
22513,1
22514,1
22515,1
22516,1
22517,1
22518,1
22519,1
2252,1
22520,1
22521,1
22522,1
22523,1
22524,1
22525,1
22526,1
22527,1
22528,1
22529,1
2253,1
22530,1
22531,1
22532,1
22533,1
22534,1
22535,1
22536,1
22537,1
22538,1
22539,1
2254,1
22540,1
22541,0
22542,1
22543,1
22544,1
22545,1
22546,1
22547,1
22548,1
22549,1
2255,1
22550,1
22551,1
22552,1
22553,1
22554,1
22555,1
22556,1
22557,1
22558,1
22559,1
2256,1
22560,1
22561,1
22562,1
22563,1
22564,1
22565,1
22566,1
22567,1
22568,1
22569,1
2257,1
22570,1
22571,1
22572,1
22573,1
22574,1
22575,1
22576,1
22577,1
22578,1
22579,1
2258,1
22580,1
22581,1
22582,1
22583,1
22584,1
22585,1
22586,1
22587,1
22588,1
22589,1
2259,1
22590,1
22591,1
22592,1
22593,1
22594,1
22595,1
22596,1
22597,1
22598,1
22599,1
226,1
2260,1
22600,1
22601,1
22602,1
22603,1
22604,1
22605,1
22606,1
22607,1
22608,1
22609,1
2261,1
22610,1
22611,1
22612,1
22613,1
22614,1
22615,1
22616,1
22617,1
22618,1
22619,1
2262,1
22620,1
22621,1
22622,1
22623,1
22624,1
22625,1
22626,1
22627,1
22628,1
22629,1
2263,1
22630,1
22631,1
22632,1
22633,0
22634,1
22635,1
22636,1
22637,1
22638,1
22639,1
2264,1
22640,1
22641,1
22642,1
22643,1
22644,1
22645,1
22646,0
22647,1
22648,1
22649,1
2265,1
22650,1
22651,1
22652,1
22653,1
22654,1
22655,1
22656,1
22657,1
22658,1
22659,1
2266,1
22660,1
22661,0
22662,1
22663,1
22664,1
22665,1
22666,1
22667,1
22668,0
22669,1
2267,1
22670,1
22671,1
22672,1
22673,1
22674,1
22675,0
22676,1
22677,1
22678,1
22679,1
2268,1
22680,1
22681,1
22682,1
22683,1
22684,0
22685,1
22686,1
22687,1
22688,1
22689,1
2269,1
22690,1
22691,1
22692,1
22693,1
22694,1
22695,1
22696,1
22697,1
22698,1
22699,1
227,1
2270,1
22700,1
22701,1
22702,1
22703,1
22704,1
22705,1
22706,1
22707,1
22708,1
22709,1
2271,1
22710,1
22711,1
22712,1
22713,1
22714,1
22715,1
22716,1
22717,1
22718,1
22719,1
2272,1
22720,1
22721,1
22722,1
22723,1
22724,1
22725,1
22726,1
22727,1
22728,1
22729,1
2273,1
22730,1
22731,1
22732,1
22733,1
22734,1
22735,1
22736,1
22737,1
22738,1
22739,1
2274,1
22740,1
22741,1
22742,1
22743,1
22744,1
22745,1
22746,1
22747,1
22748,1
22749,1
2275,1
22750,1
22751,1
22752,1
22753,1
22754,1
22755,1
22756,1
22757,1
22758,1
22759,1
2276,1
22760,1
22761,1
22762,1
22763,1
22764,1
22765,1
22766,1
22767,1
22768,1
22769,1
2277,0
22770,1
22771,1
22772,1
22773,1
22774,1
22775,1
22776,1
22777,1
22778,1
22779,1
2278,1
22780,1
22781,1
22782,1
22783,1
22784,1
22785,1
22786,1
22787,1
22788,1
22789,1
2279,1
22790,1
22791,1
22792,1
22793,1
22794,1
22795,1
22796,1
22797,0
22798,1
22799,1
228,1
2280,1
22800,1
22801,1
22802,1
22803,1
22804,1
22805,1
22806,1
22807,1
22808,1
22809,1
2281,1
22810,1
22811,1
22812,1
22813,1
22814,1
22815,1
22816,1
22817,1
22818,1
22819,1
2282,0
22820,1
22821,1
22822,1
22823,0
22824,1
22825,1
22826,1
22827,1
22828,0
22829,1
2283,1
22830,1
22831,1
22832,1
22833,1
22834,0
22835,1
22836,1
22837,1
22838,1
22839,1
2284,1
22840,1
22841,1
22842,1
22843,1
22844,1
22845,1
22846,1
22847,1
22848,1
22849,1
2285,1
22850,1
22851,1
22852,1
22853,1
22854,1
22855,1
22856,1
22857,0
22858,1
22859,1
2286,1
22860,1
22861,1
22862,1
22863,1
22864,1
22865,1
22866,1
22867,1
22868,1
22869,1
2287,1
22870,1
22871,1
22872,1
22873,1
22874,1
22875,1
22876,1
22877,1
22878,1
22879,1
2288,1
22880,1
22881,1
22882,1
22883,1
22884,1
22885,1
22886,1
22887,1
22888,1
22889,1
2289,1
22890,1
22891,1
22892,1
22893,1
22894,1
22895,1
22896,1
22897,1
22898,1
22899,1
229,1
2290,1
22900,1
22901,1
22902,1
22903,1
22904,1
22905,1
22906,1
22907,1
22908,1
22909,1
2291,1
22910,1
22911,1
22912,1
22913,1
22914,1
22915,1
22916,1
22917,1
22918,1
22919,1
2292,1
22920,1
22921,1
22922,1
22923,1
22924,1
22925,1
22926,1
22927,1
22928,1
22929,1
2293,1
22930,1
22931,1
22932,1
22933,1
22934,1
22935,1
22936,1
22937,1
22938,1
22939,1
2294,1
22940,1
22941,1
22942,1
22943,1
22944,1
22945,1
22946,1
22947,1
22948,1
22949,1
2295,1
22950,1
22951,1
22952,1
22953,1
22954,1
22955,1
22956,1
22957,1
22958,1
22959,1
2296,1
22960,1
22961,1
22962,1
22963,1
22964,1
22965,1
22966,1
22967,1
22968,1
22969,1
2297,1
22970,1
22971,1
22972,1
22973,1
22974,1
22975,1
22976,1
22977,1
22978,1
22979,1
2298,0
22980,1
22981,1
22982,0
22983,1
22984,1
22985,1
22986,1
22987,1
22988,1
22989,1
2299,1
22990,1
22991,1
22992,1
22993,1
22994,1
22995,1
22996,1
22997,1
22998,1
22999,1
23,1
230,1
2300,1
23000,1
23001,1
23002,1
23003,1
23004,1
23005,1
23006,1
23007,1
23008,1
23009,1
2301,1
23010,1
23011,1
23012,1
23013,1
23014,1
23015,1
23016,1
23017,1
23018,1
23019,1
2302,1
23020,1
23021,1
23022,1
23023,1
23024,1
23025,1
23026,1
23027,1
23028,1
23029,1
2303,1
23030,1
23031,1
23032,1
23033,1
23034,1
23035,1
23036,1
23037,1
23038,1
23039,1
2304,1
23040,1
23041,1
23042,1
23043,1
23044,1
23045,1
23046,1
23047,1
23048,1
23049,1
2305,1
23050,1
23051,1
23052,1
23053,1
23054,1
23055,1
23056,1
23057,1
23058,1
23059,1
2306,1
23060,1
23061,1
23062,1
23063,1
23064,1
23065,1
23066,1
23067,1
23068,1
23069,1
2307,1
23070,1
23071,1
23072,1
23073,1
23074,1
23075,1
23076,1
23077,1
23078,1
23079,1
2308,1
23080,1
23081,1
23082,1
23083,1
23084,1
23085,1
23086,1
23087,1
23088,1
23089,1
2309,1
23090,1
23091,1
23092,1
23093,1
23094,1
23095,1
23096,1
23097,1
23098,1
23099,1
231,1
2310,1
23100,1
23101,1
23102,1
23103,1
23104,1
23105,1
23106,1
23107,1
23108,1
23109,1
2311,1
23110,1
23111,1
23112,1
23113,1
23114,1
23115,1
23116,1
23117,1
23118,1
23119,1
2312,1
23120,1
23121,1
23122,1
23123,1
23124,1
23125,1
23126,1
23127,1
23128,1
23129,1
2313,1
23130,1
23131,1
23132,1
23133,1
23134,1
23135,1
23136,1
23137,1
23138,1
23139,1
2314,1
23140,1
23141,1
23142,1
23143,1
23144,1
23145,1
23146,1
23147,1
23148,1
23149,1
2315,1
23150,1
23151,1
23152,1
23153,1
23154,1
23155,1
23156,1
23157,1
23158,1
23159,1
2316,1
23160,1
23161,0
23162,1
23163,1
23164,1
23165,1
23166,1
23167,1
23168,1
23169,1
2317,1
23170,1
23171,0
23172,1
23173,1
23174,1
23175,1
23176,1
23177,1
23178,1
23179,1
2318,1
23180,1
23181,1
23182,1
23183,1
23184,1
23185,1
23186,1
23187,1
23188,1
23189,1
2319,1
23190,1
23191,1
23192,1
23193,1
23194,1
23195,0
23196,1
23197,1
23198,1
23199,1
232,1
2320,1
23200,1
23201,1
23202,1
23203,1
23204,1
23205,1
23206,1
23207,1
23208,1
23209,1
2321,1
23210,1
23211,1
23212,1
23213,1
23214,1
23215,1
23216,1
23217,0
23218,1
23219,1
2322,1
23220,1
23221,1
23222,1
23223,1
23224,1
23225,1
23226,1
23227,1
23228,1
23229,1
2323,1
23230,1
23231,1
23232,1
23233,1
23234,1
23235,1
23236,1
23237,1
23238,1
23239,1
2324,1
23240,1
23241,1
23242,1
23243,1
23244,1
23245,1
23246,1
23247,1
23248,1
23249,1
2325,1
23250,1
23251,1
23252,1
23253,1
23254,1
23255,1
23256,1
23257,1
23258,1
23259,1
2326,1
23260,1
23261,1
23262,1
23263,1
23264,1
23265,1
23266,1
23267,1
23268,1
23269,0
2327,1
23270,1
23271,1
23272,1
23273,1
23274,1
23275,1
23276,1
23277,1
23278,1
23279,1
2328,1
23280,1
23281,1
23282,1
23283,1
23284,1
23285,1
23286,1
23287,1
23288,1
23289,1
2329,1
23290,1
23291,1
23292,1
23293,1
23294,1
23295,1
23296,1
23297,1
23298,1
23299,1
233,1
2330,1
23300,1
23301,1
23302,1
23303,1
23304,1
23305,1
23306,1
23307,1
23308,1
23309,0
2331,1
23310,1
23311,1
23312,1
23313,1
23314,1
23315,1
23316,1
23317,1
23318,1
23319,1
2332,1
23320,1
23321,1
23322,1
23323,0
23324,1
23325,1
23326,1
23327,1
23328,1
23329,1
2333,1
23330,1
23331,1
23332,1
23333,1
23334,1
23335,1
23336,1
23337,1
23338,1
23339,1
2334,1
23340,1
23341,1
23342,1
23343,1
23344,1
23345,1
23346,1
23347,1
23348,1
23349,1
2335,1
23350,1
23351,1
23352,1
23353,1
23354,0
23355,1
23356,1
23357,1
23358,1
23359,1
2336,1
23360,0
23361,1
23362,1
23363,1
23364,1
23365,1
23366,1
23367,1
23368,1
23369,1
2337,1
23370,1
23371,1
23372,1
23373,1
23374,1
23375,1
23376,1
23377,1
23378,1
23379,1
2338,1
23380,1
23381,1
23382,1
23383,1
23384,1
23385,1
23386,1
23387,1
23388,1
23389,1
2339,1
23390,1
23391,1
23392,1
23393,1
23394,1
23395,1
23396,1
23397,1
23398,1
23399,1
234,1
2340,1
23400,1
23401,1
23402,1
23403,1
23404,1
23405,1
23406,1
23407,1
23408,1
23409,1
2341,1
23410,1
23411,1
23412,1
23413,1
23414,1
23415,1
23416,1
23417,1
23418,1
23419,1
2342,1
23420,1
23421,1
23422,1
23423,1
23424,1
23425,1
23426,1
23427,1
23428,1
23429,1
2343,1
23430,1
23431,1
23432,1
23433,1
23434,1
23435,1
23436,1
23437,1
23438,1
23439,1
2344,1
23440,1
23441,1
23442,1
23443,1
23444,1
23445,1
23446,1
23447,1
23448,1
23449,1
2345,1
23450,1
23451,1
23452,1
23453,1
23454,1
23455,1
23456,1
23457,1
23458,1
23459,1
2346,1
23460,1
23461,1
23462,1
23463,1
23464,1
23465,1
23466,1
23467,1
23468,1
23469,1
2347,1
23470,1
23471,1
23472,1
23473,1
23474,1
23475,1
23476,1
23477,1
23478,1
23479,1
2348,1
23480,1
23481,1
23482,1
23483,1
23484,1
23485,1
23486,1
23487,1
23488,1
23489,1
2349,1
23490,1
23491,1
23492,1
23493,1
23494,1
23495,1
23496,1
23497,1
23498,1
23499,1
235,1
2350,1
23500,1
23501,1
23502,1
23503,1
23504,1
23505,1
23506,1
23507,1
23508,1
23509,1
2351,1
23510,1
23511,1
23512,0
23513,1
23514,1
23515,1
23516,1
23517,1
23518,1
23519,1
2352,1
23520,1
23521,1
23522,1
23523,1
23524,1
23525,1
23526,1
23527,1
23528,1
23529,1
2353,1
23530,1
23531,1
23532,1
23533,1
23534,1
23535,1
23536,1
23537,1
23538,1
23539,1
2354,1
23540,1
23541,1
23542,1
23543,1
23544,1
23545,1
23546,1
23547,1
23548,1
23549,1
2355,1
23550,1
23551,1
23552,1
23553,1
23554,1
23555,1
23556,1
23557,1
23558,1
23559,1
2356,1
23560,1
23561,1
23562,1
23563,1
23564,1
23565,1
23566,1
23567,1
23568,1
23569,1
2357,1
23570,1
23571,1
23572,1
23573,1
23574,1
23575,1
23576,1
23577,1
23578,1
23579,1
2358,0
23580,1
23581,1
23582,1
23583,1
23584,1
23585,1
23586,1
23587,1
23588,1
23589,1
2359,1
23590,1
23591,1
23592,1
23593,1
23594,1
23595,1
23596,1
23597,1
23598,1
23599,1
236,1
2360,1
23600,1
23601,1
23602,1
23603,1
23604,1
23605,1
23606,1
23607,1
23608,1
23609,1
2361,1
23610,1
23611,1
23612,1
23613,1
23614,1
23615,1
23616,1
23617,1
23618,1
23619,1
2362,1
23620,1
23621,1
23622,1
23623,1
23624,1
23625,1
23626,1
23627,1
23628,1
23629,1
2363,1
23630,1
23631,1
23632,1
23633,1
23634,1
23635,1
23636,1
23637,1
23638,1
23639,1
2364,1
23640,1
23641,1
23642,1
23643,1
23644,1
23645,1
23646,1
23647,1
23648,1
23649,1
2365,1
23650,1
23651,1
23652,1
23653,1
23654,1
23655,0
23656,1
23657,1
23658,1
23659,1
2366,1
23660,1
23661,1
23662,1
23663,1
23664,1
23665,1
23666,1
23667,1
23668,1
23669,1
2367,1
23670,1
23671,1
23672,1
23673,1
23674,1
23675,1
23676,1
23677,1
23678,1
23679,1
2368,1
23680,1
23681,1
23682,1
23683,1
23684,1
23685,1
23686,1
23687,1
23688,1
23689,1
2369,1
23690,1
23691,1
23692,1
23693,1
23694,1
23695,1
23696,1
23697,1
23698,1
23699,1
237,1
2370,1
23700,1
23701,1
23702,1
23703,1
23704,1
23705,1
23706,1
23707,1
23708,1
23709,1
2371,1
23710,1
23711,1
23712,1
23713,1
23714,1
23715,1
23716,1
23717,1
23718,1
23719,1
2372,1
23720,1
23721,1
23722,0
23723,1
23724,1
23725,1
23726,1
23727,1
23728,1
23729,1
2373,1
23730,1
23731,1
23732,1
23733,1
23734,1
23735,1
23736,1
23737,1
23738,1
23739,1
2374,1
23740,1
23741,1
23742,1
23743,1
23744,1
23745,1
23746,1
23747,1
23748,1
23749,0
2375,1
23750,1
23751,1
23752,1
23753,1
23754,1
23755,1
23756,1
23757,1
23758,1
23759,1
2376,1
23760,1
23761,1
23762,1
23763,1
23764,1
23765,1
23766,1
23767,1
23768,1
23769,1
2377,1
23770,1
23771,1
23772,1
23773,1
23774,1
23775,1
23776,1
23777,1
23778,1
23779,1
2378,1
23780,1
23781,1
23782,1
23783,1
23784,1
23785,1
23786,1
23787,1
23788,1
23789,1
2379,1
23790,1
23791,1
23792,1
23793,1
23794,1
23795,1
23796,1
23797,1
23798,1
23799,1
238,1
2380,1
23800,1
23801,1
23802,1
23803,1
23804,1
23805,1
23806,1
23807,1
23808,1
23809,1
2381,1
23810,1
23811,0
23812,1
23813,1
23814,1
23815,1
23816,1
23817,1
23818,1
23819,1
2382,1
23820,1
23821,1
23822,1
23823,1
23824,1
23825,1
23826,1
23827,1
23828,1
23829,1
2383,1
23830,1
23831,1
23832,1
23833,1
23834,1
23835,1
23836,1
23837,1
23838,1
23839,1
2384,1
23840,1
23841,1
23842,1
23843,1
23844,1
23845,1
23846,1
23847,1
23848,1
23849,1
2385,1
23850,1
23851,1
23852,1
23853,0
23854,1
23855,1
23856,1
23857,1
23858,1
23859,1
2386,1
23860,1
23861,1
23862,1
23863,1
23864,1
23865,1
23866,1
23867,1
23868,1
23869,1
2387,1
23870,1
23871,1
23872,1
23873,1
23874,1
23875,1
23876,1
23877,1
23878,1
23879,1
2388,1
23880,1
23881,1
23882,1
23883,1
23884,1
23885,1
23886,1
23887,1
23888,1
23889,1
2389,1
23890,1
23891,1
23892,1
23893,1
23894,1
23895,1
23896,1
23897,1
23898,1
23899,1
239,1
2390,1
23900,1
23901,1
23902,1
23903,1
23904,1
23905,1
23906,1
23907,1
23908,1
23909,1
2391,1
23910,1
23911,1
23912,1
23913,1
23914,1
23915,1
23916,1
23917,1
23918,1
23919,1
2392,1
23920,1
23921,1
23922,1
23923,1
23924,1
23925,1
23926,1
23927,1
23928,1
23929,1
2393,1
23930,1
23931,1
23932,1
23933,1
23934,1
23935,1
23936,1
23937,1
23938,1
23939,1
2394,1
23940,1
23941,1
23942,1
23943,1
23944,1
23945,1
23946,1
23947,1
23948,1
23949,1
2395,1
23950,1
23951,1
23952,1
23953,1
23954,1
23955,1
23956,1
23957,1
23958,1
23959,1
2396,1
23960,1
23961,1
23962,1
23963,1
23964,1
23965,1
23966,1
23967,1
23968,1
23969,1
2397,1
23970,1
23971,1
23972,1
23973,1
23974,1
23975,1
23976,1
23977,1
23978,1
23979,0
2398,1
23980,1
23981,1
23982,1
23983,1
23984,1
23985,1
23986,1
23987,1
23988,1
23989,1
2399,1
23990,1
23991,1
23992,1
23993,1
23994,1
23995,1
23996,1
23997,1
23998,1
23999,1
24,1
240,1
2400,1
24000,1
24001,1
24002,1
24003,1
24004,1
24005,1
24006,1
24007,1
24008,1
24009,1
2401,1
24010,1
24011,1
24012,1
24013,1
24014,1
24015,1
24016,1
24017,1
24018,1
24019,1
2402,1
24020,1
24021,1
24022,1
24023,1
24024,1
24025,1
24026,1
24027,1
24028,1
24029,1
2403,1
24030,1
24031,1
24032,1
24033,1
24034,1
24035,1
24036,1
24037,1
24038,1
24039,1
2404,1
24040,1
24041,1
24042,1
24043,1
24044,1
24045,1
24046,1
24047,1
24048,1
24049,1
2405,1
24050,1
24051,1
24052,1
24053,1
24054,1
24055,1
24056,1
24057,1
24058,1
24059,1
2406,1
24060,1
24061,1
24062,1
24063,1
24064,1
24065,1
24066,1
24067,1
24068,1
24069,1
2407,1
24070,1
24071,1
24072,1
24073,0
24074,1
24075,1
24076,1
24077,1
24078,1
24079,1
2408,1
24080,1
24081,1
24082,1
24083,1
24084,1
24085,1
24086,1
24087,1
24088,1
24089,1
2409,1
24090,1
24091,1
24092,1
24093,1
24094,1
24095,1
24096,1
24097,1
24098,1
24099,1
241,1
2410,1
24100,1
24101,1
24102,1
24103,1
24104,1
24105,1
24106,1
24107,1
24108,1
24109,1
2411,1
24110,1
24111,1
24112,1
24113,1
24114,1
24115,1
24116,1
24117,1
24118,1
24119,1
2412,0
24120,1
24121,1
24122,1
24123,1
24124,1
24125,1
24126,1
24127,1
24128,1
24129,1
2413,1
24130,1
24131,1
24132,1
24133,1
24134,1
24135,1
24136,1
24137,1
24138,1
24139,1
2414,1
24140,1
24141,1
24142,1
24143,1
24144,1
24145,1
24146,1
24147,1
24148,1
24149,1
2415,1
24150,1
24151,1
24152,1
24153,1
24154,1
24155,1
24156,1
24157,1
24158,1
24159,1
2416,1
24160,1
24161,1
24162,1
24163,1
24164,1
24165,1
24166,1
24167,1
24168,1
24169,1
2417,1
24170,1
24171,1
24172,1
24173,1
24174,1
24175,1
24176,1
24177,1
24178,1
24179,1
2418,1
24180,1
24181,1
24182,1
24183,1
24184,1
24185,1
24186,1
24187,1
24188,1
24189,1
2419,1
24190,1
24191,1
24192,1
24193,1
24194,1
24195,1
24196,1
24197,1
24198,1
24199,1
242,1
2420,1
24200,1
24201,1
24202,1
24203,1
24204,1
24205,1
24206,1
24207,1
24208,1
24209,1
2421,1
24210,1
24211,1
24212,1
24213,1
24214,1
24215,1
24216,1
24217,1
24218,0
24219,1
2422,1
24220,1
24221,1
24222,1
24223,1
24224,1
24225,1
24226,1
24227,0
24228,1
24229,1
2423,1
24230,1
24231,1
24232,1
24233,1
24234,1
24235,1
24236,1
24237,1
24238,1
24239,1
2424,1
24240,1
24241,1
24242,1
24243,1
24244,1
24245,1
24246,1
24247,1
24248,1
24249,1
2425,1
24250,1
24251,1
24252,1
24253,1
24254,1
24255,1
24256,1
24257,1
24258,1
24259,1
2426,1
24260,1
24261,1
24262,1
24263,1
24264,1
24265,0
24266,1
24267,1
24268,1
24269,1
2427,1
24270,1
24271,1
24272,1
24273,1
24274,1
24275,1
24276,1
24277,1
24278,1
24279,1
2428,1
24280,1
24281,1
24282,1
24283,1
24284,1
24285,1
24286,1
24287,1
24288,1
24289,1
2429,1
24290,1
24291,1
24292,1
24293,1
24294,1
24295,1
24296,1
24297,1
24298,1
24299,1
243,1
2430,1
24300,1
24301,1
24302,1
24303,1
24304,1
24305,1
24306,1
24307,1
24308,1
24309,0
2431,1
24310,1
24311,1
24312,1
24313,1
24314,1
24315,1
24316,1
24317,1
24318,1
24319,1
2432,1
24320,1
24321,1
24322,1
24323,1
24324,1
24325,1
24326,1
24327,1
24328,1
24329,1
2433,1
24330,1
24331,1
24332,1
24333,1
24334,1
24335,1
24336,1
24337,1
24338,1
24339,1
2434,1
24340,1
24341,1
24342,1
24343,1
24344,1
24345,1
24346,1
24347,1
24348,1
24349,1
2435,1
24350,1
24351,1
24352,1
24353,1
24354,1
24355,1
24356,1
24357,1
24358,1
24359,1
2436,1
24360,1
24361,1
24362,1
24363,0
24364,1
24365,1
24366,1
24367,1
24368,1
24369,1
2437,1
24370,1
24371,1
24372,1
24373,1
24374,1
24375,1
24376,1
24377,1
24378,1
24379,1
2438,1
24380,1
24381,1
24382,1
24383,1
24384,1
24385,1
24386,1
24387,1
24388,1
24389,1
2439,1
24390,1
24391,1
24392,1
24393,1
24394,1
24395,1
24396,1
24397,1
24398,1
24399,1
244,1
2440,1
24400,1
24401,1
24402,1
24403,1
24404,1
24405,1
24406,1
24407,1
24408,1
24409,1
2441,1
24410,1
24411,1
24412,1
24413,1
24414,1
24415,0
24416,1
24417,1
24418,1
24419,1
2442,1
24420,1
24421,1
24422,1
24423,1
24424,1
24425,1
24426,1
24427,1
24428,1
24429,1
2443,1
24430,1
24431,1
24432,1
24433,1
24434,1
24435,1
24436,0
24437,1
24438,1
24439,1
2444,1
24440,1
24441,1
24442,1
24443,1
24444,1
24445,1
24446,1
24447,1
24448,1
24449,1
2445,1
24450,1
24451,1
24452,1
24453,1
24454,1
24455,1
24456,1
24457,1
24458,1
24459,1
2446,1
24460,1
24461,1
24462,1
24463,1
24464,1
24465,1
24466,1
24467,1
24468,1
24469,1
2447,1
24470,1
24471,1
24472,1
24473,1
24474,1
24475,1
24476,1
24477,1
24478,0
24479,1
2448,1
24480,1
24481,1
24482,1
24483,1
24484,1
24485,1
24486,1
24487,1
24488,1
24489,1
2449,1
24490,1
24491,1
24492,1
24493,1
24494,1
24495,1
24496,1
24497,1
24498,1
24499,1
245,1
2450,1
24500,1
24501,1
24502,1
24503,1
24504,1
24505,1
24506,1
24507,1
24508,1
24509,1
2451,1
24510,1
24511,1
24512,1
24513,1
24514,1
24515,1
24516,1
24517,1
24518,1
24519,1
2452,1
24520,1
24521,0
24522,1
24523,1
24524,1
24525,1
24526,1
24527,1
24528,1
24529,0
2453,1
24530,1
24531,1
24532,1
24533,1
24534,1
24535,1
24536,0
24537,0
24538,1
24539,1
2454,1
24540,1
24541,1
24542,1
24543,1
24544,1
24545,1
24546,1
24547,1
24548,1
24549,1
2455,1
24550,1
24551,1
24552,1
24553,1
24554,1
24555,1
24556,1
24557,1
24558,1
24559,1
2456,1
24560,1
24561,1
24562,1
24563,1
24564,1
24565,1
24566,1
24567,1
24568,1
24569,1
2457,1
24570,1
24571,1
24572,1
24573,1
24574,1
24575,1
24576,1
24577,1
24578,1
24579,0
2458,1
24580,1
24581,1
24582,1
24583,1
24584,1
24585,1
24586,1
24587,1
24588,1
24589,1
2459,1
24590,1
24591,1
24592,1
24593,1
24594,1
24595,1
24596,1
24597,1
24598,1
24599,1
246,1
2460,1
24600,1
24601,1
24602,1
24603,1
24604,1
24605,1
24606,1
24607,1
24608,1
24609,1
2461,1
24610,1
24611,1
24612,1
24613,1
24614,1
24615,1
24616,1
24617,1
24618,1
24619,1
2462,1
24620,1
24621,1
24622,1
24623,1
24624,1
24625,1
24626,1
24627,1
24628,1
24629,1
2463,1
24630,1
24631,1
24632,1
24633,1
24634,1
24635,1
24636,0
24637,1
24638,1
24639,1
2464,1
24640,1
24641,1
24642,1
24643,1
24644,1
24645,1
24646,1
24647,1
24648,0
24649,1
2465,1
24650,1
24651,1
24652,1
24653,1
24654,1
24655,1
24656,1
24657,1
24658,1
24659,1
2466,1
24660,1
24661,1
24662,1
24663,1
24664,1
24665,1
24666,1
24667,0
24668,1
24669,1
2467,1
24670,1
24671,1
24672,1
24673,1
24674,1
24675,1
24676,1
24677,1
24678,1
24679,1
2468,1
24680,1
24681,1
24682,1
24683,1
24684,1
24685,1
24686,1
24687,1
24688,1
24689,0
2469,1
24690,1
24691,1
24692,0
24693,1
24694,1
24695,1
24696,1
24697,1
24698,1
24699,1
247,1
2470,1
24700,1
24701,1
24702,1
24703,1
24704,1
24705,1
24706,1
24707,1
24708,1
24709,1
2471,1
24710,1
24711,1
24712,1
24713,1
24714,1
24715,1
24716,1
24717,1
24718,1
24719,1
2472,1
24720,1
24721,1
24722,1
24723,1
24724,1
24725,1
24726,1
24727,1
24728,1
24729,1
2473,1
24730,1
24731,1
24732,1
24733,1
24734,1
24735,1
24736,1
24737,1
24738,1
24739,1
2474,1
24740,1
24741,1
24742,1
24743,1
24744,1
24745,1
24746,1
24747,1
24748,1
24749,1
2475,1
24750,1
24751,1
24752,1
24753,1
24754,1
24755,1
24756,1
24757,1
24758,1
24759,1
2476,1
24760,1
24761,1
24762,1
24763,1
24764,1
24765,1
24766,1
24767,1
24768,1
24769,1
2477,1
24770,1
24771,1
24772,1
24773,1
24774,1
24775,1
24776,1
24777,1
24778,1
24779,1
2478,1
24780,1
24781,1
24782,1
24783,1
24784,1
24785,1
24786,1
24787,1
24788,1
24789,1
2479,1
24790,1
24791,1
24792,1
24793,1
24794,1
24795,1
24796,1
24797,1
24798,1
24799,1
248,1
2480,1
24800,1
24801,1
24802,1
24803,1
24804,1
24805,1
24806,1
24807,1
24808,1
24809,1
2481,1
24810,1
24811,1
24812,1
24813,1
24814,1
24815,1
24816,1
24817,1
24818,1
24819,1
2482,1
24820,1
24821,1
24822,1
24823,1
24824,1
24825,1
24826,1
24827,1
24828,1
24829,1
2483,1
24830,1
24831,1
24832,1
24833,1
24834,1
24835,1
24836,1
24837,1
24838,1
24839,1
2484,1
24840,1
24841,1
24842,1
24843,1
24844,1
24845,1
24846,1
24847,1
24848,1
24849,1
2485,1
24850,1
24851,1
24852,1
24853,1
24854,1
24855,1
24856,1
24857,1
24858,1
24859,1
2486,1
24860,1
24861,1
24862,1
24863,1
24864,1
24865,1
24866,1
24867,1
24868,1
24869,1
2487,1
24870,1
24871,1
24872,1
24873,1
24874,1
24875,1
24876,1
24877,1
24878,1
24879,1
2488,1
24880,0
24881,1
24882,1
24883,1
24884,1
24885,1
24886,1
24887,1
24888,1
24889,1
2489,1
24890,1
24891,1
24892,1
24893,1
24894,1
24895,1
24896,1
24897,1
24898,1
24899,1
249,1
2490,1
24900,1
24901,1
24902,1
24903,1
24904,1
24905,1
24906,1
24907,1
24908,1
24909,1
2491,1
24910,1
24911,1
24912,1
24913,1
24914,1
24915,1
24916,1
24917,1
24918,1
24919,1
2492,1
24920,0
24921,1
24922,1
24923,1
24924,1
24925,1
24926,1
24927,1
24928,1
24929,1
2493,1
24930,1
24931,1
24932,1
24933,1
24934,1
24935,1
24936,1
24937,1
24938,1
24939,1
2494,1
24940,1
24941,1
24942,1
24943,1
24944,1
24945,1
24946,1
24947,1
24948,0
24949,1
2495,1
24950,0
24951,1
24952,1
24953,1
24954,1
24955,1
24956,1
24957,1
24958,1
24959,1
2496,1
24960,1
24961,1
24962,1
24963,1
24964,1
24965,1
24966,1
24967,1
24968,1
24969,1
2497,1
24970,1
24971,1
24972,1
24973,1
24974,1
24975,1
24976,1
24977,1
24978,1
24979,1
2498,1
24980,1
24981,1
24982,1
24983,1
24984,1
24985,1
24986,1
24987,1
24988,1
24989,1
2499,1
24990,1
24991,1
24992,1
24993,1
24994,1
24995,1
24996,1
24997,1
24998,1
24999,1
25,1
250,1
2500,1
25000,1
25001,1
25002,1
25003,1
25004,1
25005,1
25006,1
25007,1
25008,1
25009,1
2501,1
25010,1
25011,1
25012,1
25013,1
25014,1
25015,1
25016,1
25017,1
25018,1
25019,1
2502,1
25020,1
25021,1
25022,1
25023,1
25024,1
25025,1
25026,1
25027,1
25028,1
25029,1
2503,1
25030,1
25031,1
25032,1
25033,1
25034,1
25035,1
25036,1
25037,1
25038,1
25039,1
2504,1
25040,1
25041,1
25042,1
25043,1
25044,1
25045,1
25046,1
25047,1
25048,1
25049,1
2505,1
25050,1
25051,1
25052,1
25053,1
25054,1
25055,1
25056,1
25057,1
25058,1
25059,1
2506,1
25060,1
25061,1
25062,1
25063,1
25064,1
25065,1
25066,1
25067,1
25068,1
25069,1
2507,0
25070,1
25071,1
25072,1
25073,1
25074,1
25075,1
25076,1
25077,1
25078,1
25079,1
2508,1
25080,1
25081,1
25082,1
25083,1
25084,1
25085,1
25086,1
25087,1
25088,1
25089,1
2509,1
25090,1
25091,1
25092,1
25093,1
25094,1
25095,1
25096,1
25097,1
25098,1
25099,1
251,1
2510,1
25100,1
25101,1
25102,1
25103,1
25104,1
25105,1
25106,1
25107,1
25108,1
25109,1
2511,1
25110,1
25111,1
25112,1
25113,1
25114,1
25115,1
25116,1
25117,1
25118,1
25119,1
2512,1
25120,1
25121,1
25122,1
25123,1
25124,1
25125,1
25126,1
25127,1
25128,1
25129,1
2513,1
25130,1
25131,1
25132,1
25133,1
25134,1
25135,1
25136,1
25137,1
25138,1
25139,1
2514,1
25140,1
25141,1
25142,1
25143,1
25144,1
25145,1
25146,1
25147,1
25148,1
25149,1
2515,1
25150,1
25151,1
25152,1
25153,1
25154,1
25155,1
25156,1
25157,1
25158,1
25159,1
2516,1
25160,1
25161,1
25162,1
25163,1
25164,1
25165,1
25166,1
25167,1
25168,1
25169,1
2517,1
25170,1
25171,1
25172,0
25173,1
25174,1
25175,1
25176,1
25177,1
25178,1
25179,1
2518,1
25180,1
25181,1
25182,1
25183,1
25184,1
25185,1
25186,1
25187,1
25188,1
25189,1
2519,1
25190,1
25191,1
25192,1
25193,1
25194,1
25195,1
25196,1
25197,1
25198,1
25199,1
252,1
2520,1
25200,1
25201,1
25202,1
25203,1
25204,1
25205,1
25206,1
25207,1
25208,1
25209,1
2521,1
25210,1
25211,1
25212,1
25213,1
25214,1
25215,1
25216,1
25217,1
25218,1
25219,1
2522,1
25220,1
25221,1
25222,1
25223,1
25224,1
25225,1
25226,1
25227,1
25228,1
25229,1
2523,1
25230,1
25231,1
25232,1
25233,1
25234,1
25235,1
25236,1
25237,1
25238,1
25239,1
2524,1
25240,1
25241,1
25242,1
25243,1
25244,1
25245,1
25246,1
25247,1
25248,1
25249,1
2525,1
25250,1
25251,1
25252,1
25253,1
25254,1
25255,1
25256,1
25257,1
25258,1
25259,1
2526,1
25260,1
25261,1
25262,1
25263,1
25264,1
25265,1
25266,1
25267,1
25268,1
25269,1
2527,1
25270,1
25271,1
25272,1
25273,1
25274,1
25275,1
25276,1
25277,1
25278,1
25279,1
2528,1
25280,1
25281,1
25282,1
25283,1
25284,1
25285,1
25286,1
25287,1
25288,1
25289,1
2529,1
25290,0
25291,1
25292,1
25293,1
25294,1
25295,1
25296,1
25297,1
25298,1
25299,1
253,1
2530,1
25300,1
25301,1
25302,1
25303,1
25304,1
25305,1
25306,1
25307,1
25308,1
25309,1
2531,1
25310,1
25311,1
25312,1
25313,1
25314,1
25315,1
25316,1
25317,1
25318,1
25319,1
2532,1
25320,1
25321,1
25322,1
25323,1
25324,1
25325,1
25326,1
25327,1
25328,1
25329,1
2533,1
25330,1
25331,1
25332,1
25333,1
25334,1
25335,1
25336,1
25337,1
25338,1
25339,1
2534,1
25340,1
25341,1
25342,1
25343,1
25344,1
25345,1
25346,1
25347,0
25348,1
25349,1
2535,1
25350,1
25351,1
25352,1
25353,1
25354,1
25355,1
25356,1
25357,1
25358,1
25359,1
2536,1
25360,1
25361,1
25362,1
25363,1
25364,1
25365,1
25366,1
25367,1
25368,1
25369,1
2537,1
25370,1
25371,1
25372,1
25373,1
25374,1
25375,1
25376,1
25377,1
25378,1
25379,1
2538,1
25380,1
25381,1
25382,1
25383,1
25384,1
25385,1
25386,1
25387,1
25388,1
25389,1
2539,1
25390,1
25391,1
25392,1
25393,1
25394,1
25395,1
25396,1
25397,1
25398,1
25399,1
254,1
2540,1
25400,1
25401,1
25402,1
25403,1
25404,1
25405,1
25406,1
25407,1
25408,1
25409,1
2541,1
25410,1
25411,1
25412,1
25413,1
25414,1
25415,1
25416,1
25417,1
25418,1
25419,1
2542,1
25420,1
25421,1
25422,1
25423,1
25424,1
25425,1
25426,1
25427,1
25428,1
25429,1
2543,1
25430,1
25431,1
25432,1
25433,1
25434,1
25435,1
25436,1
25437,1
25438,1
25439,1
2544,1
25440,1
25441,1
25442,1
25443,1
25444,1
25445,1
25446,1
25447,1
25448,1
25449,1
2545,1
25450,1
25451,1
25452,1
25453,1
25454,1
25455,1
25456,1
25457,1
25458,1
25459,1
2546,1
25460,1
25461,1
25462,1
25463,1
25464,1
25465,1
25466,1
25467,1
25468,1
25469,1
2547,1
25470,1
25471,1
25472,1
25473,1
25474,1
25475,1
25476,1
25477,1
25478,1
25479,1
2548,1
25480,1
25481,1
25482,1
25483,1
25484,1
25485,1
25486,1
25487,1
25488,1
25489,1
2549,1
25490,1
25491,1
25492,1
25493,1
25494,1
25495,1
25496,1
25497,1
25498,1
25499,1
255,1
2550,1
25500,1
25501,1
25502,1
25503,1
25504,1
25505,1
25506,1
25507,0
25508,1
25509,1
2551,1
25510,1
25511,1
25512,1
25513,1
25514,1
25515,1
25516,1
25517,1
25518,1
25519,1
2552,1
25520,1
25521,1
25522,1
25523,1
25524,1
25525,1
25526,1
25527,1
25528,1
25529,1
2553,1
25530,1
25531,1
25532,1
25533,1
25534,1
25535,1
25536,1
25537,1
25538,1
25539,1
2554,1
25540,1
25541,1
25542,1
25543,1
25544,0
25545,1
25546,1
25547,1
25548,1
25549,1
2555,1
25550,1
25551,1
25552,1
25553,1
25554,1
25555,1
25556,1
25557,1
25558,1
25559,1
2556,1
25560,1
25561,1
25562,1
25563,1
25564,1
25565,1
25566,1
25567,1
25568,1
25569,1
2557,1
25570,1
25571,1
25572,1
25573,1
25574,1
25575,1
25576,1
25577,1
25578,1
25579,1
2558,1
25580,1
25581,1
25582,1
25583,1
25584,1
25585,1
25586,1
25587,1
25588,1
25589,1
2559,1
25590,0
25591,1
25592,1
25593,1
25594,1
25595,1
25596,1
25597,1
25598,1
25599,0
256,0
2560,1
25600,1
25601,1
25602,1
25603,1
25604,1
25605,1
25606,1
25607,1
25608,1
25609,1
2561,1
25610,1
25611,1
25612,1
25613,1
25614,1
25615,1
25616,1
25617,1
25618,1
25619,1
2562,1
25620,1
25621,1
25622,1
25623,1
25624,1
25625,1
25626,1
25627,1
25628,1
25629,1
2563,1
25630,1
25631,1
25632,1
25633,1
25634,1
25635,1
25636,1
25637,1
25638,1
25639,1
2564,1
25640,1
25641,1
25642,1
25643,1
25644,1
25645,1
25646,1
25647,1
25648,1
25649,1
2565,1
25650,1
25651,1
25652,1
25653,1
25654,1
25655,1
25656,1
25657,1
25658,1
25659,1
2566,1
25660,1
25661,1
25662,1
25663,1
25664,1
25665,1
25666,1
25667,1
25668,1
25669,1
2567,1
25670,1
25671,1
25672,1
25673,1
25674,1
25675,1
25676,1
25677,1
25678,1
25679,1
2568,1
25680,1
25681,1
25682,1
25683,1
25684,1
25685,1
25686,1
25687,1
25688,1
25689,1
2569,1
25690,1
25691,1
25692,1
25693,1
25694,1
25695,1
25696,1
25697,1
25698,1
25699,1
257,1
2570,1
25700,1
25701,1
25702,1
25703,1
25704,1
25705,1
25706,1
25707,1
25708,1
25709,1
2571,1
25710,1
25711,1
25712,1
25713,1
25714,1
25715,0
25716,1
25717,1
25718,1
25719,1
2572,1
25720,1
25721,1
25722,1
25723,1
25724,1
25725,1
25726,1
25727,1
25728,1
25729,1
2573,1
25730,1
25731,1
25732,1
25733,1
25734,1
25735,1
25736,1
25737,1
25738,0
25739,1
2574,1
25740,1
25741,1
25742,1
25743,1
25744,1
25745,1
25746,1
25747,1
25748,1
25749,1
2575,1
25750,1
25751,1
25752,1
25753,1
25754,1
25755,1
25756,1
25757,1
25758,1
25759,1
2576,1
25760,1
25761,1
25762,1
25763,1
25764,1
25765,1
25766,1
25767,1
25768,1
25769,1
2577,1
25770,1
25771,1
25772,1
25773,1
25774,1
25775,1
25776,1
25777,1
25778,1
25779,1
2578,1
25780,1
25781,1
25782,1
25783,1
25784,1
25785,1
25786,1
25787,1
25788,1
25789,1
2579,1
25790,1
25791,1
25792,1
25793,1
25794,1
25795,1
25796,1
25797,1
25798,1
25799,1
258,1
2580,1
25800,1
25801,1
25802,1
25803,1
25804,1
25805,1
25806,1
25807,1
25808,1
25809,1
2581,1
25810,1
25811,1
25812,1
25813,1
25814,1
25815,1
25816,1
25817,1
25818,1
25819,1
2582,1
25820,1
25821,1
25822,1
25823,1
25824,1
25825,1
25826,1
25827,1
25828,1
25829,1
2583,1
25830,1
25831,1
25832,1
25833,1
25834,1
25835,1
25836,1
25837,1
25838,1
25839,1
2584,1
25840,1
25841,1
25842,1
25843,1
25844,1
25845,1
25846,1
25847,1
25848,1
25849,1
2585,1
25850,1
25851,1
25852,1
25853,1
25854,1
25855,1
25856,1
25857,1
25858,1
25859,1
2586,1
25860,1
25861,0
25862,1
25863,1
25864,1
25865,1
25866,1
25867,1
25868,1
25869,1
2587,1
25870,1
25871,1
25872,1
25873,1
25874,1
25875,1
25876,1
25877,1
25878,1
25879,1
2588,1
25880,1
25881,1
25882,1
25883,1
25884,1
25885,1
25886,1
25887,1
25888,0
25889,1
2589,1
25890,1
25891,0
25892,1
25893,1
25894,1
25895,1
25896,1
25897,0
25898,1
25899,1
259,1
2590,1
25900,1
25901,1
25902,1
25903,1
25904,1
25905,1
25906,1
25907,1
25908,1
25909,1
2591,1
25910,1
25911,1
25912,1
25913,1
25914,1
25915,1
25916,1
25917,1
25918,1
25919,1
2592,1
25920,1
25921,1
25922,1
25923,1
25924,1
25925,1
25926,1
25927,1
25928,1
25929,1
2593,1
25930,1
25931,1
25932,1
25933,1
25934,1
25935,1
25936,1
25937,1
25938,1
25939,1
2594,1
25940,1
25941,1
25942,1
25943,1
25944,1
25945,1
25946,1
25947,1
25948,1
25949,1
2595,1
25950,1
25951,1
25952,1
25953,1
25954,1
25955,1
25956,1
25957,1
25958,1
25959,1
2596,0
25960,1
25961,1
25962,1
25963,1
25964,1
25965,1
25966,1
25967,1
25968,1
25969,1
2597,1
25970,1
25971,1
25972,1
25973,1
25974,1
25975,1
25976,1
25977,0
25978,1
25979,1
2598,1
25980,1
25981,1
25982,1
25983,1
25984,1
25985,1
25986,1
25987,1
25988,1
25989,1
2599,1
25990,1
25991,1
25992,1
25993,1
25994,1
25995,1
25996,1
25997,1
25998,1
25999,1
26,1
260,1
2600,1
26000,1
26001,1
26002,1
26003,1
26004,1
26005,1
26006,1
26007,1
26008,1
26009,1
2601,1
26010,1
26011,1
26012,1
26013,1
26014,1
26015,1
26016,1
26017,1
26018,0
26019,1
2602,1
26020,1
26021,1
26022,1
26023,1
26024,1
26025,1
26026,1
26027,1
26028,1
26029,1
2603,1
26030,1
26031,1
26032,1
26033,1
26034,1
26035,1
26036,1
26037,1
26038,1
26039,1
2604,1
26040,1
26041,1
26042,1
26043,1
26044,1
26045,1
26046,1
26047,1
26048,1
26049,1
2605,1
26050,1
26051,1
26052,1
26053,1
26054,1
26055,1
26056,1
26057,1
26058,1
26059,1
2606,1
26060,1
26061,1
26062,1
26063,1
26064,1
26065,1
26066,1
26067,1
26068,1
26069,1
2607,1
26070,1
26071,1
26072,1
26073,1
26074,1
26075,1
26076,1
26077,1
26078,1
26079,1
2608,1
26080,1
26081,1
26082,1
26083,0
26084,1
26085,1
26086,1
26087,1
26088,1
26089,1
2609,1
26090,1
26091,1
26092,1
26093,1
26094,1
26095,0
26096,1
26097,1
26098,1
26099,1
261,1
2610,1
26100,1
26101,0
26102,1
26103,1
26104,1
26105,1
26106,1
26107,1
26108,1
26109,1
2611,1
26110,1
26111,1
26112,1
26113,1
26114,1
26115,1
26116,1
26117,1
26118,1
26119,1
2612,1
26120,1
26121,1
26122,1
26123,1
26124,1
26125,1
26126,1
26127,1
26128,1
26129,1
2613,1
26130,1
26131,1
26132,0
26133,1
26134,1
26135,1
26136,1
26137,1
26138,1
26139,1
2614,1
26140,1
26141,1
26142,1
26143,1
26144,1
26145,1
26146,1
26147,0
26148,1
26149,1
2615,1
26150,1
26151,1
26152,1
26153,1
26154,1
26155,1
26156,0
26157,1
26158,1
26159,1
2616,1
26160,1
26161,1
26162,1
26163,1
26164,1
26165,1
26166,1
26167,1
26168,0
26169,1
2617,1
26170,1
26171,1
26172,1
26173,1
26174,1
26175,1
26176,1
26177,1
26178,1
26179,1
2618,1
26180,1
26181,1
26182,1
26183,1
26184,1
26185,1
26186,1
26187,1
26188,1
26189,1
2619,1
26190,1
26191,1
26192,0
26193,1
26194,1
26195,1
26196,1
26197,1
26198,1
26199,1
262,1
2620,1
26200,1
26201,1
26202,1
26203,1
26204,1
26205,1
26206,1
26207,1
26208,1
26209,1
2621,1
26210,1
26211,1
26212,1
26213,1
26214,1
26215,1
26216,1
26217,1
26218,1
26219,1
2622,1
26220,0
26221,1
26222,1
26223,1
26224,1
26225,1
26226,1
26227,1
26228,1
26229,1
2623,1
26230,1
26231,1
26232,1
26233,1
26234,1
26235,1
26236,1
26237,1
26238,1
26239,1
2624,1
26240,1
26241,1
26242,1
26243,1
26244,1
26245,1
26246,1
26247,1
26248,1
26249,1
2625,1
26250,1
26251,1
26252,1
26253,1
26254,1
26255,1
26256,1
26257,1
26258,1
26259,1
2626,1
26260,1
26261,1
26262,1
26263,1
26264,1
26265,1
26266,1
26267,1
26268,1
26269,1
2627,1
26270,1
26271,1
26272,1
26273,1
26274,1
26275,1
26276,1
26277,1
26278,1
26279,1
2628,1
26280,1
26281,1
26282,1
26283,1
26284,1
26285,1
26286,1
26287,1
26288,1
26289,1
2629,1
26290,1
26291,1
26292,1
26293,1
26294,1
26295,1
26296,1
26297,1
26298,1
26299,1
263,1
2630,1
26300,1
26301,1
26302,1
26303,1
26304,1
26305,1
26306,1
26307,1
26308,1
26309,1
2631,1
26310,1
26311,1
26312,1
26313,1
26314,1
26315,1
26316,1
26317,1
26318,1
26319,1
2632,1
26320,1
26321,1
26322,1
26323,0
26324,1
26325,1
26326,1
26327,1
26328,1
26329,1
2633,1
26330,1
26331,1
26332,1
26333,1
26334,1
26335,1
26336,1
26337,1
26338,1
26339,1
2634,1
26340,1
26341,1
26342,1
26343,1
26344,1
26345,1
26346,1
26347,1
26348,1
26349,1
2635,1
26350,1
26351,1
26352,1
26353,1
26354,1
26355,1
26356,1
26357,1
26358,1
26359,1
2636,1
26360,1
26361,1
26362,1
26363,1
26364,1
26365,1
26366,1
26367,1
26368,1
26369,1
2637,1
26370,1
26371,0
26372,1
26373,1
26374,1
26375,1
26376,1
26377,1
26378,1
26379,1
2638,1
26380,1
26381,1
26382,1
26383,1
26384,1
26385,0
26386,1
26387,1
26388,1
26389,1
2639,1
26390,1
26391,1
26392,1
26393,1
26394,1
26395,1
26396,1
26397,1
26398,1
26399,1
264,1
2640,1
26400,1
26401,1
26402,0
26403,1
26404,1
26405,1
26406,1
26407,1
26408,1
26409,1
2641,1
26410,1
26411,1
26412,1
26413,1
26414,1
26415,1
26416,1
26417,1
26418,1
26419,1
2642,1
26420,1
26421,1
26422,1
26423,1
26424,1
26425,1
26426,1
26427,1
26428,1
26429,1
2643,1
26430,1
26431,1
26432,1
26433,1
26434,1
26435,1
26436,1
26437,1
26438,1
26439,1
2644,1
26440,1
26441,1
26442,1
26443,1
26444,1
26445,1
26446,1
26447,1
26448,1
26449,1
2645,1
26450,1
26451,1
26452,1
26453,1
26454,1
26455,1
26456,1
26457,1
26458,1
26459,1
2646,1
26460,1
26461,1
26462,1
26463,1
26464,1
26465,1
26466,1
26467,1
26468,1
26469,1
2647,1
26470,1
26471,1
26472,1
26473,1
26474,1
26475,1
26476,1
26477,1
26478,1
26479,1
2648,1
26480,1
26481,1
26482,1
26483,1
26484,1
26485,1
26486,1
26487,1
26488,1
26489,1
2649,1
26490,1
26491,1
26492,1
26493,1
26494,1
26495,0
26496,1
26497,1
26498,1
26499,1
265,1
2650,1
26500,1
26501,1
26502,1
26503,1
26504,1
26505,1
26506,1
26507,0
26508,1
26509,1
2651,1
26510,1
26511,1
26512,0
26513,1
26514,1
26515,1
26516,1
26517,1
26518,1
26519,1
2652,1
26520,1
26521,1
26522,1
26523,1
26524,1
26525,1
26526,1
26527,1
26528,1
26529,1
2653,1
26530,1
26531,0
26532,1
26533,1
26534,1
26535,1
26536,1
26537,1
26538,1
26539,1
2654,1
26540,1
26541,1
26542,1
26543,1
26544,0
26545,1
26546,1
26547,1
26548,1
26549,1
2655,1
26550,1
26551,1
26552,1
26553,1
26554,1
26555,1
26556,1
26557,1
26558,1
26559,1
2656,1
26560,1
26561,1
26562,1
26563,1
26564,1
26565,1
26566,1
26567,1
26568,1
26569,1
2657,1
26570,1
26571,1
26572,1
26573,1
26574,1
26575,1
26576,1
26577,1
26578,1
26579,1
2658,1
26580,1
26581,1
26582,1
26583,0
26584,1
26585,1
26586,1
26587,1
26588,1
26589,1
2659,1
26590,1
26591,1
26592,1
26593,1
26594,1
26595,1
26596,1
26597,1
26598,1
26599,1
266,1
2660,1
26600,1
26601,0
26602,1
26603,1
26604,1
26605,1
26606,1
26607,1
26608,1
26609,1
2661,1
26610,1
26611,1
26612,1
26613,1
26614,1
26615,1
26616,1
26617,1
26618,1
26619,1
2662,1
26620,1
26621,1
26622,1
26623,1
26624,1
26625,1
26626,1
26627,1
26628,1
26629,1
2663,1
26630,1
26631,1
26632,1
26633,1
26634,1
26635,1
26636,1
26637,1
26638,1
26639,1
2664,1
26640,1
26641,1
26642,1
26643,1
26644,1
26645,1
26646,1
26647,1
26648,1
26649,1
2665,1
26650,0
26651,1
26652,1
26653,1
26654,1
26655,1
26656,1
26657,1
26658,1
26659,1
2666,1
26660,1
26661,1
26662,1
26663,1
26664,1
26665,1
26666,1
26667,1
26668,1
26669,1
2667,1
26670,1
26671,1
26672,1
26673,1
26674,1
26675,1
26676,1
26677,1
26678,1
26679,1
2668,1
26680,1
26681,1
26682,1
26683,1
26684,1
26685,1
26686,1
26687,1
26688,1
26689,1
2669,1
26690,1
26691,1
26692,1
26693,1
26694,1
26695,1
26696,1
26697,1
26698,1
26699,1
267,1
2670,1
26700,1
26701,1
26702,1
26703,1
26704,1
26705,1
26706,1
26707,1
26708,1
26709,1
2671,1
26710,0
26711,1
26712,1
26713,1
26714,1
26715,1
26716,1
26717,1
26718,1
26719,1
2672,1
26720,1
26721,1
26722,1
26723,1
26724,1
26725,1
26726,1
26727,1
26728,1
26729,1
2673,0
26730,1
26731,1
26732,1
26733,1
26734,1
26735,1
26736,1
26737,1
26738,1
26739,1
2674,1
26740,1
26741,1
26742,1
26743,1
26744,1
26745,1
26746,1
26747,1
26748,1
26749,1
2675,1
26750,1
26751,1
26752,1
26753,1
26754,1
26755,1
26756,1
26757,1
26758,1
26759,1
2676,1
26760,1
26761,1
26762,1
26763,1
26764,1
26765,1
26766,1
26767,1
26768,1
26769,1
2677,1
26770,1
26771,1
26772,1
26773,1
26774,1
26775,1
26776,1
26777,1
26778,1
26779,1
2678,1
26780,1
26781,1
26782,1
26783,1
26784,1
26785,1
26786,1
26787,1
26788,1
26789,1
2679,1
26790,1
26791,1
26792,1
26793,1
26794,1
26795,1
26796,1
26797,1
26798,1
26799,1
268,1
2680,1
26800,1
26801,1
26802,1
26803,1
26804,1
26805,1
26806,1
26807,1
26808,1
26809,1
2681,1
26810,1
26811,1
26812,1
26813,1
26814,1
26815,1
26816,1
26817,1
26818,1
26819,1
2682,1
26820,1
26821,1
26822,1
26823,1
26824,1
26825,1
26826,1
26827,1
26828,1
26829,1
2683,1
26830,1
26831,1
26832,1
26833,1
26834,1
26835,1
26836,1
26837,1
26838,1
26839,1
2684,1
26840,1
26841,0
26842,1
26843,1
26844,1
26845,1
26846,1
26847,1
26848,1
26849,1
2685,0
26850,1
26851,1
26852,1
26853,1
26854,1
26855,1
26856,1
26857,1
26858,1
26859,1
2686,1
26860,1
26861,1
26862,1
26863,1
26864,1
26865,1
26866,1
26867,1
26868,1
26869,1
2687,1
26870,1
26871,1
26872,1
26873,1
26874,1
26875,1
26876,1
26877,1
26878,1
26879,1
2688,1
26880,1
26881,1
26882,1
26883,1
26884,1
26885,1
26886,1
26887,1
26888,1
26889,1
2689,1
26890,1
26891,1
26892,1
26893,1
26894,1
26895,1
26896,1
26897,1
26898,1
26899,1
269,1
2690,1
26900,1
26901,1
26902,1
26903,1
26904,1
26905,1
26906,1
26907,1
26908,1
26909,1
2691,1
26910,1
26911,1
26912,1
26913,1
26914,1
26915,1
26916,1
26917,1
26918,1
26919,1
2692,1
26920,1
26921,1
26922,1
26923,1
26924,1
26925,1
26926,1
26927,1
26928,1
26929,1
2693,1
26930,1
26931,1
26932,1
26933,1
26934,1
26935,1
26936,1
26937,1
26938,1
26939,1
2694,1
26940,1
26941,1
26942,1
26943,1
26944,1
26945,1
26946,1
26947,1
26948,1
26949,1
2695,1
26950,1
26951,1
26952,1
26953,1
26954,1
26955,1
26956,1
26957,1
26958,1
26959,1
2696,1
26960,1
26961,1
26962,1
26963,1
26964,1
26965,1
26966,1
26967,1
26968,1
26969,1
2697,1
26970,1
26971,1
26972,1
26973,1
26974,1
26975,1
26976,1
26977,1
26978,1
26979,1
2698,1
26980,1
26981,1
26982,1
26983,1
26984,1
26985,1
26986,1
26987,1
26988,1
26989,1
2699,1
26990,1
26991,1
26992,1
26993,1
26994,1
26995,1
26996,1
26997,0
26998,1
26999,1
27,1
270,1
2700,1
27000,1
27001,1
27002,1
27003,1
27004,1
27005,1
27006,1
27007,1
27008,1
27009,1
2701,1
27010,1
27011,1
27012,1
27013,1
27014,1
27015,1
27016,1
27017,1
27018,1
27019,1
2702,1
27020,1
27021,1
27022,1
27023,1
27024,1
27025,1
27026,1
27027,1
27028,1
27029,1
2703,1
27030,1
27031,1
27032,1
27033,1
27034,1
27035,1
27036,0
27037,1
27038,1
27039,1
2704,1
27040,1
27041,1
27042,1
27043,0
27044,1
27045,1
27046,0
27047,1
27048,1
27049,1
2705,1
27050,1
27051,1
27052,1
27053,1
27054,1
27055,1
27056,1
27057,1
27058,1
27059,1
2706,1
27060,1
27061,1
27062,1
27063,1
27064,1
27065,1
27066,1
27067,1
27068,1
27069,1
2707,1
27070,1
27071,1
27072,1
27073,1
27074,1
27075,1
27076,1
27077,1
27078,1
27079,1
2708,1
27080,1
27081,1
27082,1
27083,1
27084,1
27085,1
27086,1
27087,1
27088,1
27089,1
2709,1
27090,1
27091,1
27092,1
27093,1
27094,1
27095,1
27096,1
27097,1
27098,1
27099,1
271,1
2710,1
27100,1
27101,1
27102,1
27103,1
27104,1
27105,1
27106,1
27107,1
27108,1
27109,1
2711,1
27110,1
27111,1
27112,1
27113,1
27114,1
27115,1
27116,0
27117,1
27118,1
27119,1
2712,1
27120,1
27121,1
27122,1
27123,1
27124,1
27125,1
27126,1
27127,1
27128,1
27129,1
2713,1
27130,1
27131,1
27132,1
27133,1
27134,1
27135,1
27136,1
27137,1
27138,1
27139,1
2714,1
27140,1
27141,1
27142,1
27143,1
27144,1
27145,1
27146,1
27147,1
27148,1
27149,1
2715,1
27150,1
27151,1
27152,1
27153,1
27154,1
27155,1
27156,1
27157,1
27158,1
27159,1
2716,1
27160,1
27161,1
27162,1
27163,1
27164,1
27165,1
27166,1
27167,0
27168,1
27169,1
2717,1
27170,1
27171,1
27172,1
27173,1
27174,1
27175,1
27176,1
27177,1
27178,1
27179,1
2718,1
27180,1
27181,1
27182,1
27183,1
27184,1
27185,1
27186,1
27187,1
27188,1
27189,1
2719,1
27190,1
27191,1
27192,1
27193,1
27194,1
27195,1
27196,1
27197,1
27198,1
27199,1
272,1
2720,1
27200,1
27201,1
27202,1
27203,1
27204,1
27205,1
27206,1
27207,1
27208,1
27209,1
2721,1
27210,1
27211,1
27212,1
27213,1
27214,1
27215,1
27216,1
27217,1
27218,1
27219,1
2722,1
27220,1
27221,1
27222,1
27223,1
27224,1
27225,1
27226,1
27227,1
27228,1
27229,1
2723,1
27230,1
27231,1
27232,1
27233,1
27234,1
27235,1
27236,0
27237,1
27238,1
27239,1
2724,1
27240,1
27241,1
27242,1
27243,1
27244,1
27245,1
27246,1
27247,1
27248,1
27249,1
2725,1
27250,1
27251,1
27252,1
27253,1
27254,1
27255,0
27256,1
27257,1
27258,1
27259,0
2726,1
27260,1
27261,1
27262,1
27263,1
27264,1
27265,1
27266,0
27267,1
27268,1
27269,1
2727,1
27270,1
27271,1
27272,1
27273,1
27274,1
27275,1
27276,1
27277,1
27278,1
27279,1
2728,1
27280,1
27281,1
27282,1
27283,1
27284,1
27285,1
27286,1
27287,1
27288,1
27289,1
2729,1
27290,1
27291,1
27292,1
27293,1
27294,1
27295,1
27296,1
27297,1
27298,1
27299,1
273,1
2730,1
27300,1
27301,1
27302,1
27303,1
27304,1
27305,1
27306,1
27307,1
27308,1
27309,1
2731,1
27310,1
27311,1
27312,1
27313,1
27314,1
27315,1
27316,1
27317,1
27318,1
27319,1
2732,1
27320,1
27321,1
27322,1
27323,1
27324,1
27325,1
27326,1
27327,1
27328,1
27329,1
2733,1
27330,1
27331,1
27332,1
27333,1
27334,1
27335,1
27336,1
27337,1
27338,1
27339,1
2734,1
27340,1
27341,1
27342,1
27343,0
27344,1
27345,1
27346,1
27347,1
27348,1
27349,1
2735,1
27350,1
27351,1
27352,1
27353,1
27354,1
27355,1
27356,1
27357,1
27358,1
27359,1
2736,1
27360,1
27361,1
27362,1
27363,1
27364,1
27365,1
27366,1
27367,1
27368,1
27369,0
2737,1
27370,1
27371,1
27372,1
27373,1
27374,1
27375,1
27376,1
27377,1
27378,1
27379,1
2738,1
27380,1
27381,1
27382,1
27383,1
27384,1
27385,1
27386,1
27387,1
27388,1
27389,1
2739,1
27390,1
27391,1
27392,1
27393,1
27394,1
27395,1
27396,1
27397,1
27398,1
27399,1
274,1
2740,1
27400,1
27401,1
27402,1
27403,1
27404,1
27405,1
27406,1
27407,1
27408,1
27409,1
2741,1
27410,1
27411,1
27412,1
27413,1
27414,1
27415,1
27416,1
27417,1
27418,1
27419,1
2742,1
27420,1
27421,1
27422,1
27423,1
27424,1
27425,1
27426,1
27427,0
27428,1
27429,1
2743,1
27430,1
27431,1
27432,1
27433,1
27434,1
27435,1
27436,1
27437,1
27438,1
27439,1
2744,1
27440,1
27441,1
27442,1
27443,1
27444,1
27445,1
27446,1
27447,1
27448,1
27449,1
2745,1
27450,1
27451,1
27452,1
27453,1
27454,1
27455,1
27456,1
27457,1
27458,1
27459,1
2746,1
27460,1
27461,1
27462,1
27463,1
27464,1
27465,1
27466,1
27467,1
27468,1
27469,1
2747,1
27470,1
27471,1
27472,1
27473,1
27474,1
27475,1
27476,1
27477,1
27478,1
27479,1
2748,1
27480,1
27481,1
27482,1
27483,1
27484,1
27485,1
27486,1
27487,1
27488,1
27489,1
2749,1
27490,1
27491,1
27492,1
27493,1
27494,1
27495,1
27496,1
27497,1
27498,1
27499,0
275,1
2750,1
27500,1
27501,1
27502,1
27503,1
27504,1
27505,1
27506,1
27507,1
27508,1
27509,1
2751,1
27510,1
27511,1
27512,1
27513,1
27514,1
27515,1
27516,1
27517,1
27518,1
27519,1
2752,1
27520,1
27521,1
27522,1
27523,1
27524,1
27525,1
27526,1
27527,1
27528,1
27529,1
2753,1
27530,0
27531,1
27532,1
27533,1
27534,1
27535,1
27536,1
27537,1
27538,1
27539,1
2754,1
27540,1
27541,1
27542,1
27543,1
27544,1
27545,1
27546,1
27547,1
27548,1
27549,1
2755,1
27550,1
27551,1
27552,1
27553,1
27554,1
27555,1
27556,1
27557,1
27558,1
27559,1
2756,1
27560,1
27561,1
27562,1
27563,1
27564,1
27565,1
27566,1
27567,1
27568,1
27569,1
2757,1
27570,1
27571,1
27572,1
27573,1
27574,1
27575,0
27576,1
27577,1
27578,1
27579,1
2758,1
27580,1
27581,0
27582,1
27583,1
27584,1
27585,1
27586,1
27587,0
27588,1
27589,1
2759,1
27590,1
27591,1
27592,1
27593,1
27594,1
27595,1
27596,1
27597,1
27598,1
27599,1
276,1
2760,1
27600,1
27601,1
27602,1
27603,1
27604,1
27605,1
27606,1
27607,1
27608,1
27609,1
2761,1
27610,1
27611,1
27612,1
27613,1
27614,1
27615,1
27616,1
27617,1
27618,1
27619,1
2762,1
27620,1
27621,1
27622,1
27623,1
27624,1
27625,1
27626,1
27627,1
27628,1
27629,1
2763,1
27630,1
27631,1
27632,1
27633,1
27634,1
27635,1
27636,1
27637,1
27638,1
27639,1
2764,1
27640,1
27641,1
27642,1
27643,1
27644,1
27645,1
27646,1
27647,1
27648,1
27649,1
2765,1
27650,1
27651,1
27652,1
27653,1
27654,1
27655,1
27656,1
27657,1
27658,1
27659,1
2766,1
27660,1
27661,1
27662,1
27663,1
27664,1
27665,1
27666,1
27667,1
27668,1
27669,1
2767,1
27670,1
27671,1
27672,1
27673,1
27674,1
27675,1
27676,1
27677,1
27678,1
27679,1
2768,1
27680,1
27681,1
27682,1
27683,1
27684,1
27685,1
27686,1
27687,1
27688,1
27689,1
2769,0
27690,0
27691,1
27692,1
27693,1
27694,1
27695,1
27696,1
27697,1
27698,1
27699,1
277,1
2770,1
27700,1
27701,1
27702,1
27703,1
27704,1
27705,1
27706,1
27707,1
27708,1
27709,1
2771,1
27710,1
27711,1
27712,1
27713,1
27714,1
27715,1
27716,1
27717,1
27718,1
27719,1
2772,1
27720,1
27721,1
27722,1
27723,1
27724,1
27725,1
27726,1
27727,1
27728,1
27729,1
2773,1
27730,1
27731,1
27732,1
27733,0
27734,1
27735,1
27736,1
27737,1
27738,1
27739,1
2774,1
27740,1
27741,1
27742,1
27743,1
27744,1
27745,1
27746,1
27747,1
27748,1
27749,1
2775,1
27750,1
27751,1
27752,1
27753,1
27754,1
27755,1
27756,1
27757,1
27758,1
27759,1
2776,1
27760,1
27761,1
27762,1
27763,1
27764,1
27765,1
27766,0
27767,1
27768,1
27769,1
2777,1
27770,1
27771,1
27772,1
27773,1
27774,1
27775,1
27776,1
27777,1
27778,1
27779,1
2778,1
27780,1
27781,1
27782,1
27783,1
27784,1
27785,1
27786,1
27787,1
27788,1
27789,1
2779,1
27790,1
27791,1
27792,1
27793,1
27794,1
27795,1
27796,1
27797,1
27798,1
27799,1
278,1
2780,1
27800,1
27801,1
27802,1
27803,1
27804,1
27805,1
27806,1
27807,1
27808,1
27809,1
2781,1
27810,1
27811,1
27812,1
27813,1
27814,1
27815,1
27816,1
27817,1
27818,0
27819,1
2782,1
27820,1
27821,1
27822,1
27823,1
27824,1
27825,1
27826,1
27827,1
27828,1
27829,1
2783,1
27830,1
27831,1
27832,1
27833,1
27834,1
27835,1
27836,1
27837,1
27838,1
27839,1
2784,1
27840,1
27841,1
27842,1
27843,1
27844,1
27845,1
27846,1
27847,1
27848,1
27849,1
2785,1
27850,1
27851,1
27852,1
27853,1
27854,1
27855,1
27856,1
27857,1
27858,0
27859,1
2786,1
27860,1
27861,1
27862,1
27863,1
27864,1
27865,1
27866,1
27867,1
27868,1
27869,1
2787,1
27870,1
27871,1
27872,1
27873,1
27874,1
27875,1
27876,1
27877,1
27878,1
27879,1
2788,1
27880,1
27881,1
27882,1
27883,1
27884,1
27885,1
27886,1
27887,1
27888,1
27889,1
2789,1
27890,1
27891,1
27892,1
27893,1
27894,1
27895,1
27896,1
27897,1
27898,1
27899,1
279,0
2790,1
27900,1
27901,1
27902,1
27903,1
27904,1
27905,1
27906,1
27907,1
27908,1
27909,1
2791,1
27910,1
27911,1
27912,1
27913,1
27914,1
27915,1
27916,1
27917,1
27918,1
27919,1
2792,1
27920,1
27921,1
27922,1
27923,0
27924,1
27925,1
27926,1
27927,1
27928,1
27929,1
2793,1
27930,1
27931,1
27932,1
27933,1
27934,1
27935,1
27936,1
27937,1
27938,1
27939,1
2794,1
27940,1
27941,1
27942,1
27943,1
27944,1
27945,1
27946,1
27947,1
27948,1
27949,1
2795,1
27950,1
27951,1
27952,1
27953,1
27954,1
27955,1
27956,1
27957,1
27958,1
27959,1
2796,1
27960,1
27961,1
27962,1
27963,1
27964,1
27965,1
27966,1
27967,1
27968,1
27969,1
2797,1
27970,1
27971,1
27972,1
27973,1
27974,1
27975,1
27976,1
27977,1
27978,1
27979,1
2798,1
27980,1
27981,1
27982,1
27983,1
27984,1
27985,1
27986,1
27987,1
27988,1
27989,1
2799,1
27990,1
27991,1
27992,1
27993,1
27994,1
27995,1
27996,1
27997,1
27998,1
27999,1
28,1
280,1
2800,1
28000,1
28001,1
28002,1
28003,1
28004,1
28005,1
28006,1
28007,0
28008,1
28009,0
2801,1
28010,1
28011,1
28012,1
28013,1
28014,1
28015,1
28016,1
28017,1
28018,1
28019,1
2802,1
28020,1
28021,1
28022,1
28023,1
28024,1
28025,1
28026,1
28027,1
28028,1
28029,1
2803,1
28030,1
28031,1
28032,1
28033,1
28034,1
28035,1
28036,1
28037,1
28038,1
28039,1
2804,0
28040,1
28041,1
28042,1
28043,1
28044,1
28045,1
28046,1
28047,1
28048,1
28049,1
2805,1
28050,1
28051,1
28052,1
28053,1
28054,1
28055,1
28056,1
28057,1
28058,1
28059,1
2806,1
28060,1
28061,1
28062,1
28063,1
28064,1
28065,1
28066,1
28067,1
28068,1
28069,1
2807,1
28070,1
28071,1
28072,1
28073,1
28074,1
28075,1
28076,1
28077,1
28078,1
28079,1
2808,1
28080,1
28081,1
28082,1
28083,1
28084,1
28085,1
28086,1
28087,1
28088,1
28089,1
2809,0
28090,1
28091,1
28092,1
28093,1
28094,1
28095,1
28096,1
28097,1
28098,1
28099,1
281,1
2810,1
28100,1
28101,1
28102,1
28103,1
28104,1
28105,1
28106,1
28107,1
28108,1
28109,1
2811,1
28110,1
28111,1
28112,1
28113,0
28114,1
28115,1
28116,1
28117,1
28118,1
28119,1
2812,1
28120,1
28121,1
28122,1
28123,1
28124,1
28125,1
28126,1
28127,1
28128,1
28129,1
2813,1
28130,1
28131,1
28132,1
28133,1
28134,1
28135,1
28136,1
28137,1
28138,1
28139,1
2814,1
28140,1
28141,1
28142,1
28143,1
28144,1
28145,1
28146,0
28147,1
28148,1
28149,1
2815,1
28150,1
28151,1
28152,1
28153,1
28154,1
28155,1
28156,1
28157,1
28158,1
28159,1
2816,1
28160,1
28161,1
28162,1
28163,1
28164,1
28165,1
28166,1
28167,1
28168,1
28169,1
2817,0
28170,1
28171,1
28172,1
28173,1
28174,1
28175,1
28176,1
28177,1
28178,1
28179,1
2818,1
28180,1
28181,1
28182,1
28183,1
28184,1
28185,1
28186,1
28187,1
28188,1
28189,1
2819,1
28190,1
28191,1
28192,1
28193,1
28194,1
28195,1
28196,1
28197,1
28198,1
28199,1
282,1
2820,1
28200,1
28201,1
28202,1
28203,1
28204,1
28205,1
28206,1
28207,1
28208,1
28209,1
2821,1
28210,1
28211,1
28212,1
28213,1
28214,1
28215,1
28216,1
28217,1
28218,1
28219,1
2822,1
28220,1
28221,1
28222,1
28223,1
28224,1
28225,1
28226,1
28227,1
28228,1
28229,1
2823,1
28230,1
28231,1
28232,1
28233,0
28234,1
28235,1
28236,1
28237,1
28238,1
28239,1
2824,1
28240,0
28241,1
28242,1
28243,1
28244,1
28245,1
28246,1
28247,1
28248,1
28249,1
2825,1
28250,1
28251,1
28252,1
28253,1
28254,1
28255,1
28256,1
28257,1
28258,1
28259,1
2826,1
28260,1
28261,1
28262,1
28263,1
28264,0
28265,1
28266,1
28267,1
28268,1
28269,1
2827,1
28270,1
28271,1
28272,1
28273,1
28274,1
28275,1
28276,1
28277,1
28278,1
28279,1
2828,1
28280,1
28281,1
28282,1
28283,1
28284,1
28285,1
28286,1
28287,1
28288,1
28289,1
2829,1
28290,1
28291,1
28292,1
28293,1
28294,1
28295,1
28296,1
28297,1
28298,1
28299,1
283,1
2830,1
28300,1
28301,1
28302,1
28303,1
28304,1
28305,1
28306,1
28307,1
28308,1
28309,1
2831,1
28310,1
28311,1
28312,1
28313,1
28314,1
28315,1
28316,1
28317,1
28318,1
28319,1
2832,1
28320,1
28321,1
28322,1
28323,1
28324,0
28325,1
28326,1
28327,1
28328,1
28329,1
2833,1
28330,1
28331,1
28332,1
28333,1
28334,1
28335,1
28336,1
28337,1
28338,1
28339,1
2834,1
28340,1
28341,1
28342,1
28343,1
28344,1
28345,1
28346,1
28347,1
28348,1
28349,1
2835,1
28350,1
28351,1
28352,1
28353,1
28354,1
28355,1
28356,1
28357,1
28358,1
28359,1
2836,1
28360,1
28361,1
28362,1
28363,1
28364,1
28365,1
28366,1
28367,1
28368,1
28369,1
2837,1
28370,1
28371,1
28372,1
28373,1
28374,1
28375,1
28376,1
28377,1
28378,1
28379,0
2838,1
28380,1
28381,1
28382,1
28383,1
28384,1
28385,1
28386,1
28387,1
28388,1
28389,1
2839,1
28390,1
28391,1
28392,1
28393,1
28394,1
28395,1
28396,1
28397,1
28398,1
28399,1
284,1
2840,1
28400,1
28401,1
28402,1
28403,1
28404,0
28405,1
28406,1
28407,1
28408,1
28409,1
2841,1
28410,1
28411,1
28412,1
28413,1
28414,1
28415,1
28416,1
28417,1
28418,1
28419,1
2842,0
28420,1
28421,0
28422,1
28423,1
28424,1
28425,1
28426,1
28427,1
28428,1
28429,1
2843,1
28430,1
28431,1
28432,1
28433,1
28434,1
28435,1
28436,1
28437,1
28438,1
28439,1
2844,1
28440,1
28441,1
28442,1
28443,1
28444,1
28445,1
28446,1
28447,1
28448,1
28449,1
2845,1
28450,1
28451,0
28452,1
28453,1
28454,1
28455,1
28456,1
28457,1
28458,1
28459,1
2846,1
28460,1
28461,1
28462,1
28463,1
28464,1
28465,1
28466,1
28467,1
28468,1
28469,1
2847,1
28470,1
28471,1
28472,1
28473,1
28474,1
28475,1
28476,1
28477,1
28478,1
28479,1
2848,1
28480,1
28481,1
28482,1
28483,1
28484,1
28485,1
28486,1
28487,1
28488,1
28489,1
2849,1
28490,1
28491,1
28492,1
28493,1
28494,1
28495,0
28496,1
28497,1
28498,1
28499,1
285,1
2850,1
28500,1
28501,1
28502,1
28503,1
28504,1
28505,1
28506,0
28507,1
28508,1
28509,1
2851,1
28510,1
28511,1
28512,1
28513,1
28514,1
28515,1
28516,1
28517,1
28518,1
28519,1
2852,1
28520,1
28521,1
28522,1
28523,0
28524,1
28525,1
28526,1
28527,1
28528,1
28529,1
2853,1
28530,1
28531,1
28532,1
28533,1
28534,1
28535,1
28536,1
28537,1
28538,1
28539,1
2854,1
28540,1
28541,1
28542,1
28543,1
28544,1
28545,0
28546,1
28547,1
28548,1
28549,1
2855,1
28550,1
28551,1
28552,1
28553,1
28554,1
28555,1
28556,1
28557,1
28558,1
28559,1
2856,1
28560,1
28561,1
28562,1
28563,1
28564,1
28565,1
28566,1
28567,1
28568,1
28569,1
2857,1
28570,1
28571,1
28572,1
28573,1
28574,1
28575,1
28576,1
28577,1
28578,1
28579,1
2858,1
28580,1
28581,1
28582,1
28583,1
28584,1
28585,1
28586,1
28587,1
28588,1
28589,1
2859,1
28590,1
28591,1
28592,1
28593,1
28594,1
28595,1
28596,1
28597,1
28598,1
28599,1
286,1
2860,1
28600,1
28601,1
28602,1
28603,1
28604,1
28605,1
28606,1
28607,1
28608,1
28609,1
2861,0
28610,1
28611,1
28612,1
28613,1
28614,1
28615,1
28616,1
28617,1
28618,1
28619,0
2862,0
28620,1
28621,1
28622,1
28623,1
28624,1
28625,1
28626,1
28627,1
28628,1
28629,1
2863,1
28630,1
28631,1
28632,1
28633,1
28634,1
28635,1
28636,1
28637,1
28638,1
28639,1
2864,1
28640,1
28641,1
28642,1
28643,1
28644,1
28645,1
28646,1
28647,1
28648,1
28649,1
2865,1
28650,1
28651,1
28652,1
28653,1
28654,1
28655,1
28656,1
28657,1
28658,1
28659,1
2866,1
28660,1
28661,1
28662,1
28663,1
28664,1
28665,1
28666,1
28667,1
28668,1
28669,1
2867,1
28670,1
28671,1
28672,1
28673,1
28674,1
28675,1
28676,1
28677,1
28678,1
28679,1
2868,1
28680,1
28681,1
28682,1
28683,1
28684,1
28685,1
28686,1
28687,1
28688,1
28689,1
2869,1
28690,1
28691,1
28692,1
28693,1
28694,1
28695,0
28696,1
28697,1
28698,1
28699,1
287,1
2870,1
28700,1
28701,0
28702,1
28703,1
28704,1
28705,1
28706,1
28707,1
28708,1
28709,1
2871,1
28710,1
28711,1
28712,1
28713,1
28714,1
28715,1
28716,1
28717,1
28718,1
28719,1
2872,1
28720,1
28721,1
28722,1
28723,1
28724,1
28725,1
28726,1
28727,1
28728,1
28729,1
2873,1
28730,1
28731,1
28732,1
28733,1
28734,1
28735,1
28736,1
28737,1
28738,1
28739,1
2874,1
28740,1
28741,1
28742,1
28743,1
28744,1
28745,1
28746,1
28747,0
28748,1
28749,1
2875,1
28750,1
28751,1
28752,1
28753,1
28754,1
28755,1
28756,1
28757,1
28758,1
28759,1
2876,1
28760,1
28761,1
28762,1
28763,1
28764,1
28765,1
28766,1
28767,1
28768,1
28769,1
2877,1
28770,1
28771,1
28772,1
28773,1
28774,1
28775,1
28776,1
28777,1
28778,1
28779,1
2878,1
28780,1
28781,1
28782,1
28783,1
28784,1
28785,1
28786,1
28787,1
28788,1
28789,1
2879,1
28790,1
28791,1
28792,1
28793,1
28794,1
28795,1
28796,1
28797,1
28798,1
28799,1
288,1
2880,1
28800,1
28801,1
28802,1
28803,1
28804,1
28805,1
28806,1
28807,1
28808,1
28809,1
2881,1
28810,1
28811,1
28812,1
28813,1
28814,1
28815,1
28816,1
28817,1
28818,1
28819,1
2882,1
28820,1
28821,1
28822,1
28823,1
28824,1
28825,1
28826,1
28827,1
28828,1
28829,1
2883,1
28830,1
28831,1
28832,1
28833,1
28834,1
28835,1
28836,1
28837,1
28838,1
28839,1
2884,1
28840,1
28841,1
28842,1
28843,1
28844,1
28845,1
28846,1
28847,1
28848,1
28849,1
2885,1
28850,1
28851,1
28852,1
28853,1
28854,1
28855,1
28856,1
28857,1
28858,1
28859,1
2886,1
28860,1
28861,1
28862,1
28863,1
28864,1
28865,1
28866,1
28867,1
28868,1
28869,1
2887,1
28870,1
28871,1
28872,1
28873,1
28874,1
28875,1
28876,1
28877,1
28878,1
28879,1
2888,0
28880,1
28881,1
28882,1
28883,1
28884,1
28885,1
28886,1
28887,1
28888,1
28889,1
2889,1
28890,1
28891,1
28892,1
28893,1
28894,1
28895,1
28896,1
28897,1
28898,1
28899,1
289,1
2890,0
28900,1
28901,1
28902,1
28903,1
28904,1
28905,1
28906,1
28907,1
28908,1
28909,1
2891,1
28910,1
28911,1
28912,1
28913,1
28914,1
28915,1
28916,1
28917,1
28918,1
28919,1
2892,1
28920,0
28921,1
28922,1
28923,1
28924,1
28925,0
28926,1
28927,1
28928,1
28929,1
2893,1
28930,1
28931,1
28932,1
28933,1
28934,1
28935,1
28936,1
28937,1
28938,1
28939,1
2894,1
28940,1
28941,1
28942,1
28943,1
28944,1
28945,1
28946,1
28947,1
28948,1
28949,1
2895,1
28950,1
28951,1
28952,1
28953,1
28954,1
28955,1
28956,1
28957,1
28958,1
28959,1
2896,1
28960,1
28961,1
28962,1
28963,1
28964,1
28965,1
28966,0
28967,1
28968,1
28969,1
2897,1
28970,1
28971,1
28972,1
28973,1
28974,1
28975,1
28976,1
28977,1
28978,1
28979,1
2898,1
28980,1
28981,1
28982,1
28983,1
28984,1
28985,1
28986,1
28987,1
28988,1
28989,1
2899,1
28990,1
28991,1
28992,1
28993,1
28994,1
28995,1
28996,1
28997,1
28998,1
28999,1
29,1
290,1
2900,1
29000,1
29001,1
29002,1
29003,1
29004,1
29005,1
29006,1
29007,1
29008,1
29009,0
2901,1
29010,1
29011,1
29012,1
29013,1
29014,1
29015,1
29016,1
29017,1
29018,1
29019,1
2902,1
29020,1
29021,1
29022,1
29023,1
29024,1
29025,1
29026,1
29027,1
29028,1
29029,1
2903,1
29030,1
29031,1
29032,1
29033,1
29034,1
29035,1
29036,1
29037,1
29038,1
29039,1
2904,1
29040,1
29041,1
29042,1
29043,1
29044,1
29045,1
29046,1
29047,1
29048,1
29049,1
2905,1
29050,1
29051,1
29052,1
29053,1
29054,1
29055,1
29056,1
29057,1
29058,1
29059,1
2906,1
29060,1
29061,0
29062,1
29063,1
29064,1
29065,1
29066,1
29067,1
29068,1
29069,1
2907,1
29070,1
29071,1
29072,1
29073,1
29074,1
29075,1
29076,1
29077,1
29078,1
29079,1
2908,1
29080,1
29081,1
29082,1
29083,1
29084,1
29085,1
29086,1
29087,1
29088,1
29089,1
2909,1
29090,1
29091,1
29092,1
29093,1
29094,1
29095,1
29096,1
29097,1
29098,1
29099,1
291,0
2910,1
29100,1
29101,1
29102,1
29103,1
29104,1
29105,1
29106,1
29107,1
29108,1
29109,1
2911,1
29110,1
29111,1
29112,1
29113,1
29114,1
29115,1
29116,1
29117,1
29118,1
29119,1
2912,1
29120,1
29121,1
29122,1
29123,1
29124,1
29125,1
29126,1
29127,1
29128,1
29129,1
2913,1
29130,1
29131,1
29132,1
29133,1
29134,1
29135,1
29136,1
29137,1
29138,1
29139,1
2914,1
29140,1
29141,1
29142,1
29143,1
29144,1
29145,1
29146,1
29147,1
29148,1
29149,1
2915,1
29150,1
29151,1
29152,1
29153,1
29154,1
29155,1
29156,1
29157,1
29158,1
29159,1
2916,1
29160,1
29161,1
29162,1
29163,1
29164,1
29165,1
29166,1
29167,1
29168,1
29169,1
2917,1
29170,1
29171,1
29172,1
29173,1
29174,1
29175,1
29176,1
29177,1
29178,1
29179,1
2918,1
29180,1
29181,1
29182,1
29183,1
29184,1
29185,1
29186,1
29187,1
29188,1
29189,1
2919,1
29190,1
29191,1
29192,1
29193,1
29194,1
29195,1
29196,1
29197,1
29198,1
29199,1
292,1
2920,1
29200,1
29201,1
29202,1
29203,1
29204,1
29205,1
29206,1
29207,1
29208,1
29209,1
2921,1
29210,1
29211,1
29212,1
29213,1
29214,1
29215,1
29216,1
29217,1
29218,1
29219,1
2922,1
29220,1
29221,1
29222,1
29223,1
29224,1
29225,1
29226,1
29227,1
29228,1
29229,1
2923,0
29230,1
29231,1
29232,1
29233,1
29234,1
29235,1
29236,1
29237,1
29238,1
29239,1
2924,1
29240,1
29241,1
29242,1
29243,1
29244,1
29245,1
29246,1
29247,1
29248,1
29249,1
2925,1
29250,1
29251,1
29252,1
29253,1
29254,1
29255,1
29256,1
29257,1
29258,1
29259,1
2926,1
29260,1
29261,1
29262,1
29263,1
29264,1
29265,1
29266,1
29267,1
29268,1
29269,1
2927,1
29270,1
29271,1
29272,1
29273,1
29274,1
29275,1
29276,1
29277,1
29278,1
29279,1
2928,1
29280,1
29281,1
29282,1
29283,1
29284,1
29285,1
29286,0
29287,1
29288,1
29289,1
2929,1
29290,1
29291,1
29292,1
29293,1
29294,0
29295,1
29296,1
29297,1
29298,1
29299,1
293,1
2930,1
29300,1
29301,1
29302,1
29303,1
29304,1
29305,1
29306,1
29307,1
29308,1
29309,1
2931,1
29310,1
29311,1
29312,1
29313,1
29314,1
29315,1
29316,1
29317,1
29318,1
29319,1
2932,1
29320,1
29321,1
29322,1
29323,1
29324,1
29325,1
29326,1
29327,1
29328,1
29329,1
2933,1
29330,1
29331,1
29332,1
29333,1
29334,1
29335,1
29336,1
29337,1
29338,1
29339,1
2934,1
29340,1
29341,1
29342,1
29343,1
29344,1
29345,1
29346,1
29347,1
29348,1
29349,1
2935,1
29350,1
29351,1
29352,1
29353,1
29354,1
29355,1
29356,1
29357,1
29358,1
29359,1
2936,1
29360,1
29361,1
29362,1
29363,1
29364,1
29365,1
29366,1
29367,1
29368,1
29369,1
2937,1
29370,1
29371,1
29372,1
29373,1
29374,1
29375,1
29376,1
29377,1
29378,1
29379,1
2938,1
29380,1
29381,1
29382,1
29383,1
29384,1
29385,1
29386,1
29387,1
29388,1
29389,1
2939,1
29390,1
29391,1
29392,1
29393,1
29394,1
29395,1
29396,1
29397,1
29398,1
29399,1
294,1
2940,1
29400,1
29401,1
29402,1
29403,1
29404,1
29405,1
29406,1
29407,1
29408,1
29409,1
2941,1
29410,1
29411,1
29412,1
29413,1
29414,1
29415,1
29416,1
29417,1
29418,1
29419,1
2942,1
29420,1
29421,1
29422,1
29423,1
29424,1
29425,1
29426,1
29427,1
29428,1
29429,1
2943,1
29430,1
29431,1
29432,1
29433,1
29434,1
29435,1
29436,1
29437,1
29438,1
29439,1
2944,0
29440,1
29441,1
29442,1
29443,1
29444,1
29445,1
29446,1
29447,1
29448,1
29449,1
2945,1
29450,1
29451,1
29452,1
29453,1
29454,1
29455,1
29456,1
29457,1
29458,1
29459,1
2946,1
29460,1
29461,1
29462,1
29463,1
29464,1
29465,1
29466,1
29467,1
29468,1
29469,1
2947,1
29470,1
29471,1
29472,1
29473,1
29474,1
29475,1
29476,1
29477,1
29478,1
29479,1
2948,1
29480,1
29481,1
29482,1
29483,1
29484,1
29485,1
29486,1
29487,1
29488,1
29489,1
2949,1
29490,1
29491,1
29492,1
29493,1
29494,1
29495,1
29496,1
29497,1
29498,0
29499,1
295,1
2950,1
29500,1
29501,1
29502,1
29503,1
29504,1
29505,1
29506,1
29507,1
29508,1
29509,1
2951,1
29510,1
29511,1
29512,1
29513,1
29514,1
29515,1
29516,1
29517,1
29518,1
29519,1
2952,1
29520,1
29521,1
29522,1
29523,1
29524,1
29525,1
29526,1
29527,1
29528,1
29529,1
2953,1
29530,1
29531,1
29532,1
29533,1
29534,1
29535,1
29536,1
29537,1
29538,1
29539,1
2954,1
29540,1
29541,1
29542,1
29543,1
29544,1
29545,1
29546,1
29547,1
29548,1
29549,1
2955,1
29550,1
29551,1
29552,1
29553,1
29554,1
29555,1
29556,1
29557,1
29558,1
29559,1
2956,1
29560,1
29561,1
29562,1
29563,1
29564,1
29565,1
29566,1
29567,1
29568,1
29569,1
2957,1
29570,1
29571,1
29572,1
29573,1
29574,1
29575,1
29576,1
29577,1
29578,1
29579,1
2958,1
29580,1
29581,1
29582,1
29583,1
29584,1
29585,1
29586,1
29587,1
29588,1
29589,1
2959,1
29590,1
29591,1
29592,1
29593,1
29594,1
29595,1
29596,1
29597,1
29598,1
29599,1
296,1
2960,1
29600,1
29601,1
29602,1
29603,1
29604,1
29605,1
29606,1
29607,1
29608,1
29609,1
2961,1
29610,1
29611,1
29612,1
29613,1
29614,1
29615,1
29616,1
29617,1
29618,1
29619,1
2962,1
29620,1
29621,1
29622,1
29623,1
29624,1
29625,1
29626,1
29627,1
29628,1
29629,1
2963,1
29630,1
29631,1
29632,1
29633,1
29634,1
29635,1
29636,1
29637,1
29638,1
29639,1
2964,1
29640,1
29641,1
29642,1
29643,1
29644,1
29645,1
29646,1
29647,1
29648,1
29649,1
2965,1
29650,1
29651,1
29652,1
29653,1
29654,1
29655,1
29656,1
29657,1
29658,1
29659,1
2966,1
29660,1
29661,1
29662,1
29663,1
29664,1
29665,1
29666,1
29667,1
29668,1
29669,1
2967,1
29670,1
29671,1
29672,1
29673,1
29674,1
29675,1
29676,1
29677,1
29678,1
29679,1
2968,1
29680,1
29681,1
29682,1
29683,1
29684,1
29685,1
29686,1
29687,1
29688,1
29689,1
2969,1
29690,1
29691,1
29692,1
29693,1
29694,1
29695,1
29696,1
29697,1
29698,1
29699,1
297,1
2970,1
29700,1
29701,1
29702,1
29703,1
29704,1
29705,1
29706,1
29707,1
29708,0
29709,1
2971,1
29710,1
29711,1
29712,1
29713,1
29714,1
29715,1
29716,1
29717,1
29718,1
29719,1
2972,1
29720,1
29721,1
29722,1
29723,1
29724,1
29725,1
29726,1
29727,1
29728,1
29729,1
2973,1
29730,1
29731,1
29732,1
29733,1
29734,0
29735,1
29736,1
29737,1
29738,1
29739,1
2974,1
29740,1
29741,1
29742,1
29743,1
29744,1
29745,1
29746,1
29747,1
29748,1
29749,1
2975,1
29750,1
29751,1
29752,1
29753,1
29754,1
29755,1
29756,1
29757,1
29758,1
29759,1
2976,1
29760,1
29761,1
29762,1
29763,1
29764,1
29765,1
29766,1
29767,1
29768,1
29769,1
2977,1
29770,1
29771,1
29772,1
29773,1
29774,1
29775,1
29776,1
29777,0
29778,1
29779,1
2978,1
29780,1
29781,1
29782,1
29783,1
29784,1
29785,1
29786,1
29787,1
29788,1
29789,1
2979,1
29790,1
29791,1
29792,1
29793,1
29794,1
29795,1
29796,1
29797,1
29798,1
29799,1
298,0
2980,1
29800,1
29801,1
29802,1
29803,1
29804,1
29805,1
29806,1
29807,1
29808,1
29809,1
2981,1
29810,1
29811,1
29812,1
29813,1
29814,1
29815,1
29816,1
29817,1
29818,1
29819,1
2982,1
29820,1
29821,1
29822,1
29823,1
29824,1
29825,1
29826,1
29827,1
29828,1
29829,1
2983,0
29830,1
29831,1
29832,1
29833,1
29834,1
29835,1
29836,1
29837,1
29838,1
29839,1
2984,1
29840,1
29841,1
29842,1
29843,1
29844,1
29845,1
29846,1
29847,1
29848,1
29849,1
2985,1
29850,1
29851,1
29852,1
29853,1
29854,1
29855,1
29856,1
29857,1
29858,1
29859,1
2986,0
29860,0
29861,1
29862,1
29863,1
29864,1
29865,1
29866,1
29867,1
29868,1
29869,1
2987,1
29870,1
29871,1
29872,1
29873,1
29874,1
29875,1
29876,1
29877,1
29878,1
29879,1
2988,1
29880,1
29881,1
29882,1
29883,1
29884,1
29885,1
29886,1
29887,1
29888,1
29889,1
2989,1
29890,1
29891,1
29892,0
29893,1
29894,1
29895,1
29896,1
29897,1
29898,1
29899,1
299,1
2990,1
29900,1
29901,0
29902,1
29903,1
29904,1
29905,1
29906,1
29907,1
29908,1
29909,1
2991,1
29910,1
29911,1
29912,1
29913,1
29914,1
29915,1
29916,1
29917,1
29918,1
29919,1
2992,1
29920,1
29921,1
29922,1
29923,1
29924,1
29925,1
29926,1
29927,1
29928,1
29929,1
2993,1
29930,1
29931,1
29932,1
29933,1
29934,1
29935,1
29936,1
29937,1
29938,1
29939,1
2994,1
29940,1
29941,1
29942,1
29943,1
29944,1
29945,1
29946,1
29947,1
29948,1
29949,1
2995,1
29950,1
29951,1
29952,1
29953,1
29954,1
29955,1
29956,1
29957,1
29958,1
29959,1
2996,1
29960,1
29961,1
29962,1
29963,0
29964,1
29965,1
29966,1
29967,1
29968,1
29969,1
2997,1
29970,1
29971,1
29972,1
29973,1
29974,1
29975,1
29976,1
29977,1
29978,1
29979,1
2998,0
29980,1
29981,0
29982,1
29983,1
29984,1
29985,0
29986,1
29987,1
29988,0
29989,1
2999,1
29990,1
29991,1
29992,1
29993,1
29994,1
29995,1
29996,1
29997,1
29998,1
29999,1
3,1
30,1
300,1
3000,1
30000,1
30001,1
30002,1
30003,1
30004,1
30005,1
30006,1
30007,1
30008,1
30009,1
3001,1
30010,1
30011,1
30012,1
30013,1
30014,1
30015,1
30016,1
30017,1
30018,1
30019,1
3002,1
30020,1
30021,1
30022,1
30023,1
30024,1
30025,1
30026,1
30027,1
30028,1
30029,1
3003,1
30030,1
30031,1
30032,1
30033,1
30034,1
30035,1
30036,1
30037,1
30038,1
30039,1
3004,1
30040,1
30041,1
30042,1
30043,1
30044,1
30045,1
30046,1
30047,1
30048,1
30049,1
3005,1
30050,1
30051,1
30052,1
30053,1
30054,1
30055,1
30056,1
30057,1
30058,1
30059,1
3006,1
30060,1
30061,1
30062,1
30063,1
30064,1
30065,1
30066,1
30067,1
30068,1
30069,1
3007,1
30070,1
30071,1
30072,1
30073,1
30074,1
30075,1
30076,1
30077,1
30078,1
30079,1
3008,1
30080,1
30081,1
30082,1
30083,1
30084,1
30085,1
30086,1
30087,1
30088,1
30089,1
3009,1
30090,1
30091,1
30092,1
30093,1
30094,1
30095,1
30096,1
30097,1
30098,1
30099,1
301,1
3010,1
30100,1
30101,1
30102,1
30103,1
30104,1
30105,0
30106,1
30107,1
30108,1
30109,1
3011,0
30110,1
30111,1
30112,1
30113,1
30114,1
30115,1
30116,0
30117,1
30118,1
30119,1
3012,1
30120,1
30121,1
30122,1
30123,1
30124,1
30125,1
30126,1
30127,1
30128,1
30129,1
3013,1
30130,1
30131,1
30132,1
30133,1
30134,1
30135,1
30136,1
30137,1
30138,0
30139,1
3014,1
30140,1
30141,1
30142,1
30143,1
30144,1
30145,1
30146,1
30147,1
30148,1
30149,1
3015,1
30150,1
30151,1
30152,1
30153,1
30154,1
30155,1
30156,1
30157,1
30158,1
30159,1
3016,1
30160,1
30161,1
30162,1
30163,1
30164,1
30165,1
30166,1
30167,1
30168,1
30169,1
3017,1
30170,1
30171,1
30172,1
30173,0
30174,1
30175,1
30176,1
30177,1
30178,1
30179,1
3018,0
30180,1
30181,1
30182,1
30183,1
30184,1
30185,1
30186,1
30187,1
30188,1
30189,1
3019,1
30190,1
30191,1
30192,1
30193,1
30194,1
30195,1
30196,1
30197,1
30198,1
30199,1
302,1
3020,1
30200,1
30201,1
30202,1
30203,1
30204,1
30205,1
30206,1
30207,1
30208,1
30209,1
3021,1
30210,1
30211,1
30212,1
30213,1
30214,1
30215,1
30216,1
30217,1
30218,1
30219,1
3022,1
30220,1
30221,1
30222,1
30223,1
30224,1
30225,1
30226,1
30227,1
30228,1
30229,1
3023,1
30230,1
30231,1
30232,1
30233,1
30234,1
30235,1
30236,1
30237,1
30238,1
30239,1
3024,1
30240,1
30241,1
30242,1
30243,1
30244,1
30245,1
30246,1
30247,1
30248,1
30249,1
3025,1
30250,1
30251,1
30252,1
30253,1
30254,1
30255,1
30256,1
30257,1
30258,1
30259,1
3026,1
30260,1
30261,1
30262,1
30263,1
30264,1
30265,0
30266,1
30267,1
30268,1
30269,1
3027,1
30270,1
30271,1
30272,1
30273,1
30274,1
30275,1
30276,1
30277,1
30278,1
30279,1
3028,1
30280,1
30281,1
30282,1
30283,1
30284,1
30285,1
30286,1
30287,1
30288,1
30289,1
3029,1
30290,1
30291,1
30292,1
30293,1
30294,1
30295,1
30296,1
30297,1
30298,1
30299,1
303,1
3030,1
30300,1
30301,1
30302,1
30303,1
30304,1
30305,1
30306,1
30307,1
30308,1
30309,1
3031,1
30310,1
30311,1
30312,0
30313,1
30314,1
30315,1
30316,1
30317,1
30318,1
30319,1
3032,1
30320,1
30321,1
30322,1
30323,1
30324,1
30325,1
30326,1
30327,1
30328,1
30329,1
3033,1
30330,1
30331,1
30332,1
30333,1
30334,1
30335,1
30336,1
30337,1
30338,1
30339,1
3034,1
30340,1
30341,1
30342,1
30343,1
30344,1
30345,1
30346,1
30347,1
30348,1
30349,1
3035,1
30350,1
30351,1
30352,1
30353,1
30354,1
30355,1
30356,1
30357,1
30358,1
30359,1
3036,1
30360,1
30361,1
30362,1
30363,1
30364,1
30365,1
30366,1
30367,1
30368,1
30369,1
3037,1
30370,1
30371,1
30372,1
30373,1
30374,1
30375,1
30376,1
30377,1
30378,1
30379,1
3038,1
30380,1
30381,1
30382,1
30383,1
30384,1
30385,0
30386,1
30387,1
30388,1
30389,1
3039,1
30390,1
30391,1
30392,1
30393,1
30394,1
30395,1
30396,1
30397,1
30398,1
30399,1
304,1
3040,1
30400,0
30401,1
30402,1
30403,1
30404,1
30405,1
30406,1
30407,1
30408,1
30409,1
3041,1
30410,1
30411,1
30412,1
30413,1
30414,1
30415,1
30416,1
30417,1
30418,1
30419,1
3042,1
30420,1
30421,1
30422,1
30423,1
30424,1
30425,0
30426,1
30427,1
30428,1
30429,1
3043,1
30430,1
30431,1
30432,1
30433,1
30434,1
30435,1
30436,1
30437,1
30438,1
30439,1
3044,1
30440,1
30441,0
30442,1
30443,1
30444,1
30445,1
30446,1
30447,1
30448,1
30449,1
3045,1
30450,1
30451,1
30452,1
30453,1
30454,1
30455,1
30456,1
30457,1
30458,1
30459,1
3046,1
30460,1
30461,1
30462,1
30463,1
30464,1
30465,1
30466,1
30467,1
30468,1
30469,1
3047,1
30470,1
30471,1
30472,1
30473,1
30474,1
30475,1
30476,1
30477,1
30478,1
30479,1
3048,1
30480,1
30481,1
30482,1
30483,1
30484,1
30485,1
30486,1
30487,1
30488,1
30489,1
3049,1
30490,1
30491,1
30492,1
30493,1
30494,1
30495,1
30496,1
30497,1
30498,1
30499,1
305,1
3050,1
30500,1
30501,1
30502,1
30503,1
30504,1
30505,1
30506,1
30507,1
30508,1
30509,1
3051,0
30510,1
30511,1
30512,1
30513,1
30514,1
30515,0
30516,1
30517,1
30518,1
30519,1
3052,1
30520,1
30521,1
30522,1
30523,1
30524,1
30525,1
30526,1
30527,1
30528,1
30529,1
3053,1
30530,1
30531,1
30532,1
30533,1
30534,1
30535,1
30536,1
30537,1
30538,1
30539,1
3054,1
30540,1
30541,1
30542,1
30543,1
30544,1
30545,1
30546,1
30547,1
30548,1
30549,1
3055,1
30550,1
30551,1
30552,1
30553,1
30554,1
30555,1
30556,1
30557,1
30558,1
30559,1
3056,1
30560,1
30561,1
30562,1
30563,1
30564,1
30565,1
30566,1
30567,1
30568,1
30569,1
3057,1
30570,1
30571,1
30572,1
30573,1
30574,1
30575,1
30576,1
30577,1
30578,1
30579,1
3058,1
30580,1
30581,1
30582,1
30583,1
30584,1
30585,1
30586,1
30587,1
30588,1
30589,1
3059,1
30590,1
30591,1
30592,1
30593,0
30594,1
30595,1
30596,1
30597,1
30598,1
30599,1
306,1
3060,1
30600,1
30601,1
30602,1
30603,1
30604,1
30605,1
30606,1
30607,1
30608,1
30609,1
3061,1
30610,1
30611,1
30612,1
30613,1
30614,1
30615,1
30616,1
30617,1
30618,1
30619,1
3062,1
30620,1
30621,1
30622,1
30623,1
30624,1
30625,1
30626,1
30627,1
30628,1
30629,1
3063,1
30630,1
30631,1
30632,1
30633,1
30634,1
30635,1
30636,0
30637,1
30638,1
30639,1
3064,1
30640,1
30641,1
30642,1
30643,1
30644,1
30645,1
30646,1
30647,1
30648,1
30649,1
3065,1
30650,1
30651,1
30652,1
30653,1
30654,1
30655,1
30656,1
30657,1
30658,1
30659,1
3066,1
30660,1
30661,1
30662,1
30663,1
30664,1
30665,1
30666,1
30667,1
30668,1
30669,1
3067,1
30670,1
30671,1
30672,1
30673,1
30674,1
30675,1
30676,1
30677,1
30678,1
30679,1
3068,1
30680,1
30681,1
30682,1
30683,1
30684,1
30685,1
30686,1
30687,1
30688,1
30689,1
3069,1
30690,1
30691,1
30692,1
30693,1
30694,1
30695,1
30696,1
30697,1
30698,1
30699,1
307,1
3070,1
30700,1
30701,1
30702,1
30703,1
30704,1
30705,1
30706,1
30707,1
30708,1
30709,1
3071,1
30710,1
30711,1
30712,1
30713,1
30714,1
30715,1
30716,1
30717,1
30718,1
30719,1
3072,1
30720,1
30721,1
30722,1
30723,1
30724,1
30725,1
30726,1
30727,1
30728,1
30729,1
3073,1
30730,1
30731,1
30732,1
30733,1
30734,1
30735,1
30736,1
30737,1
30738,1
30739,1
3074,1
30740,1
30741,1
30742,1
30743,1
30744,1
30745,1
30746,1
30747,1
30748,1
30749,1
3075,1
30750,1
30751,1
30752,1
30753,1
30754,0
30755,1
30756,1
30757,1
30758,1
30759,1
3076,1
30760,1
30761,1
30762,1
30763,1
30764,1
30765,1
30766,1
30767,1
30768,1
30769,1
3077,1
30770,1
30771,1
30772,0
30773,1
30774,1
30775,1
30776,1
30777,1
30778,1
30779,1
3078,1
30780,1
30781,1
30782,0
30783,1
30784,1
30785,1
30786,1
30787,1
30788,1
30789,1
3079,1
30790,1
30791,1
30792,1
30793,1
30794,1
30795,1
30796,1
30797,1
30798,1
30799,1
308,1
3080,1
30800,1
30801,1
30802,1
30803,1
30804,1
30805,1
30806,1
30807,1
30808,1
30809,1
3081,1
30810,1
30811,1
30812,1
30813,1
30814,1
30815,1
30816,1
30817,1
30818,1
30819,1
3082,1
30820,1
30821,1
30822,1
30823,1
30824,1
30825,1
30826,1
30827,1
30828,1
30829,1
3083,1
30830,1
30831,1
30832,1
30833,1
30834,1
30835,1
30836,1
30837,0
30838,1
30839,1
3084,1
30840,1
30841,1
30842,1
30843,1
30844,1
30845,1
30846,1
30847,1
30848,1
30849,1
3085,1
30850,1
30851,1
30852,1
30853,1
30854,1
30855,1
30856,1
30857,1
30858,1
30859,1
3086,1
30860,1
30861,1
30862,1
30863,1
30864,1
30865,1
30866,1
30867,1
30868,1
30869,1
3087,1
30870,1
30871,1
30872,1
30873,1
30874,1
30875,1
30876,1
30877,1
30878,1
30879,1
3088,1
30880,1
30881,1
30882,1
30883,1
30884,1
30885,1
30886,1
30887,1
30888,1
30889,1
3089,1
30890,1
30891,1
30892,1
30893,1
30894,1
30895,1
30896,1
30897,1
30898,1
30899,1
309,1
3090,1
30900,1
30901,1
30902,1
30903,1
30904,1
30905,1
30906,1
30907,1
30908,1
30909,1
3091,1
30910,1
30911,1
30912,1
30913,1
30914,1
30915,1
30916,1
30917,1
30918,1
30919,1
3092,1
30920,1
30921,0
30922,1
30923,1
30924,1
30925,1
30926,1
30927,1
30928,1
30929,1
3093,1
30930,1
30931,1
30932,1
30933,1
30934,1
30935,1
30936,1
30937,1
30938,1
30939,1
3094,1
30940,1
30941,1
30942,1
30943,1
30944,1
30945,1
30946,1
30947,1
30948,1
30949,1
3095,1
30950,1
30951,1
30952,1
30953,1
30954,1
30955,1
30956,1
30957,1
30958,1
30959,0
3096,1
30960,1
30961,1
30962,1
30963,1
30964,1
30965,1
30966,1
30967,1
30968,1
30969,1
3097,1
30970,1
30971,1
30972,1
30973,1
30974,1
30975,1
30976,1
30977,1
30978,1
30979,1
3098,0
30980,1
30981,1
30982,1
30983,1
30984,1
30985,1
30986,1
30987,1
30988,1
30989,1
3099,1
30990,1
30991,1
30992,1
30993,1
30994,1
30995,1
30996,1
30997,1
30998,1
30999,1
31,1
310,0
3100,1
31000,1
31001,1
31002,1
31003,1
31004,1
31005,1
31006,1
31007,1
31008,1
31009,1
3101,1
31010,1
31011,1
31012,1
31013,1
31014,1
31015,1
31016,1
31017,1
31018,1
31019,1
3102,1
31020,1
31021,1
31022,1
31023,1
31024,1
31025,1
31026,1
31027,1
31028,1
31029,1
3103,1
31030,1
31031,1
31032,1
31033,1
31034,1
31035,1
31036,1
31037,1
31038,1
31039,1
3104,1
31040,1
31041,1
31042,1
31043,1
31044,1
31045,1
31046,1
31047,1
31048,1
31049,1
3105,1
31050,1
31051,1
31052,1
31053,1
31054,1
31055,1
31056,1
31057,1
31058,1
31059,1
3106,1
31060,1
31061,1
31062,1
31063,1
31064,1
31065,1
31066,1
31067,1
31068,1
31069,1
3107,1
31070,1
31071,1
31072,1
31073,1
31074,1
31075,1
31076,1
31077,1
31078,1
31079,1
3108,1
31080,1
31081,1
31082,1
31083,1
31084,1
31085,1
31086,1
31087,1
31088,1
31089,1
3109,1
31090,1
31091,1
31092,1
31093,1
31094,0
31095,1
31096,1
31097,1
31098,1
31099,1
311,1
3110,1
31100,1
31101,1
31102,1
31103,1
31104,1
31105,1
31106,1
31107,1
31108,1
31109,1
3111,1
31110,1
31111,1
31112,1
31113,1
31114,1
31115,1
31116,1
31117,1
31118,1
31119,1
3112,1
31120,1
31121,1
31122,1
31123,1
31124,1
31125,1
31126,1
31127,1
31128,1
31129,0
3113,1
31130,1
31131,1
31132,1
31133,1
31134,1
31135,1
31136,1
31137,1
31138,1
31139,1
3114,1
31140,1
31141,1
31142,1
31143,1
31144,1
31145,1
31146,1
31147,1
31148,1
31149,1
3115,1
31150,1
31151,1
31152,1
31153,1
31154,1
31155,1
31156,1
31157,1
31158,1
31159,1
3116,1
31160,1
31161,1
31162,1
31163,1
31164,1
31165,1
31166,1
31167,1
31168,1
31169,1
3117,1
31170,1
31171,1
31172,1
31173,1
31174,1
31175,1
31176,1
31177,1
31178,1
31179,1
3118,1
31180,1
31181,1
31182,1
31183,1
31184,1
31185,1
31186,1
31187,1
31188,1
31189,1
3119,1
31190,1
31191,1
31192,1
31193,1
31194,1
31195,1
31196,1
31197,1
31198,1
31199,1
312,1
3120,1
31200,1
31201,1
31202,1
31203,1
31204,1
31205,1
31206,1
31207,1
31208,1
31209,1
3121,1
31210,1
31211,1
31212,1
31213,1
31214,1
31215,1
31216,1
31217,1
31218,1
31219,1
3122,1
31220,1
31221,1
31222,1
31223,1
31224,1
31225,1
31226,1
31227,1
31228,1
31229,1
3123,1
31230,1
31231,1
31232,1
31233,1
31234,1
31235,1
31236,1
31237,1
31238,1
31239,1
3124,1
31240,1
31241,1
31242,1
31243,1
31244,1
31245,1
31246,1
31247,1
31248,1
31249,1
3125,1
31250,1
31251,1
31252,1
31253,1
31254,1
31255,1
31256,1
31257,1
31258,1
31259,1
3126,1
31260,1
31261,1
31262,0
31263,1
31264,1
31265,1
31266,1
31267,1
31268,1
31269,1
3127,1
31270,1
31271,1
31272,1
31273,1
31274,1
31275,1
31276,1
31277,1
31278,1
31279,1
3128,1
31280,1
31281,1
31282,1
31283,1
31284,1
31285,1
31286,1
31287,1
31288,1
31289,1
3129,1
31290,1
31291,1
31292,1
31293,1
31294,1
31295,1
31296,1
31297,1
31298,1
31299,1
313,1
3130,1
31300,1
31301,1
31302,1
31303,1
31304,1
31305,1
31306,1
31307,1
31308,1
31309,1
3131,1
31310,1
31311,1
31312,1
31313,1
31314,1
31315,1
31316,1
31317,1
31318,1
31319,1
3132,1
31320,1
31321,1
31322,1
31323,1
31324,1
31325,1
31326,1
31327,1
31328,1
31329,1
3133,1
31330,1
31331,1
31332,1
31333,1
31334,1
31335,1
31336,1
31337,0
31338,1
31339,1
3134,1
31340,1
31341,1
31342,1
31343,1
31344,1
31345,1
31346,1
31347,1
31348,1
31349,1
3135,1
31350,1
31351,1
31352,1
31353,1
31354,1
31355,1
31356,1
31357,1
31358,1
31359,1
3136,1
31360,1
31361,1
31362,1
31363,1
31364,1
31365,1
31366,1
31367,1
31368,1
31369,1
3137,1
31370,1
31371,1
31372,1
31373,1
31374,1
31375,1
31376,1
31377,1
31378,1
31379,1
3138,1
31380,1
31381,1
31382,1
31383,1
31384,1
31385,1
31386,1
31387,1
31388,1
31389,1
3139,1
31390,1
31391,1
31392,1
31393,1
31394,1
31395,1
31396,1
31397,1
31398,1
31399,1
314,1
3140,1
31400,1
31401,1
31402,1
31403,1
31404,1
31405,1
31406,1
31407,1
31408,1
31409,1
3141,1
31410,1
31411,1
31412,1
31413,1
31414,1
31415,1
31416,1
31417,1
31418,1
31419,1
3142,1
31420,1
31421,1
31422,1
31423,1
31424,1
31425,1
31426,1
31427,1
31428,1
31429,1
3143,1
31430,1
31431,1
31432,1
31433,1
31434,0
31435,1
31436,1
31437,1
31438,1
31439,1
3144,1
31440,1
31441,1
31442,1
31443,1
31444,1
31445,1
31446,0
31447,1
31448,1
31449,1
3145,1
31450,1
31451,1
31452,1
31453,1
31454,1
31455,1
31456,1
31457,1
31458,1
31459,1
3146,1
31460,1
31461,1
31462,1
31463,1
31464,1
31465,1
31466,1
31467,1
31468,1
31469,1
3147,1
31470,1
31471,1
31472,1
31473,1
31474,1
31475,1
31476,0
31477,1
31478,1
31479,1
3148,1
31480,1
31481,1
31482,1
31483,1
31484,1
31485,1
31486,1
31487,1
31488,1
31489,1
3149,1
31490,1
31491,1
31492,1
31493,1
31494,1
31495,1
31496,1
31497,1
31498,1
31499,1
315,1
3150,1
31500,1
31501,1
31502,1
31503,1
31504,1
31505,1
31506,1
31507,1
31508,1
31509,1
3151,1
31510,1
31511,1
31512,1
31513,1
31514,1
31515,0
31516,1
31517,1
31518,1
31519,1
3152,1
31520,1
31521,1
31522,1
31523,1
31524,1
31525,1
31526,1
31527,1
31528,1
31529,1
3153,1
31530,1
31531,1
31532,1
31533,1
31534,1
31535,1
31536,1
31537,1
31538,1
31539,1
3154,1
31540,1
31541,1
31542,1
31543,1
31544,1
31545,1
31546,1
31547,1
31548,1
31549,1
3155,1
31550,1
31551,1
31552,1
31553,1
31554,1
31555,1
31556,1
31557,1
31558,1
31559,1
3156,1
31560,1
31561,1
31562,1
31563,1
31564,1
31565,1
31566,1
31567,1
31568,1
31569,1
3157,1
31570,1
31571,1
31572,1
31573,1
31574,1
31575,1
31576,1
31577,1
31578,1
31579,1
3158,1
31580,1
31581,1
31582,1
31583,1
31584,1
31585,1
31586,1
31587,1
31588,1
31589,1
3159,1
31590,1
31591,1
31592,1
31593,1
31594,1
31595,1
31596,1
31597,1
31598,1
31599,1
316,1
3160,1
31600,1
31601,1
31602,1
31603,1
31604,1
31605,1
31606,1
31607,1
31608,1
31609,1
3161,1
31610,1
31611,1
31612,1
31613,1
31614,1
31615,1
31616,1
31617,0
31618,1
31619,1
3162,0
31620,1
31621,1
31622,1
31623,1
31624,1
31625,1
31626,1
31627,1
31628,1
31629,0
3163,1
31630,1
31631,1
31632,1
31633,1
31634,0
31635,1
31636,1
31637,1
31638,1
31639,1
3164,1
31640,1
31641,1
31642,1
31643,1
31644,1
31645,1
31646,1
31647,1
31648,1
31649,1
3165,1
31650,1
31651,1
31652,1
31653,1
31654,1
31655,1
31656,1
31657,1
31658,1
31659,1
3166,1
31660,1
31661,1
31662,1
31663,1
31664,1
31665,1
31666,1
31667,1
31668,1
31669,1
3167,0
31670,1
31671,1
31672,1
31673,1
31674,1
31675,1
31676,1
31677,1
31678,1
31679,1
3168,1
31680,1
31681,1
31682,1
31683,1
31684,1
31685,1
31686,1
31687,1
31688,1
31689,1
3169,1
31690,1
31691,1
31692,1
31693,1
31694,1
31695,1
31696,1
31697,1
31698,1
31699,1
317,1
3170,1
31700,1
31701,1
31702,1
31703,1
31704,1
31705,1
31706,1
31707,1
31708,1
31709,1
3171,1
31710,1
31711,1
31712,1
31713,1
31714,1
31715,1
31716,1
31717,1
31718,1
31719,1
3172,1
31720,1
31721,1
31722,1
31723,1
31724,1
31725,1
31726,1
31727,1
31728,0
31729,1
3173,1
31730,1
31731,1
31732,1
31733,1
31734,1
31735,1
31736,1
31737,1
31738,1
31739,1
3174,1
31740,1
31741,1
31742,1
31743,1
31744,1
31745,1
31746,1
31747,1
31748,1
31749,1
3175,1
31750,1
31751,1
31752,1
31753,1
31754,1
31755,1
31756,1
31757,1
31758,1
31759,1
3176,1
31760,1
31761,1
31762,1
31763,1
31764,1
31765,1
31766,1
31767,1
31768,1
31769,1
3177,1
31770,1
31771,1
31772,1
31773,1
31774,1
31775,1
31776,1
31777,1
31778,1
31779,1
3178,1
31780,1
31781,1
31782,1
31783,1
31784,1
31785,1
31786,1
31787,1
31788,1
31789,1
3179,1
31790,1
31791,1
31792,1
31793,1
31794,1
31795,1
31796,1
31797,1
31798,1
31799,1
318,1
3180,1
31800,1
31801,1
31802,1
31803,1
31804,1
31805,1
31806,1
31807,1
31808,1
31809,1
3181,1
31810,1
31811,1
31812,1
31813,1
31814,1
31815,1
31816,1
31817,1
31818,1
31819,1
3182,1
31820,1
31821,1
31822,1
31823,1
31824,1
31825,1
31826,1
31827,1
31828,1
31829,1
3183,1
31830,1
31831,1
31832,1
31833,1
31834,1
31835,1
31836,1
31837,1
31838,1
31839,1
3184,1
31840,1
31841,1
31842,1
31843,1
31844,1
31845,1
31846,1
31847,1
31848,1
31849,1
3185,1
31850,1
31851,1
31852,1
31853,1
31854,1
31855,1
31856,1
31857,1
31858,1
31859,1
3186,1
31860,1
31861,1
31862,1
31863,1
31864,1
31865,1
31866,1
31867,1
31868,1
31869,1
3187,1
31870,1
31871,1
31872,1
31873,1
31874,1
31875,1
31876,1
31877,1
31878,1
31879,1
3188,1
31880,1
31881,1
31882,1
31883,1
31884,1
31885,1
31886,1
31887,1
31888,1
31889,1
3189,1
31890,1
31891,1
31892,1
31893,1
31894,1
31895,1
31896,1
31897,1
31898,1
31899,1
319,1
3190,1
31900,1
31901,1
31902,1
31903,1
31904,1
31905,1
31906,1
31907,1
31908,1
31909,1
3191,1
31910,1
31911,1
31912,1
31913,1
31914,1
31915,1
31916,1
31917,1
31918,0
31919,1
3192,1
31920,1
31921,1
31922,1
31923,1
31924,1
31925,1
31926,1
31927,1
31928,1
31929,1
3193,1
31930,1
31931,1
31932,1
31933,1
31934,1
31935,1
31936,1
31937,1
31938,1
31939,1
3194,1
31940,1
31941,1
31942,1
31943,1
31944,1
31945,1
31946,1
31947,1
31948,1
31949,1
3195,1
31950,1
31951,1
31952,1
31953,1
31954,1
31955,1
31956,1
31957,1
31958,1
31959,1
3196,1
31960,1
31961,1
31962,1
31963,1
31964,1
31965,1
31966,1
31967,1
31968,1
31969,1
3197,0
31970,1
31971,1
31972,1
31973,1
31974,1
31975,1
31976,1
31977,1
31978,1
31979,1
3198,1
31980,1
31981,1
31982,1
31983,1
31984,1
31985,1
31986,1
31987,1
31988,1
31989,1
3199,1
31990,1
31991,1
31992,1
31993,1
31994,1
31995,1
31996,1
31997,1
31998,1
31999,1
32,1
320,1
3200,1
32000,1
32001,1
32002,1
32003,1
32004,1
32005,1
32006,1
32007,1
32008,1
32009,1
3201,1
32010,1
32011,0
32012,1
32013,1
32014,1
32015,1
32016,1
32017,0
32018,1
32019,1
3202,1
32020,1
32021,1
32022,1
32023,1
32024,1
32025,1
32026,1
32027,1
32028,1
32029,1
3203,1
32030,1
32031,1
32032,1
32033,1
32034,1
32035,1
32036,1
32037,1
32038,1
32039,1
3204,1
32040,1
32041,1
32042,1
32043,1
32044,1
32045,1
32046,1
32047,1
32048,1
32049,1
3205,1
32050,1
32051,1
32052,1
32053,0
32054,1
32055,1
32056,1
32057,1
32058,0
32059,1
3206,1
32060,1
32061,1
32062,1
32063,1
32064,1
32065,1
32066,1
32067,1
32068,1
32069,1
3207,1
32070,1
32071,1
32072,1
32073,1
32074,1
32075,1
32076,1
32077,1
32078,1
32079,1
3208,1
32080,1
32081,1
32082,1
32083,1
32084,1
32085,1
32086,1
32087,1
32088,1
32089,1
3209,1
32090,1
32091,1
32092,1
32093,1
32094,1
32095,1
32096,1
32097,1
32098,1
32099,1
321,1
3210,1
32100,1
32101,1
32102,1
32103,1
32104,1
32105,1
32106,1
32107,1
32108,1
32109,1
3211,1
32110,1
32111,1
32112,1
32113,1
32114,1
32115,1
32116,1
32117,1
32118,1
32119,1
3212,1
32120,1
32121,1
32122,1
32123,1
32124,1
32125,1
32126,1
32127,1
32128,1
32129,1
3213,1
32130,1
32131,1
32132,1
32133,1
32134,1
32135,1
32136,1
32137,1
32138,1
32139,1
3214,1
32140,1
32141,1
32142,1
32143,1
32144,1
32145,1
32146,1
32147,1
32148,1
32149,1
3215,1
32150,1
32151,1
32152,1
32153,1
32154,1
32155,1
32156,1
32157,1
32158,1
32159,1
3216,1
32160,1
32161,1
32162,1
32163,1
32164,1
32165,1
32166,1
32167,1
32168,1
32169,1
3217,1
32170,1
32171,1
32172,1
32173,1
32174,1
32175,1
32176,1
32177,1
32178,1
32179,1
3218,1
32180,1
32181,1
32182,1
32183,1
32184,1
32185,1
32186,1
32187,1
32188,1
32189,1
3219,1
32190,1
32191,1
32192,1
32193,1
32194,1
32195,1
32196,1
32197,1
32198,1
32199,1
322,0
3220,1
32200,1
32201,1
32202,1
32203,1
32204,1
32205,1
32206,1
32207,0
32208,1
32209,1
3221,1
32210,1
32211,1
32212,1
32213,1
32214,1
32215,1
32216,1
32217,1
32218,1
32219,1
3222,1
32220,1
32221,1
32222,1
32223,1
32224,1
32225,1
32226,1
32227,1
32228,1
32229,1
3223,1
32230,1
32231,1
32232,1
32233,1
32234,1
32235,1
32236,1
32237,1
32238,1
32239,1
3224,0
32240,1
32241,1
32242,1
32243,1
32244,1
32245,1
32246,1
32247,1
32248,1
32249,1
3225,1
32250,1
32251,1
32252,1
32253,1
32254,1
32255,1
32256,1
32257,1
32258,1
32259,1
3226,1
32260,1
32261,1
32262,1
32263,1
32264,1
32265,1
32266,1
32267,1
32268,1
32269,1
3227,1
32270,1
32271,0
32272,1
32273,1
32274,1
32275,1
32276,1
32277,1
32278,1
32279,1
3228,1
32280,1
32281,1
32282,1
32283,1
32284,1
32285,1
32286,1
32287,1
32288,1
32289,1
3229,1
32290,1
32291,1
32292,1
32293,1
32294,1
32295,1
32296,1
32297,1
32298,1
32299,1
323,1
3230,1
32300,1
32301,1
32302,1
32303,1
32304,1
32305,1
32306,1
32307,1
32308,1
32309,1
3231,0
32310,1
32311,1
32312,1
32313,1
32314,1
32315,1
32316,1
32317,1
32318,1
32319,1
3232,1
32320,1
32321,1
32322,1
32323,1
32324,1
32325,1
32326,0
32327,1
32328,1
32329,1
3233,1
32330,1
32331,1
32332,1
32333,1
32334,1
32335,1
32336,1
32337,1
32338,1
32339,1
3234,1
32340,1
32341,1
32342,1
32343,1
32344,1
32345,1
32346,1
32347,1
32348,1
32349,1
3235,1
32350,1
32351,1
32352,1
32353,1
32354,1
32355,1
32356,1
32357,1
32358,1
32359,1
3236,1
32360,1
32361,1
32362,1
32363,1
32364,1
32365,1
32366,1
32367,1
32368,1
32369,0
3237,1
32370,1
32371,1
32372,1
32373,1
32374,1
32375,1
32376,1
32377,1
32378,1
32379,1
3238,1
32380,1
32381,1
32382,1
32383,1
32384,1
32385,1
32386,1
32387,1
32388,1
32389,1
3239,1
32390,1
32391,1
32392,1
32393,1
32394,1
32395,1
32396,1
32397,1
32398,1
32399,1
324,1
3240,1
32400,1
32401,1
32402,1
32403,1
32404,1
32405,1
32406,1
32407,1
32408,1
32409,1
3241,1
32410,1
32411,1
32412,1
32413,1
32414,1
32415,1
32416,1
32417,1
32418,1
32419,1
3242,1
32420,1
32421,1
32422,1
32423,1
32424,1
32425,1
32426,1
32427,1
32428,1
32429,1
3243,1
32430,1
32431,1
32432,1
32433,1
32434,1
32435,1
32436,1
32437,1
32438,1
32439,1
3244,1
32440,1
32441,1
32442,1
32443,1
32444,1
32445,1
32446,1
32447,1
32448,1
32449,1
3245,1
32450,1
32451,1
32452,1
32453,1
32454,1
32455,1
32456,1
32457,1
32458,1
32459,1
3246,1
32460,1
32461,1
32462,1
32463,1
32464,1
32465,1
32466,1
32467,1
32468,1
32469,1
3247,1
32470,1
32471,1
32472,1
32473,1
32474,1
32475,1
32476,1
32477,1
32478,1
32479,1
3248,1
32480,1
32481,1
32482,1
32483,1
32484,1
32485,1
32486,1
32487,1
32488,1
32489,1
3249,1
32490,1
32491,1
32492,1
32493,1
32494,1
32495,1
32496,1
32497,1
32498,1
32499,1
325,1
3250,1
32500,1
32501,1
32502,1
32503,1
32504,1
32505,1
32506,1
32507,1
32508,1
32509,1
3251,1
32510,1
32511,1
32512,1
32513,1
32514,1
32515,1
32516,1
32517,1
32518,1
32519,1
3252,1
32520,1
32521,1
32522,1
32523,1
32524,1
32525,1
32526,1
32527,1
32528,1
32529,1
3253,1
32530,1
32531,1
32532,1
32533,1
32534,1
32535,1
32536,1
32537,1
32538,1
32539,1
3254,1
32540,1
32541,1
32542,1
32543,1
32544,1
32545,1
32546,1
32547,1
32548,1
32549,1
3255,1
32550,1
32551,1
32552,1
32553,1
32554,1
32555,1
32556,1
32557,1
32558,1
32559,1
3256,1
32560,1
32561,1
32562,1
32563,1
32564,1
32565,1
32566,1
32567,1
32568,1
32569,1
3257,1
32570,1
32571,1
32572,1
32573,1
32574,1
32575,1
32576,1
32577,1
32578,1
32579,1
3258,1
32580,1
32581,1
32582,1
32583,1
32584,1
32585,1
32586,1
32587,1
32588,1
32589,1
3259,1
32590,1
32591,1
32592,1
32593,1
32594,1
32595,1
32596,0
32597,1
32598,1
32599,1
326,1
3260,1
32600,1
32601,1
32602,1
32603,1
32604,1
32605,1
32606,1
32607,1
32608,1
32609,1
3261,1
32610,1
32611,1
32612,1
32613,1
32614,1
32615,1
32616,1
32617,1
32618,1
32619,1
3262,1
32620,1
32621,0
32622,1
32623,1
32624,1
32625,1
32626,1
32627,1
32628,1
32629,1
3263,1
32630,1
32631,1
32632,0
32633,1
32634,1
32635,1
32636,1
32637,1
32638,1
32639,1
3264,1
32640,1
32641,1
32642,1
32643,1
32644,1
32645,1
32646,1
32647,1
32648,1
32649,1
3265,1
32650,1
32651,1
32652,1
32653,1
32654,1
32655,1
32656,1
32657,1
32658,1
32659,1
3266,1
32660,1
32661,1
32662,1
32663,1
32664,1
32665,1
32666,1
32667,1
32668,1
32669,1
3267,1
32670,1
32671,1
32672,1
32673,1
32674,1
32675,1
32676,1
32677,1
32678,1
32679,1
3268,1
32680,1
32681,1
32682,1
32683,1
32684,1
32685,1
32686,1
32687,1
32688,1
32689,1
3269,1
32690,1
32691,1
32692,1
32693,1
32694,1
32695,1
32696,1
32697,1
32698,1
32699,1
327,1
3270,1
32700,1
32701,1
32702,1
32703,1
32704,1
32705,1
32706,1
32707,1
32708,1
32709,1
3271,1
32710,1
32711,0
32712,1
32713,1
32714,1
32715,1
32716,1
32717,1
32718,1
32719,1
3272,1
32720,1
32721,1
32722,1
32723,1
32724,1
32725,1
32726,1
32727,1
32728,1
32729,1
3273,0
32730,1
32731,1
32732,1
32733,1
32734,1
32735,1
32736,1
32737,1
32738,1
32739,1
3274,1
32740,1
32741,1
32742,1
32743,1
32744,1
32745,1
32746,1
32747,1
32748,1
32749,1
3275,1
32750,1
32751,1
32752,1
32753,1
32754,1
32755,1
32756,1
32757,0
32758,1
32759,1
3276,1
32760,1
32761,1
32762,1
32763,1
32764,1
32765,1
32766,1
32767,0
32768,1
32769,1
3277,1
32770,1
32771,1
32772,1
32773,1
32774,1
32775,1
32776,1
32777,1
32778,1
32779,1
3278,1
32780,1
32781,1
32782,1
32783,1
32784,1
32785,1
32786,1
32787,1
32788,1
32789,1
3279,1
32790,1
32791,1
32792,1
32793,1
32794,1
32795,1
32796,1
32797,1
32798,1
32799,1
328,1
3280,1
32800,1
32801,1
32802,1
32803,1
32804,1
32805,1
32806,1
32807,1
32808,1
32809,1
3281,1
32810,1
32811,1
32812,1
32813,1
32814,1
32815,1
32816,1
32817,1
32818,1
32819,1
3282,1
32820,1
32821,1
32822,1
32823,1
32824,1
32825,1
32826,1
32827,1
32828,1
32829,1
3283,1
32830,1
32831,1
32832,1
32833,1
32834,1
32835,1
32836,1
32837,1
32838,1
32839,1
3284,1
32840,1
32841,1
32842,1
32843,1
32844,1
32845,1
32846,1
32847,1
32848,1
32849,1
3285,1
32850,1
32851,1
32852,1
32853,1
32854,1
32855,1
32856,1
32857,1
32858,1
32859,1
3286,1
32860,1
32861,1
32862,1
32863,1
32864,1
32865,1
32866,1
32867,1
32868,1
32869,1
3287,1
32870,1
32871,1
32872,1
32873,1
32874,1
32875,1
32876,1
32877,1
32878,1
32879,1
3288,1
32880,1
32881,1
32882,1
32883,1
32884,1
32885,1
32886,1
32887,1
32888,1
32889,1
3289,1
32890,1
32891,1
32892,1
32893,1
32894,1
32895,1
32896,1
32897,1
32898,1
32899,1
329,1
3290,1
32900,1
32901,1
32902,1
32903,1
32904,1
32905,1
32906,1
32907,1
32908,1
32909,1
3291,1
32910,1
32911,1
32912,1
32913,1
32914,1
32915,1
32916,1
32917,1
32918,1
32919,1
3292,1
32920,1
32921,1
32922,1
32923,1
32924,1
32925,1
32926,1
32927,1
32928,1
32929,1
3293,1
32930,1
32931,1
32932,1
32933,1
32934,1
32935,1
32936,1
32937,1
32938,1
32939,1
3294,1
32940,1
32941,1
32942,1
32943,1
32944,1
32945,1
32946,1
32947,1
32948,1
32949,1
3295,1
32950,1
32951,1
32952,1
32953,1
32954,1
32955,1
32956,1
32957,1
32958,1
32959,1
3296,1
32960,1
32961,1
32962,1
32963,1
32964,1
32965,1
32966,1
32967,1
32968,1
32969,1
3297,1
32970,1
32971,1
32972,1
32973,1
32974,1
32975,1
32976,1
32977,1
32978,1
32979,1
3298,1
32980,1
32981,1
32982,0
32983,1
32984,1
32985,1
32986,1
32987,1
32988,1
32989,1
3299,1
32990,1
32991,1
32992,1
32993,1
32994,1
32995,1
32996,1
32997,1
32998,1
32999,1
33,1
330,1
3300,1
33000,1
33001,1
33002,1
33003,1
33004,1
33005,1
33006,1
33007,1
33008,1
33009,1
3301,0
33010,1
33011,1
33012,1
33013,1
33014,1
33015,1
33016,1
33017,1
33018,1
33019,1
3302,1
33020,1
33021,1
33022,1
33023,1
33024,1
33025,1
33026,1
33027,0
33028,1
33029,1
3303,1
33030,1
33031,1
33032,1
33033,1
33034,1
33035,1
33036,1
33037,1
33038,1
33039,1
3304,1
33040,1
33041,1
33042,1
33043,1
33044,1
33045,1
33046,1
33047,1
33048,1
33049,1
3305,1
33050,1
33051,1
33052,1
33053,1
33054,1
33055,1
33056,1
33057,1
33058,1
33059,1
3306,1
33060,1
33061,1
33062,1
33063,1
33064,1
33065,1
33066,1
33067,1
33068,1
33069,1
3307,1
33070,1
33071,1
33072,1
33073,1
33074,0
33075,1
33076,1
33077,1
33078,1
33079,1
3308,1
33080,1
33081,1
33082,1
33083,1
33084,1
33085,1
33086,1
33087,1
33088,1
33089,1
3309,1
33090,1
33091,1
33092,1
33093,1
33094,1
33095,1
33096,1
33097,1
33098,1
33099,1
331,1
3310,1
33100,1
33101,1
33102,1
33103,1
33104,1
33105,1
33106,1
33107,1
33108,1
33109,1
3311,1
33110,1
33111,1
33112,1
33113,1
33114,1
33115,1
33116,1
33117,1
33118,1
33119,1
3312,1
33120,1
33121,1
33122,1
33123,1
33124,1
33125,1
33126,1
33127,1
33128,1
33129,1
3313,1
33130,1
33131,1
33132,1
33133,1
33134,1
33135,1
33136,1
33137,1
33138,1
33139,1
3314,1
33140,1
33141,1
33142,1
33143,1
33144,1
33145,1
33146,1
33147,1
33148,1
33149,1
3315,1
33150,1
33151,1
33152,1
33153,1
33154,1
33155,1
33156,1
33157,1
33158,1
33159,1
3316,1
33160,1
33161,1
33162,1
33163,1
33164,1
33165,1
33166,1
33167,1
33168,1
33169,1
3317,1
33170,1
33171,1
33172,1
33173,1
33174,1
33175,1
33176,0
33177,1
33178,1
33179,1
3318,0
33180,1
33181,1
33182,1
33183,1
33184,1
33185,1
33186,1
33187,1
33188,1
33189,1
3319,1
33190,1
33191,1
33192,1
33193,1
33194,1
33195,1
33196,1
33197,1
33198,1
33199,1
332,0
3320,1
33200,1
33201,1
33202,1
33203,1
33204,1
33205,1
33206,1
33207,1
33208,1
33209,1
3321,1
33210,1
33211,1
33212,1
33213,1
33214,1
33215,1
33216,1
33217,1
33218,1
33219,1
3322,1
33220,1
33221,1
33222,1
33223,1
33224,1
33225,1
33226,1
33227,1
33228,1
33229,1
3323,1
33230,1
33231,1
33232,1
33233,1
33234,1
33235,1
33236,1
33237,1
33238,1
33239,1
3324,1
33240,1
33241,1
33242,1
33243,0
33244,1
33245,1
33246,1
33247,1
33248,1
33249,1
3325,1
33250,1
33251,1
33252,1
33253,1
33254,1
33255,1
33256,1
33257,1
33258,1
33259,1
3326,1
33260,1
33261,1
33262,1
33263,1
33264,1
33265,1
33266,1
33267,0
33268,1
33269,1
3327,1
33270,1
33271,1
33272,1
33273,1
33274,1
33275,1
33276,1
33277,1
33278,1
33279,1
3328,1
33280,1
33281,1
33282,1
33283,1
33284,1
33285,1
33286,1
33287,1
33288,1
33289,1
3329,1
33290,1
33291,1
33292,1
33293,1
33294,1
33295,1
33296,1
33297,1
33298,1
33299,1
333,1
3330,1
33300,1
33301,1
33302,1
33303,1
33304,1
33305,1
33306,1
33307,1
33308,1
33309,1
3331,1
33310,1
33311,1
33312,0
33313,1
33314,1
33315,1
33316,1
33317,1
33318,1
33319,1
3332,1
33320,1
33321,1
33322,1
33323,1
33324,1
33325,1
33326,1
33327,1
33328,1
33329,1
3333,1
33330,1
33331,1
33332,0
33333,1
33334,1
33335,1
33336,1
33337,1
33338,1
33339,1
3334,1
33340,1
33341,1
33342,1
33343,1
33344,1
33345,1
33346,1
33347,1
33348,1
33349,1
3335,1
33350,0
33351,1
33352,1
33353,1
33354,1
33355,0
33356,1
33357,1
33358,1
33359,1
3336,1
33360,1
33361,1
33362,1
33363,1
33364,1
33365,1
33366,1
33367,1
33368,1
33369,1
3337,1
33370,1
33371,1
33372,1
33373,1
33374,1
33375,1
33376,1
33377,1
33378,1
33379,1
3338,1
33380,1
33381,1
33382,1
33383,1
33384,1
33385,1
33386,1
33387,1
33388,1
33389,1
3339,0
33390,1
33391,1
33392,1
33393,1
33394,1
33395,1
33396,1
33397,1
33398,1
33399,1
334,1
3340,1
33400,1
33401,1
33402,1
33403,1
33404,1
33405,1
33406,1
33407,1
33408,1
33409,1
3341,1
33410,1
33411,1
33412,1
33413,1
33414,1
33415,1
33416,1
33417,1
33418,1
33419,1
3342,1
33420,1
33421,1
33422,1
33423,1
33424,1
33425,1
33426,1
33427,1
33428,1
33429,1
3343,1
33430,1
33431,1
33432,1
33433,1
33434,1
33435,1
33436,1
33437,1
33438,1
33439,1
3344,1
33440,1
33441,1
33442,1
33443,1
33444,1
33445,1
33446,1
33447,1
33448,1
33449,1
3345,1
33450,1
33451,1
33452,1
33453,1
33454,1
33455,1
33456,1
33457,1
33458,1
33459,1
3346,1
33460,1
33461,1
33462,1
33463,1
33464,1
33465,1
33466,1
33467,1
33468,1
33469,1
3347,1
33470,1
33471,1
33472,1
33473,1
33474,1
33475,1
33476,1
33477,1
33478,1
33479,1
3348,1
33480,1
33481,0
33482,1
33483,1
33484,1
33485,1
33486,1
33487,1
33488,1
33489,1
3349,1
33490,1
33491,0
33492,1
33493,1
33494,1
33495,1
33496,1
33497,1
33498,1
33499,1
335,1
3350,1
33500,1
33501,0
33502,0
33503,1
33504,1
33505,1
33506,1
33507,1
33508,1
33509,1
3351,1
33510,1
33511,1
33512,1
33513,1
33514,1
33515,1
33516,1
33517,1
33518,1
33519,1
3352,1
33520,1
33521,1
33522,1
33523,1
33524,1
33525,1
33526,1
33527,1
33528,1
33529,1
3353,1
33530,1
33531,0
33532,1
33533,1
33534,1
33535,1
33536,1
33537,1
33538,1
33539,1
3354,1
33540,1
33541,1
33542,1
33543,1
33544,1
33545,1
33546,1
33547,1
33548,1
33549,1
3355,1
33550,1
33551,1
33552,1
33553,1
33554,1
33555,1
33556,1
33557,1
33558,1
33559,1
3356,1
33560,1
33561,1
33562,1
33563,1
33564,1
33565,1
33566,1
33567,1
33568,1
33569,1
3357,1
33570,1
33571,1
33572,1
33573,1
33574,1
33575,1
33576,1
33577,1
33578,1
33579,1
3358,1
33580,1
33581,1
33582,1
33583,1
33584,1
33585,1
33586,1
33587,1
33588,1
33589,1
3359,1
33590,1
33591,1
33592,1
33593,1
33594,1
33595,1
33596,0
33597,1
33598,1
33599,1
336,1
3360,1
33600,1
33601,1
33602,1
33603,1
33604,1
33605,1
33606,1
33607,1
33608,1
33609,1
3361,0
33610,1
33611,1
33612,1
33613,1
33614,1
33615,1
33616,1
33617,1
33618,1
33619,0
3362,1
33620,1
33621,1
33622,1
33623,1
33624,1
33625,1
33626,1
33627,1
33628,1
33629,1
3363,1
33630,1
33631,1
33632,1
33633,1
33634,1
33635,1
33636,1
33637,1
33638,1
33639,1
3364,1
33640,1
33641,1
33642,1
33643,1
33644,1
33645,1
33646,1
33647,1
33648,1
33649,1
3365,0
33650,1
33651,1
33652,1
33653,1
33654,1
33655,1
33656,1
33657,1
33658,1
33659,1
3366,1
33660,1
33661,1
33662,1
33663,1
33664,1
33665,1
33666,1
33667,1
33668,1
33669,1
3367,1
33670,1
33671,1
33672,1
33673,1
33674,1
33675,1
33676,1
33677,1
33678,1
33679,1
3368,1
33680,1
33681,1
33682,1
33683,1
33684,1
33685,1
33686,1
33687,1
33688,1
33689,1
3369,1
33690,1
33691,1
33692,1
33693,1
33694,1
33695,0
33696,1
33697,1
33698,1
33699,1
337,1
3370,1
33700,1
33701,1
33702,1
33703,1
33704,1
33705,1
33706,1
33707,1
33708,1
33709,1
3371,1
33710,1
33711,1
33712,1
33713,1
33714,1
33715,1
33716,1
33717,1
33718,1
33719,1
3372,1
33720,1
33721,1
33722,1
33723,1
33724,1
33725,1
33726,1
33727,1
33728,1
33729,1
3373,1
33730,1
33731,1
33732,1
33733,1
33734,0
33735,1
33736,1
33737,1
33738,1
33739,1
3374,1
33740,1
33741,1
33742,1
33743,1
33744,1
33745,1
33746,1
33747,1
33748,1
33749,1
3375,1
33750,1
33751,1
33752,1
33753,1
33754,1
33755,1
33756,1
33757,1
33758,1
33759,1
3376,1
33760,1
33761,1
33762,1
33763,1
33764,1
33765,1
33766,1
33767,1
33768,1
33769,1
3377,1
33770,1
33771,1
33772,1
33773,1
33774,1
33775,1
33776,1
33777,1
33778,1
33779,1
3378,1
33780,1
33781,1
33782,1
33783,1
33784,1
33785,1
33786,1
33787,1
33788,1
33789,1
3379,1
33790,1
33791,1
33792,1
33793,1
33794,1
33795,1
33796,1
33797,1
33798,1
33799,1
338,1
3380,1
33800,1
33801,1
33802,1
33803,1
33804,1
33805,1
33806,1
33807,1
33808,1
33809,1
3381,1
33810,1
33811,1
33812,1
33813,1
33814,1
33815,1
33816,1
33817,1
33818,1
33819,1
3382,1
33820,1
33821,1
33822,1
33823,1
33824,1
33825,1
33826,1
33827,1
33828,1
33829,1
3383,1
33830,0
33831,1
33832,0
33833,1
33834,1
33835,1
33836,1
33837,1
33838,1
33839,1
3384,1
33840,1
33841,1
33842,1
33843,1
33844,1
33845,1
33846,1
33847,1
33848,1
33849,1
3385,1
33850,1
33851,1
33852,1
33853,1
33854,1
33855,1
33856,1
33857,1
33858,1
33859,1
3386,1
33860,1
33861,1
33862,1
33863,1
33864,1
33865,1
33866,1
33867,1
33868,1
33869,1
3387,1
33870,1
33871,1
33872,1
33873,1
33874,1
33875,1
33876,1
33877,1
33878,1
33879,1
3388,1
33880,1
33881,1
33882,1
33883,1
33884,1
33885,1
33886,1
33887,1
33888,1
33889,1
3389,1
33890,1
33891,1
33892,1
33893,1
33894,1
33895,1
33896,1
33897,1
33898,1
33899,1
339,1
3390,1
33900,1
33901,1
33902,1
33903,1
33904,1
33905,1
33906,1
33907,1
33908,1
33909,1
3391,1
33910,1
33911,1
33912,1
33913,1
33914,1
33915,1
33916,1
33917,1
33918,1
33919,1
3392,1
33920,1
33921,1
33922,1
33923,1
33924,1
33925,1
33926,1
33927,1
33928,1
33929,1
3393,1
33930,1
33931,1
33932,1
33933,1
33934,0
33935,1
33936,1
33937,1
33938,1
33939,1
3394,1
33940,0
33941,1
33942,1
33943,1
33944,1
33945,1
33946,1
33947,1
33948,1
33949,1
3395,1
33950,1
33951,1
33952,1
33953,1
33954,1
33955,1
33956,1
33957,1
33958,1
33959,1
3396,1
33960,1
33961,1
33962,1
33963,1
33964,1
33965,1
33966,1
33967,1
33968,1
33969,1
3397,1
33970,1
33971,1
33972,0
33973,1
33974,1
33975,1
33976,1
33977,1
33978,1
33979,1
3398,1
33980,1
33981,1
33982,1
33983,1
33984,1
33985,1
33986,1
33987,1
33988,1
33989,1
3399,0
33990,1
33991,1
33992,1
33993,1
33994,1
33995,1
33996,1
33997,1
33998,1
33999,1
34,1
340,1
3400,1
34000,1
34001,1
34002,1
34003,1
34004,1
34005,1
34006,1
34007,1
34008,1
34009,1
3401,1
34010,1
34011,1
34012,1
34013,1
34014,1
34015,1
34016,1
34017,1
34018,1
34019,1
3402,1
34020,1
34021,1
34022,1
34023,1
34024,1
34025,1
34026,1
34027,0
34028,1
34029,1
3403,1
34030,1
34031,1
34032,1
34033,1
34034,1
34035,1
34036,1
34037,1
34038,1
34039,1
3404,1
34040,1
34041,1
34042,1
34043,1
34044,1
34045,0
34046,1
34047,1
34048,1
34049,1
3405,1
34050,1
34051,1
34052,1
34053,1
34054,1
34055,1
34056,1
34057,1
34058,1
34059,1
3406,0
34060,1
34061,1
34062,1
34063,1
34064,1
34065,1
34066,1
34067,1
34068,1
34069,1
3407,1
34070,1
34071,0
34072,1
34073,1
34074,1
34075,1
34076,1
34077,1
34078,1
34079,1
3408,1
34080,1
34081,1
34082,1
34083,1
34084,1
34085,1
34086,1
34087,1
34088,1
34089,1
3409,1
34090,1
34091,1
34092,1
34093,1
34094,1
34095,1
34096,1
34097,1
34098,1
34099,1
341,1
3410,1
34100,1
34101,1
34102,1
34103,1
34104,1
34105,1
34106,1
34107,1
34108,1
34109,1
3411,1
34110,1
34111,1
34112,0
34113,1
34114,1
34115,1
34116,1
34117,1
34118,1
34119,1
3412,1
34120,1
34121,1
34122,1
34123,1
34124,1
34125,1
34126,1
34127,1
34128,1
34129,1
3413,1
34130,1
34131,1
34132,1
34133,1
34134,1
34135,1
34136,1
34137,1
34138,1
34139,1
3414,1
34140,1
34141,1
34142,1
34143,1
34144,1
34145,1
34146,1
34147,1
34148,1
34149,1
3415,1
34150,1
34151,1
34152,1
34153,1
34154,1
34155,1
34156,1
34157,1
34158,1
34159,1
3416,1
34160,1
34161,1
34162,1
34163,1
34164,1
34165,1
34166,1
34167,1
34168,1
34169,1
3417,1
34170,1
34171,1
34172,1
34173,1
34174,1
34175,1
34176,1
34177,1
34178,1
34179,1
3418,1
34180,1
34181,1
34182,1
34183,1
34184,1
34185,0
34186,1
34187,1
34188,1
34189,1
3419,1
34190,1
34191,1
34192,1
34193,1
34194,1
34195,1
34196,1
34197,1
34198,1
34199,1
342,1
3420,1
34200,1
34201,1
34202,1
34203,1
34204,1
34205,1
34206,1
34207,1
34208,1
34209,1
3421,1
34210,1
34211,1
34212,1
34213,1
34214,1
34215,1
34216,1
34217,1
34218,1
34219,1
3422,0
34220,1
34221,1
34222,1
34223,1
34224,1
34225,0
34226,1
34227,1
34228,1
34229,1
3423,1
34230,1
34231,1
34232,1
34233,1
34234,1
34235,1
34236,1
34237,1
34238,1
34239,1
3424,1
34240,1
34241,1
34242,1
34243,1
34244,1
34245,1
34246,1
34247,1
34248,1
34249,1
3425,1
34250,1
34251,1
34252,1
34253,1
34254,1
34255,1
34256,1
34257,1
34258,1
34259,1
3426,1
34260,1
34261,1
34262,1
34263,1
34264,1
34265,1
34266,1
34267,1
34268,1
34269,1
3427,1
34270,1
34271,1
34272,1
34273,1
34274,1
34275,1
34276,1
34277,1
34278,1
34279,1
3428,1
34280,1
34281,1
34282,1
34283,1
34284,1
34285,1
34286,1
34287,1
34288,1
34289,1
3429,1
34290,1
34291,1
34292,1
34293,1
34294,1
34295,1
34296,1
34297,1
34298,1
34299,1
343,1
3430,1
34300,1
34301,1
34302,1
34303,1
34304,1
34305,1
34306,1
34307,1
34308,1
34309,1
3431,1
34310,1
34311,1
34312,1
34313,1
34314,1
34315,1
34316,1
34317,1
34318,1
34319,1
3432,1
34320,1
34321,1
34322,1
34323,1
34324,1
34325,1
34326,1
34327,1
34328,1
34329,1
3433,1
34330,1
34331,0
34332,1
34333,1
34334,1
34335,1
34336,1
34337,1
34338,1
34339,1
3434,1
34340,1
34341,1
34342,1
34343,1
34344,1
34345,1
34346,1
34347,1
34348,1
34349,1
3435,1
34350,1
34351,1
34352,1
34353,1
34354,1
34355,1
34356,1
34357,1
34358,1
34359,1
3436,1
34360,1
34361,1
34362,1
34363,1
34364,1
34365,1
34366,1
34367,1
34368,1
34369,1
3437,1
34370,1
34371,1
34372,1
34373,1
34374,1
34375,1
34376,1
34377,1
34378,1
34379,1
3438,1
34380,1
34381,1
34382,1
34383,1
34384,1
34385,1
34386,1
34387,1
34388,1
34389,1
3439,1
34390,1
34391,1
34392,1
34393,1
34394,1
34395,1
34396,1
34397,1
34398,1
34399,1
344,1
3440,1
34400,1
34401,1
34402,1
34403,1
34404,1
34405,1
34406,1
34407,1
34408,1
34409,1
3441,1
34410,1
34411,1
34412,1
34413,1
34414,1
34415,0
34416,1
34417,1
34418,1
34419,1
3442,1
34420,1
34421,1
34422,1
34423,1
34424,1
34425,1
34426,1
34427,1
34428,1
34429,1
3443,1
34430,1
34431,1
34432,1
34433,1
34434,1
34435,1
34436,1
34437,1
34438,1
34439,1
3444,1
34440,1
34441,1
34442,1
34443,1
34444,1
34445,1
34446,1
34447,1
34448,1
34449,1
3445,1
34450,1
34451,0
34452,1
34453,1
34454,1
34455,1
34456,1
34457,1
34458,1
34459,1
3446,1
34460,1
34461,1
34462,1
34463,1
34464,1
34465,1
34466,1
34467,1
34468,1
34469,1
3447,1
34470,1
34471,1
34472,1
34473,1
34474,1
34475,1
34476,1
34477,1
34478,1
34479,1
3448,1
34480,1
34481,1
34482,1
34483,1
34484,1
34485,1
34486,1
34487,1
34488,1
34489,1
3449,1
34490,1
34491,1
34492,1
34493,1
34494,1
34495,1
34496,1
34497,1
34498,1
34499,1
345,1
3450,1
34500,1
34501,1
34502,1
34503,1
34504,1
34505,1
34506,1
34507,1
34508,1
34509,1
3451,1
34510,1
34511,1
34512,1
34513,1
34514,1
34515,1
34516,1
34517,1
34518,1
34519,1
3452,1
34520,1
34521,1
34522,1
34523,1
34524,1
34525,1
34526,1
34527,1
34528,1
34529,1
3453,1
34530,1
34531,1
34532,1
34533,1
34534,1
34535,1
34536,1
34537,1
34538,1
34539,1
3454,1
34540,1
34541,1
34542,1
34543,1
34544,1
34545,1
34546,1
34547,1
34548,1
34549,1
3455,1
34550,1
34551,1
34552,1
34553,1
34554,1
34555,1
34556,1
34557,1
34558,1
34559,1
3456,1
34560,1
34561,1
34562,1
34563,1
34564,1
34565,1
34566,1
34567,1
34568,1
34569,1
3457,1
34570,1
34571,1
34572,1
34573,1
34574,1
34575,1
34576,1
34577,1
34578,1
34579,1
3458,1
34580,1
34581,1
34582,1
34583,1
34584,1
34585,1
34586,1
34587,1
34588,1
34589,1
3459,1
34590,1
34591,1
34592,1
34593,1
34594,1
34595,1
34596,1
34597,1
34598,1
34599,1
346,1
3460,1
34600,1
34601,1
34602,1
34603,1
34604,1
34605,1
34606,1
34607,1
34608,1
34609,1
3461,1
34610,1
34611,1
34612,1
34613,1
34614,1
34615,1
34616,1
34617,1
34618,1
34619,1
3462,1
34620,1
34621,1
34622,1
34623,1
34624,1
34625,1
34626,1
34627,1
34628,1
34629,1
3463,1
34630,1
34631,1
34632,1
34633,1
34634,1
34635,1
34636,1
34637,1
34638,1
34639,1
3464,1
34640,1
34641,1
34642,1
34643,1
34644,1
34645,1
34646,1
34647,1
34648,1
34649,1
3465,1
34650,1
34651,1
34652,1
34653,0
34654,1
34655,1
34656,1
34657,1
34658,1
34659,1
3466,1
34660,1
34661,1
34662,1
34663,1
34664,1
34665,1
34666,1
34667,1
34668,1
34669,1
3467,1
34670,1
34671,1
34672,1
34673,1
34674,1
34675,1
34676,1
34677,1
34678,1
34679,1
3468,1
34680,1
34681,1
34682,1
34683,1
34684,1
34685,1
34686,1
34687,1
34688,1
34689,1
3469,1
34690,1
34691,1
34692,1
34693,1
34694,1
34695,1
34696,1
34697,1
34698,1
34699,1
347,1
3470,1
34700,1
34701,1
34702,1
34703,1
34704,1
34705,1
34706,1
34707,1
34708,1
34709,1
3471,1
34710,1
34711,1
34712,1
34713,1
34714,1
34715,1
34716,1
34717,1
34718,1
34719,1
3472,1
34720,1
34721,1
34722,0
34723,1
34724,1
34725,1
34726,1
34727,1
34728,1
34729,1
3473,1
34730,1
34731,1
34732,1
34733,1
34734,1
34735,1
34736,1
34737,1
34738,1
34739,1
3474,1
34740,1
34741,1
34742,1
34743,1
34744,1
34745,1
34746,1
34747,1
34748,0
34749,1
3475,0
34750,1
34751,1
34752,1
34753,1
34754,1
34755,1
34756,1
34757,1
34758,1
34759,1
3476,1
34760,1
34761,1
34762,1
34763,1
34764,1
34765,1
34766,1
34767,1
34768,1
34769,1
3477,1
34770,1
34771,1
34772,1
34773,1
34774,1
34775,1
34776,1
34777,1
34778,1
34779,1
3478,1
34780,1
34781,1
34782,1
34783,1
34784,1
34785,1
34786,1
34787,1
34788,1
34789,1
3479,1
34790,1
34791,1
34792,1
34793,1
34794,1
34795,1
34796,1
34797,1
34798,1
34799,1
348,1
3480,1
34800,1
34801,1
34802,1
34803,1
34804,1
34805,1
34806,1
34807,1
34808,1
34809,1
3481,1
34810,1
34811,1
34812,1
34813,1
34814,1
34815,1
34816,1
34817,1
34818,1
34819,1
3482,1
34820,1
34821,1
34822,1
34823,1
34824,1
34825,1
34826,1
34827,1
34828,1
34829,1
3483,1
34830,1
34831,1
34832,1
34833,1
34834,1
34835,1
34836,1
34837,1
34838,1
34839,1
3484,1
34840,1
34841,1
34842,1
34843,1
34844,1
34845,1
34846,1
34847,1
34848,1
34849,1
3485,1
34850,1
34851,1
34852,1
34853,1
34854,1
34855,1
34856,1
34857,1
34858,1
34859,1
3486,1
34860,1
34861,1
34862,1
34863,1
34864,1
34865,1
34866,1
34867,1
34868,1
34869,1
3487,1
34870,1
34871,1
34872,1
34873,1
34874,1
34875,1
34876,1
34877,1
34878,1
34879,1
3488,1
34880,1
34881,1
34882,1
34883,1
34884,1
34885,1
34886,1
34887,1
34888,1
34889,1
3489,1
34890,1
34891,1
34892,1
34893,1
34894,1
34895,1
34896,1
34897,1
34898,1
34899,1
349,1
3490,1
34900,1
34901,1
34902,1
34903,1
34904,1
34905,1
34906,1
34907,1
34908,1
34909,1
3491,1
34910,0
34911,1
34912,1
34913,1
34914,1
34915,1
34916,1
34917,1
34918,1
34919,1
3492,1
34920,1
34921,1
34922,1
34923,1
34924,1
34925,1
34926,1
34927,1
34928,1
34929,1
3493,1
34930,1
34931,1
34932,1
34933,1
34934,1
34935,1
34936,1
34937,1
34938,1
34939,1
3494,1
34940,1
34941,1
34942,1
34943,1
34944,1
34945,1
34946,1
34947,1
34948,1
34949,1
3495,1
34950,1
34951,1
34952,1
34953,1
34954,1
34955,1
34956,1
34957,1
34958,1
34959,1
3496,1
34960,1
34961,0
34962,1
34963,1
34964,1
34965,1
34966,1
34967,1
34968,1
34969,1
3497,1
34970,1
34971,1
34972,1
34973,1
34974,1
34975,1
34976,1
34977,1
34978,1
34979,1
3498,1
34980,1
34981,1
34982,1
34983,1
34984,1
34985,1
34986,1
34987,0
34988,1
34989,1
3499,1
34990,1
34991,1
34992,1
34993,1
34994,1
34995,1
34996,1
34997,1
34998,1
34999,1
35,1
350,1
3500,1
35000,1
35001,1
35002,0
35003,1
35004,1
35005,1
35006,1
35007,1
35008,1
35009,1
3501,1
35010,1
35011,0
35012,1
35013,1
35014,1
35015,1
35016,1
35017,1
35018,1
35019,1
3502,1
35020,1
35021,1
35022,1
35023,1
35024,1
35025,1
35026,1
35027,1
35028,1
35029,1
3503,1
35030,1
35031,1
35032,1
35033,1
35034,1
35035,1
35036,1
35037,1
35038,1
35039,1
3504,1
35040,1
35041,1
35042,1
35043,1
35044,1
35045,1
35046,1
35047,1
35048,1
35049,1
3505,1
35050,1
35051,1
35052,1
35053,1
35054,1
35055,1
35056,1
35057,1
35058,1
35059,1
3506,1
35060,1
35061,1
35062,1
35063,1
35064,1
35065,1
35066,1
35067,1
35068,1
35069,1
3507,1
35070,1
35071,1
35072,1
35073,1
35074,1
35075,1
35076,1
35077,1
35078,1
35079,1
3508,1
35080,1
35081,1
35082,1
35083,1
35084,1
35085,1
35086,1
35087,1
35088,1
35089,1
3509,1
35090,1
35091,1
35092,1
35093,1
35094,1
35095,1
35096,1
35097,1
35098,1
35099,1
351,1
3510,1
35100,1
35101,1
35102,1
35103,1
35104,1
35105,1
35106,1
35107,1
35108,1
35109,1
3511,1
35110,1
35111,1
35112,1
35113,1
35114,1
35115,1
35116,1
35117,1
35118,1
35119,1
3512,1
35120,1
35121,1
35122,1
35123,1
35124,1
35125,1
35126,1
35127,1
35128,1
35129,1
3513,1
35130,1
35131,1
35132,1
35133,1
35134,1
35135,1
35136,1
35137,1
35138,1
35139,1
3514,1
35140,1
35141,1
35142,1
35143,0
35144,1
35145,1
35146,1
35147,1
35148,1
35149,1
3515,1
35150,1
35151,1
35152,1
35153,1
35154,1
35155,1
35156,0
35157,1
35158,1
35159,1
3516,1
35160,1
35161,1
35162,1
35163,1
35164,1
35165,1
35166,1
35167,1
35168,1
35169,1
3517,1
35170,0
35171,1
35172,1
35173,1
35174,1
35175,1
35176,1
35177,1
35178,1
35179,1
3518,1
35180,1
35181,1
35182,1
35183,1
35184,1
35185,1
35186,1
35187,1
35188,1
35189,1
3519,1
35190,1
35191,1
35192,1
35193,1
35194,1
35195,1
35196,1
35197,1
35198,1
35199,1
352,1
3520,1
35200,1
35201,1
35202,1
35203,1
35204,1
35205,1
35206,1
35207,1
35208,1
35209,1
3521,1
35210,1
35211,1
35212,1
35213,1
35214,1
35215,1
35216,1
35217,1
35218,1
35219,1
3522,1
35220,1
35221,1
35222,1
35223,1
35224,1
35225,0
35226,1
35227,1
35228,1
35229,1
3523,1
35230,1
35231,1
35232,1
35233,1
35234,1
35235,1
35236,1
35237,1
35238,1
35239,1
3524,1
35240,1
35241,1
35242,1
35243,1
35244,1
35245,1
35246,1
35247,1
35248,1
35249,1
3525,1
35250,1
35251,1
35252,1
35253,1
35254,1
35255,1
35256,1
35257,1
35258,1
35259,1
3526,1
35260,1
35261,1
35262,1
35263,1
35264,1
35265,1
35266,1
35267,1
35268,1
35269,1
3527,1
35270,1
35271,1
35272,1
35273,1
35274,1
35275,1
35276,1
35277,1
35278,1
35279,1
3528,1
35280,1
35281,1
35282,1
35283,1
35284,1
35285,1
35286,1
35287,1
35288,1
35289,1
3529,1
35290,1
35291,1
35292,1
35293,1
35294,1
35295,1
35296,1
35297,1
35298,1
35299,1
353,1
3530,1
35300,1
35301,1
35302,1
35303,1
35304,1
35305,1
35306,1
35307,1
35308,1
35309,1
3531,1
35310,0
35311,1
35312,1
35313,1
35314,1
35315,1
35316,1
35317,1
35318,1
35319,1
3532,1
35320,1
35321,1
35322,1
35323,1
35324,1
35325,1
35326,1
35327,1
35328,1
35329,1
3533,1
35330,1
35331,1
35332,1
35333,1
35334,1
35335,1
35336,1
35337,1
35338,1
35339,1
3534,1
35340,1
35341,1
35342,1
35343,1
35344,1
35345,1
35346,1
35347,1
35348,1
35349,1
3535,1
35350,1
35351,0
35352,1
35353,1
35354,1
35355,1
35356,1
35357,1
35358,1
35359,1
3536,1
35360,1
35361,1
35362,1
35363,1
35364,1
35365,1
35366,1
35367,1
35368,1
35369,1
3537,1
35370,1
35371,1
35372,1
35373,0
35374,1
35375,1
35376,1
35377,1
35378,1
35379,1
3538,1
35380,1
35381,1
35382,1
35383,1
35384,1
35385,1
35386,1
35387,1
35388,1
35389,1
3539,1
35390,1
35391,1
35392,1
35393,1
35394,1
35395,1
35396,1
35397,1
35398,1
35399,1
354,1
3540,1
35400,1
35401,1
35402,1
35403,1
35404,1
35405,1
35406,1
35407,1
35408,1
35409,1
3541,1
35410,1
35411,1
35412,0
35413,1
35414,1
35415,1
35416,1
35417,1
35418,0
35419,1
3542,1
35420,1
35421,1
35422,1
35423,1
35424,1
35425,1
35426,1
35427,1
35428,1
35429,1
3543,1
35430,1
35431,1
35432,1
35433,1
35434,1
35435,1
35436,1
35437,1
35438,1
35439,1
3544,1
35440,1
35441,1
35442,1
35443,1
35444,1
35445,1
35446,1
35447,1
35448,1
35449,1
3545,1
35450,1
35451,1
35452,1
35453,1
35454,1
35455,1
35456,1
35457,1
35458,1
35459,1
3546,1
35460,1
35461,1
35462,1
35463,1
35464,1
35465,1
35466,1
35467,1
35468,1
35469,1
3547,1
35470,1
35471,1
35472,1
35473,1
35474,1
35475,1
35476,1
35477,1
35478,1
35479,1
3548,1
35480,1
35481,1
35482,1
35483,1
35484,1
35485,1
35486,1
35487,1
35488,1
35489,1
3549,1
35490,1
35491,1
35492,1
35493,1
35494,1
35495,1
35496,1
35497,1
35498,1
35499,1
355,1
3550,1
35500,1
35501,1
35502,1
35503,1
35504,1
35505,1
35506,1
35507,1
35508,1
35509,1
3551,1
35510,1
35511,1
35512,1
35513,1
35514,1
35515,1
35516,1
35517,1
35518,1
35519,1
3552,1
35520,1
35521,1
35522,1
35523,1
35524,1
35525,1
35526,1
35527,1
35528,1
35529,1
3553,1
35530,1
35531,1
35532,1
35533,1
35534,1
35535,1
35536,1
35537,1
35538,1
35539,1
3554,1
35540,1
35541,1
35542,1
35543,0
35544,1
35545,1
35546,1
35547,1
35548,1
35549,1
3555,1
35550,1
35551,1
35552,1
35553,1
35554,1
35555,1
35556,1
35557,1
35558,1
35559,1
3556,1
35560,1
35561,1
35562,1
35563,1
35564,1
35565,1
35566,1
35567,1
35568,1
35569,1
3557,1
35570,1
35571,1
35572,1
35573,1
35574,1
35575,1
35576,1
35577,1
35578,1
35579,1
3558,1
35580,1
35581,1
35582,1
35583,1
35584,1
35585,1
35586,1
35587,1
35588,1
35589,1
3559,0
35590,1
35591,1
35592,1
35593,1
35594,1
35595,0
35596,1
35597,1
35598,1
35599,1
356,1
3560,1
35600,1
35601,1
35602,1
35603,1
35604,1
35605,1
35606,1
35607,1
35608,1
35609,1
3561,1
35610,1
35611,1
35612,1
35613,1
35614,1
35615,1
35616,1
35617,1
35618,1
35619,1
3562,1
35620,1
35621,1
35622,1
35623,1
35624,1
35625,1
35626,1
35627,1
35628,1
35629,1
3563,1
35630,0
35631,1
35632,1
35633,1
35634,1
35635,1
35636,1
35637,1
35638,1
35639,1
3564,1
35640,1
35641,1
35642,1
35643,1
35644,1
35645,1
35646,1
35647,1
35648,1
35649,1
3565,1
35650,1
35651,1
35652,1
35653,1
35654,1
35655,1
35656,1
35657,1
35658,1
35659,1
3566,1
35660,1
35661,1
35662,1
35663,1
35664,1
35665,1
35666,0
35667,1
35668,1
35669,1
3567,1
35670,1
35671,1
35672,1
35673,1
35674,1
35675,1
35676,1
35677,1
35678,1
35679,1
3568,1
35680,1
35681,1
35682,1
35683,1
35684,0
35685,1
35686,1
35687,1
35688,1
35689,1
3569,1
35690,1
35691,1
35692,1
35693,1
35694,1
35695,1
35696,1
35697,1
35698,1
35699,1
357,1
3570,1
35700,1
35701,1
35702,1
35703,1
35704,1
35705,1
35706,1
35707,1
35708,1
35709,1
3571,1
35710,1
35711,1
35712,1
35713,1
35714,1
35715,1
35716,1
35717,1
35718,1
35719,1
3572,1
35720,1
35721,1
35722,1
35723,1
35724,1
35725,1
35726,1
35727,1
35728,1
35729,1
3573,1
35730,1
35731,1
35732,1
35733,1
35734,1
35735,1
35736,1
35737,1
35738,1
35739,1
3574,1
35740,1
35741,1
35742,1
35743,1
35744,1
35745,1
35746,1
35747,1
35748,1
35749,1
3575,1
35750,1
35751,1
35752,1
35753,1
35754,1
35755,1
35756,1
35757,0
35758,1
35759,1
3576,1
35760,1
35761,1
35762,1
35763,1
35764,1
35765,1
35766,1
35767,1
35768,1
35769,1
3577,1
35770,1
35771,1
35772,1
35773,1
35774,1
35775,1
35776,1
35777,1
35778,1
35779,1
3578,1
35780,1
35781,1
35782,1
35783,0
35784,1
35785,1
35786,0
35787,1
35788,1
35789,1
3579,1
35790,1
35791,1
35792,1
35793,1
35794,1
35795,1
35796,1
35797,1
35798,1
35799,1
358,1
3580,1
35800,1
35801,1
35802,1
35803,1
35804,1
35805,1
35806,1
35807,1
35808,1
35809,1
3581,1
35810,1
35811,1
35812,1
35813,1
35814,1
35815,1
35816,1
35817,1
35818,1
35819,1
3582,1
35820,1
35821,1
35822,1
35823,1
35824,1
35825,1
35826,1
35827,1
35828,1
35829,1
3583,1
35830,1
35831,1
35832,1
35833,1
35834,1
35835,1
35836,1
35837,1
35838,1
35839,1
3584,1
35840,1
35841,1
35842,1
35843,1
35844,1
35845,1
35846,1
35847,1
35848,1
35849,1
3585,1
35850,1
35851,1
35852,1
35853,1
35854,1
35855,1
35856,1
35857,1
35858,1
35859,1
3586,1
35860,1
35861,1
35862,1
35863,1
35864,1
35865,0
35866,1
35867,1
35868,1
35869,1
3587,1
35870,1
35871,1
35872,1
35873,1
35874,1
35875,0
35876,1
35877,1
35878,1
35879,1
3588,1
35880,1
35881,1
35882,1
35883,1
35884,1
35885,1
35886,1
35887,1
35888,1
35889,1
3589,1
35890,1
35891,1
35892,1
35893,1
35894,1
35895,1
35896,1
35897,1
35898,1
35899,1
359,1
3590,1
35900,1
35901,1
35902,1
35903,0
35904,1
35905,1
35906,1
35907,1
35908,1
35909,1
3591,1
35910,1
35911,1
35912,1
35913,1
35914,1
35915,1
35916,1
35917,1
35918,1
35919,1
3592,1
35920,1
35921,1
35922,1
35923,1
35924,1
35925,0
35926,1
35927,1
35928,1
35929,1
3593,1
35930,1
35931,1
35932,1
35933,1
35934,1
35935,1
35936,1
35937,1
35938,1
35939,1
3594,1
35940,1
35941,1
35942,1
35943,1
35944,1
35945,1
35946,1
35947,1
35948,1
35949,1
3595,1
35950,1
35951,1
35952,1
35953,1
35954,1
35955,1
35956,1
35957,1
35958,1
35959,1
3596,0
35960,1
35961,1
35962,1
35963,1
35964,1
35965,1
35966,1
35967,1
35968,1
35969,1
3597,1
35970,1
35971,1
35972,1
35973,1
35974,1
35975,1
35976,1
35977,1
35978,1
35979,1
3598,1
35980,1
35981,1
35982,1
35983,1
35984,1
35985,1
35986,1
35987,1
35988,1
35989,0
3599,1
35990,1
35991,1
35992,1
35993,1
35994,1
35995,1
35996,1
35997,1
35998,1
35999,1
36,1
360,1
3600,1
36000,1
36001,1
36002,1
36003,1
36004,1
36005,1
36006,1
36007,1
36008,1
36009,1
3601,1
36010,1
36011,1
36012,1
36013,1
36014,1
36015,1
36016,1
36017,1
36018,1
36019,1
3602,1
36020,1
36021,1
36022,1
36023,1
36024,0
36025,1
36026,1
36027,1
36028,1
36029,1
3603,1
36030,1
36031,1
36032,1
36033,1
36034,1
36035,1
36036,1
36037,1
36038,1
36039,1
3604,1
36040,1
36041,1
36042,1
36043,1
36044,1
36045,1
36046,1
36047,1
36048,1
36049,1
3605,1
36050,1
36051,1
36052,1
36053,1
36054,1
36055,1
36056,1
36057,1
36058,1
36059,1
3606,1
36060,1
36061,1
36062,1
36063,1
36064,0
36065,0
36066,1
36067,1
36068,1
36069,1
3607,1
36070,1
36071,1
36072,1
36073,1
36074,1
36075,1
36076,1
36077,1
36078,1
36079,1
3608,1
36080,1
36081,1
36082,1
36083,1
36084,1
36085,1
36086,1
36087,1
36088,1
36089,1
3609,1
36090,1
36091,1
36092,1
36093,1
36094,1
36095,1
36096,1
36097,1
36098,1
36099,1
361,1
3610,1
36100,1
36101,1
36102,1
36103,1
36104,1
36105,1
36106,1
36107,1
36108,1
36109,1
3611,1
36110,1
36111,1
36112,1
36113,1
36114,1
36115,1
36116,1
36117,1
36118,1
36119,1
3612,1
36120,1
36121,1
36122,1
36123,1
36124,1
36125,1
36126,1
36127,1
36128,1
36129,1
3613,1
36130,1
36131,1
36132,1
36133,1
36134,1
36135,1
36136,1
36137,1
36138,1
36139,1
3614,1
36140,1
36141,1
36142,1
36143,1
36144,1
36145,1
36146,1
36147,1
36148,1
36149,1
3615,1
36150,1
36151,1
36152,1
36153,1
36154,1
36155,0
36156,1
36157,1
36158,1
36159,1
3616,1
36160,1
36161,1
36162,1
36163,1
36164,1
36165,0
36166,1
36167,1
36168,1
36169,1
3617,1
36170,1
36171,1
36172,1
36173,1
36174,1
36175,1
36176,1
36177,1
36178,1
36179,1
3618,1
36180,1
36181,1
36182,1
36183,1
36184,1
36185,1
36186,1
36187,1
36188,1
36189,1
3619,1
36190,1
36191,1
36192,1
36193,1
36194,1
36195,1
36196,1
36197,1
36198,1
36199,1
362,1
3620,1
36200,1
36201,1
36202,1
36203,1
36204,1
36205,1
36206,1
36207,1
36208,1
36209,1
3621,1
36210,1
36211,0
36212,1
36213,1
36214,1
36215,1
36216,1
36217,1
36218,1
36219,1
3622,1
36220,1
36221,1
36222,1
36223,1
36224,1
36225,1
36226,1
36227,1
36228,1
36229,1
3623,1
36230,1
36231,1
36232,1
36233,1
36234,1
36235,1
36236,1
36237,1
36238,1
36239,1
3624,1
36240,1
36241,1
36242,1
36243,1
36244,1
36245,1
36246,1
36247,1
36248,1
36249,1
3625,1
36250,1
36251,1
36252,1
36253,1
36254,1
36255,1
36256,1
36257,1
36258,1
36259,1
3626,1
36260,1
36261,1
36262,1
36263,1
36264,1
36265,1
36266,1
36267,1
36268,1
36269,1
3627,1
36270,1
36271,1
36272,1
36273,1
36274,1
36275,1
36276,1
36277,1
36278,1
36279,1
3628,1
36280,1
36281,1
36282,1
36283,1
36284,1
36285,1
36286,1
36287,1
36288,1
36289,1
3629,1
36290,1
36291,1
36292,1
36293,1
36294,1
36295,1
36296,1
36297,1
36298,1
36299,1
363,1
3630,1
36300,1
36301,1
36302,1
36303,1
36304,1
36305,1
36306,1
36307,1
36308,1
36309,1
3631,1
36310,1
36311,1
36312,1
36313,1
36314,1
36315,1
36316,1
36317,1
36318,1
36319,1
3632,1
36320,1
36321,1
36322,1
36323,1
36324,1
36325,1
36326,1
36327,1
36328,1
36329,1
3633,1
36330,1
36331,1
36332,1
36333,1
36334,1
36335,1
36336,1
36337,1
36338,1
36339,1
3634,1
36340,1
36341,1
36342,1
36343,1
36344,1
36345,1
36346,1
36347,1
36348,1
36349,0
3635,1
36350,1
36351,1
36352,1
36353,1
36354,1
36355,1
36356,1
36357,0
36358,1
36359,1
3636,1
36360,0
36361,1
36362,1
36363,1
36364,1
36365,1
36366,1
36367,1
36368,1
36369,1
3637,1
36370,0
36371,1
36372,1
36373,1
36374,1
36375,1
36376,1
36377,1
36378,1
36379,1
3638,1
36380,1
36381,1
36382,1
36383,1
36384,1
36385,1
36386,1
36387,1
36388,1
36389,1
3639,1
36390,1
36391,1
36392,1
36393,1
36394,1
36395,0
36396,1
36397,1
36398,1
36399,1
364,1
3640,1
36400,1
36401,1
36402,1
36403,1
36404,1
36405,1
36406,1
36407,1
36408,1
36409,1
3641,0
36410,1
36411,1
36412,1
36413,1
36414,1
36415,1
36416,1
36417,1
36418,1
36419,1
3642,1
36420,1
36421,1
36422,1
36423,1
36424,1
36425,1
36426,1
36427,0
36428,1
36429,1
3643,1
36430,1
36431,1
36432,1
36433,1
36434,1
36435,1
36436,1
36437,1
36438,1
36439,1
3644,1
36440,1
36441,1
36442,1
36443,1
36444,1
36445,1
36446,1
36447,1
36448,1
36449,1
3645,1
36450,0
36451,1
36452,1
36453,1
36454,1
36455,1
36456,1
36457,1
36458,1
36459,1
3646,1
36460,1
36461,1
36462,1
36463,1
36464,1
36465,1
36466,1
36467,1
36468,1
36469,1
3647,1
36470,1
36471,1
36472,1
36473,1
36474,1
36475,1
36476,1
36477,1
36478,1
36479,1
3648,1
36480,1
36481,1
36482,1
36483,1
36484,1
36485,1
36486,1
36487,1
36488,1
36489,1
3649,1
36490,1
36491,1
36492,1
36493,1
36494,1
36495,1
36496,1
36497,1
36498,1
36499,1
365,1
3650,1
36500,1
36501,1
36502,1
36503,1
36504,1
36505,1
36506,1
36507,1
36508,1
36509,1
3651,1
36510,1
36511,1
36512,1
36513,1
36514,1
36515,1
36516,1
36517,1
36518,1
36519,1
3652,1
36520,1
36521,1
36522,1
36523,1
36524,1
36525,1
36526,1
36527,1
36528,1
36529,1
3653,1
36530,1
36531,1
36532,1
36533,1
36534,1
36535,1
36536,1
36537,1
36538,1
36539,1
3654,1
36540,1
36541,1
36542,1
36543,1
36544,1
36545,1
36546,1
36547,1
36548,1
36549,1
3655,1
36550,1
36551,1
36552,1
36553,1
36554,1
36555,1
36556,1
36557,1
36558,1
36559,1
3656,1
36560,1
36561,1
36562,1
36563,1
36564,1
36565,1
36566,1
36567,1
36568,1
36569,1
3657,1
36570,1
36571,1
36572,1
36573,1
36574,1
36575,1
36576,1
36577,1
36578,1
36579,1
3658,1
36580,1
36581,1
36582,1
36583,1
36584,1
36585,1
36586,1
36587,1
36588,1
36589,1
3659,1
36590,1
36591,1
36592,1
36593,1
36594,1
36595,1
36596,1
36597,1
36598,1
36599,1
366,1
3660,1
36600,1
36601,1
36602,1
36603,1
36604,1
36605,1
36606,0
36607,1
36608,1
36609,1
3661,1
36610,1
36611,1
36612,1
36613,1
36614,1
36615,1
36616,1
36617,1
36618,1
36619,1
3662,1
36620,1
36621,1
36622,1
36623,1
36624,1
36625,1
36626,1
36627,1
36628,1
36629,1
3663,1
36630,1
36631,0
36632,1
36633,1
36634,1
36635,1
36636,1
36637,1
36638,1
36639,1
3664,1
36640,1
36641,1
36642,1
36643,1
36644,1
36645,1
36646,1
36647,1
36648,1
36649,1
3665,1
36650,1
36651,1
36652,1
36653,1
36654,1
36655,1
36656,1
36657,1
36658,1
36659,1
3666,1
36660,1
36661,1
36662,1
36663,1
36664,1
36665,1
36666,1
36667,1
36668,1
36669,1
3667,1
36670,1
36671,1
36672,0
36673,1
36674,1
36675,1
36676,1
36677,1
36678,1
36679,1
3668,1
36680,1
36681,1
36682,1
36683,1
36684,1
36685,1
36686,1
36687,1
36688,1
36689,1
3669,1
36690,1
36691,1
36692,1
36693,1
36694,1
36695,1
36696,1
36697,1
36698,1
36699,1
367,1
3670,1
36700,1
36701,1
36702,1
36703,1
36704,1
36705,1
36706,1
36707,1
36708,1
36709,1
3671,1
36710,1
36711,1
36712,1
36713,1
36714,1
36715,1
36716,1
36717,1
36718,1
36719,1
3672,1
36720,1
36721,1
36722,1
36723,1
36724,1
36725,1
36726,1
36727,1
36728,1
36729,1
3673,1
36730,1
36731,1
36732,1
36733,1
36734,1
36735,1
36736,1
36737,1
36738,1
36739,1
3674,1
36740,1
36741,1
36742,1
36743,1
36744,1
36745,1
36746,1
36747,1
36748,1
36749,1
3675,1
36750,1
36751,1
36752,1
36753,1
36754,1
36755,1
36756,1
36757,1
36758,1
36759,1
3676,1
36760,1
36761,1
36762,1
36763,1
36764,1
36765,1
36766,1
36767,1
36768,0
36769,0
3677,1
36770,1
36771,1
36772,1
36773,1
36774,1
36775,1
36776,1
36777,1
36778,1
36779,1
3678,1
36780,1
36781,1
36782,1
36783,1
36784,1
36785,1
36786,1
36787,1
36788,1
36789,1
3679,1
36790,1
36791,1
36792,1
36793,1
36794,1
36795,1
36796,1
36797,1
36798,1
36799,1
368,1
3680,1
36800,1
36801,1
36802,1
36803,1
36804,1
36805,1
36806,1
36807,1
36808,1
36809,1
3681,1
36810,1
36811,1
36812,1
36813,1
36814,1
36815,0
36816,1
36817,1
36818,1
36819,1
3682,1
36820,1
36821,1
36822,1
36823,1
36824,1
36825,1
36826,1
36827,1
36828,1
36829,1
3683,1
36830,1
36831,1
36832,1
36833,1
36834,1
36835,1
36836,1
36837,1
36838,1
36839,1
3684,1
36840,1
36841,1
36842,1
36843,1
36844,1
36845,1
36846,1
36847,1
36848,1
36849,1
3685,0
36850,1
36851,1
36852,1
36853,1
36854,1
36855,1
36856,1
36857,1
36858,1
36859,1
3686,1
36860,1
36861,1
36862,1
36863,1
36864,1
36865,1
36866,1
36867,1
36868,1
36869,1
3687,1
36870,1
36871,1
36872,1
36873,1
36874,1
36875,1
36876,1
36877,1
36878,1
36879,1
3688,1
36880,1
36881,1
36882,1
36883,1
36884,1
36885,1
36886,1
36887,1
36888,1
36889,1
3689,1
36890,1
36891,1
36892,1
36893,1
36894,1
36895,1
36896,1
36897,1
36898,1
36899,0
369,1
3690,1
36900,1
36901,1
36902,1
36903,1
36904,1
36905,0
36906,1
36907,1
36908,1
36909,1
3691,1
36910,1
36911,1
36912,1
36913,1
36914,1
36915,1
36916,1
36917,1
36918,1
36919,1
3692,1
36920,1
36921,1
36922,1
36923,1
36924,1
36925,1
36926,1
36927,1
36928,1
36929,1
3693,1
36930,1
36931,1
36932,1
36933,1
36934,1
36935,1
36936,1
36937,1
36938,1
36939,1
3694,1
36940,1
36941,1
36942,1
36943,1
36944,1
36945,1
36946,1
36947,1
36948,1
36949,1
3695,0
36950,1
36951,0
36952,1
36953,1
36954,1
36955,1
36956,1
36957,1
36958,1
36959,1
3696,1
36960,1
36961,1
36962,1
36963,1
36964,1
36965,1
36966,1
36967,1
36968,1
36969,1
3697,1
36970,1
36971,1
36972,1
36973,1
36974,1
36975,1
36976,1
36977,1
36978,1
36979,1
3698,1
36980,1
36981,1
36982,1
36983,1
36984,1
36985,1
36986,1
36987,1
36988,1
36989,1
3699,1
36990,1
36991,1
36992,1
36993,1
36994,1
36995,1
36996,1
36997,1
36998,1
36999,1
37,1
370,1
3700,1
37000,1
37001,1
37002,1
37003,1
37004,1
37005,1
37006,1
37007,1
37008,1
37009,0
3701,1
37010,1
37011,1
37012,1
37013,1
37014,1
37015,1
37016,1
37017,1
37018,1
37019,1
3702,1
37020,1
37021,1
37022,1
37023,1
37024,1
37025,1
37026,1
37027,1
37028,0
37029,1
3703,1
37030,1
37031,1
37032,1
37033,1
37034,1
37035,1
37036,1
37037,0
37038,1
37039,1
3704,1
37040,1
37041,1
37042,1
37043,1
37044,1
37045,1
37046,1
37047,1
37048,1
37049,1
3705,1
37050,1
37051,1
37052,1
37053,1
37054,1
37055,1
37056,1
37057,1
37058,1
37059,1
3706,1
37060,1
37061,1
37062,1
37063,1
37064,1
37065,1
37066,1
37067,1
37068,1
37069,1
3707,1
37070,1
37071,1
37072,1
37073,1
37074,1
37075,1
37076,1
37077,1
37078,1
37079,1
3708,1
37080,1
37081,1
37082,1
37083,1
37084,1
37085,1
37086,1
37087,1
37088,1
37089,1
3709,1
37090,1
37091,1
37092,1
37093,1
37094,1
37095,1
37096,1
37097,1
37098,1
37099,1
371,1
3710,1
37100,1
37101,1
37102,1
37103,1
37104,1
37105,1
37106,0
37107,1
37108,1
37109,1
3711,1
37110,1
37111,1
37112,1
37113,1
37114,1
37115,1
37116,1
37117,1
37118,1
37119,1
3712,1
37120,1
37121,1
37122,1
37123,1
37124,1
37125,1
37126,1
37127,1
37128,1
37129,1
3713,1
37130,1
37131,1
37132,1
37133,1
37134,1
37135,1
37136,1
37137,1
37138,1
37139,1
3714,1
37140,1
37141,1
37142,1
37143,1
37144,1
37145,1
37146,1
37147,1
37148,1
37149,1
3715,1
37150,1
37151,1
37152,1
37153,1
37154,1
37155,1
37156,0
37157,1
37158,1
37159,1
3716,1
37160,1
37161,1
37162,1
37163,1
37164,1
37165,1
37166,1
37167,1
37168,1
37169,1
3717,1
37170,1
37171,1
37172,1
37173,1
37174,1
37175,1
37176,1
37177,1
37178,1
37179,0
3718,1
37180,1
37181,1
37182,1
37183,1
37184,1
37185,1
37186,1
37187,1
37188,1
37189,1
3719,1
37190,1
37191,1
37192,1
37193,1
37194,1
37195,1
37196,1
37197,1
37198,1
37199,1
372,1
3720,1
37200,1
37201,1
37202,1
37203,1
37204,1
37205,1
37206,1
37207,1
37208,1
37209,1
3721,1
37210,1
37211,1
37212,1
37213,1
37214,1
37215,1
37216,1
37217,1
37218,1
37219,1
3722,1
37220,1
37221,1
37222,1
37223,1
37224,1
37225,1
37226,1
37227,1
37228,1
37229,1
3723,1
37230,1
37231,1
37232,1
37233,1
37234,1
37235,1
37236,0
37237,1
37238,1
37239,1
3724,1
37240,1
37241,1
37242,1
37243,1
37244,1
37245,1
37246,0
37247,1
37248,1
37249,1
3725,1
37250,1
37251,1
37252,1
37253,1
37254,1
37255,1
37256,1
37257,1
37258,1
37259,1
3726,1
37260,1
37261,1
37262,1
37263,1
37264,1
37265,1
37266,1
37267,1
37268,1
37269,1
3727,1
37270,1
37271,1
37272,1
37273,1
37274,1
37275,1
37276,1
37277,0
37278,1
37279,1
3728,1
37280,1
37281,1
37282,1
37283,1
37284,1
37285,1
37286,1
37287,1
37288,1
37289,1
3729,1
37290,1
37291,1
37292,1
37293,1
37294,1
37295,1
37296,1
37297,1
37298,1
37299,1
373,1
3730,1
37300,1
37301,1
37302,0
37303,1
37304,1
37305,1
37306,0
37307,1
37308,1
37309,1
3731,1
37310,1
37311,1
37312,1
37313,1
37314,1
37315,1
37316,1
37317,1
37318,1
37319,1
3732,0
37320,1
37321,1
37322,1
37323,1
37324,1
37325,1
37326,1
37327,1
37328,1
37329,1
3733,1
37330,1
37331,1
37332,1
37333,1
37334,1
37335,1
37336,1
37337,1
37338,1
37339,1
3734,1
37340,1
37341,1
37342,1
37343,1
37344,1
37345,1
37346,1
37347,1
37348,1
37349,1
3735,1
37350,1
37351,1
37352,1
37353,1
37354,1
37355,1
37356,1
37357,1
37358,1
37359,1
3736,1
37360,1
37361,1
37362,1
37363,1
37364,1
37365,1
37366,1
37367,1
37368,1
37369,1
3737,1
37370,1
37371,1
37372,1
37373,1
37374,1
37375,1
37376,1
37377,1
37378,1
37379,1
3738,1
37380,1
37381,1
37382,1
37383,1
37384,1
37385,1
37386,1
37387,1
37388,1
37389,1
3739,1
37390,0
37391,1
37392,1
37393,1
37394,1
37395,1
37396,1
37397,1
37398,1
37399,1
374,1
3740,1
37400,1
37401,0
37402,1
37403,1
37404,1
37405,1
37406,1
37407,1
37408,1
37409,1
3741,1
37410,1
37411,1
37412,1
37413,1
37414,1
37415,1
37416,1
37417,1
37418,1
37419,1
3742,1
37420,1
37421,1
37422,1
37423,1
37424,1
37425,1
37426,1
37427,1
37428,1
37429,1
3743,1
37430,1
37431,1
37432,1
37433,1
37434,0
37435,1
37436,1
37437,1
37438,1
37439,1
3744,1
37440,1
37441,0
37442,1
37443,1
37444,1
37445,1
37446,1
37447,1
37448,1
37449,1
3745,1
37450,1
37451,1
37452,1
37453,1
37454,1
37455,1
37456,1
37457,1
37458,1
37459,1
3746,1
37460,1
37461,1
37462,1
37463,1
37464,1
37465,1
37466,1
37467,1
37468,1
37469,1
3747,1
37470,1
37471,1
37472,1
37473,1
37474,1
37475,1
37476,1
37477,1
37478,1
37479,1
3748,1
37480,1
37481,1
37482,0
37483,1
37484,1
37485,1
37486,1
37487,1
37488,1
37489,1
3749,1
37490,1
37491,1
37492,1
37493,1
37494,1
37495,1
37496,1
37497,1
37498,1
37499,1
375,1
3750,1
37500,1
37501,0
37502,1
37503,1
37504,1
37505,1
37506,1
37507,1
37508,1
37509,1
3751,1
37510,1
37511,1
37512,1
37513,1
37514,1
37515,1
37516,1
37517,1
37518,1
37519,1
3752,1
37520,1
37521,1
37522,1
37523,1
37524,1
37525,1
37526,1
37527,1
37528,1
37529,1
3753,1
37530,1
37531,1
37532,1
37533,1
37534,1
37535,1
37536,1
37537,1
37538,1
37539,1
3754,1
37540,1
37541,1
37542,1
37543,1
37544,1
37545,1
37546,1
37547,1
37548,1
37549,0
3755,1
37550,1
37551,1
37552,1
37553,1
37554,1
37555,1
37556,0
37557,1
37558,1
37559,1
3756,1
37560,1
37561,1
37562,1
37563,1
37564,1
37565,1
37566,1
37567,1
37568,1
37569,1
3757,1
37570,1
37571,1
37572,1
37573,1
37574,1
37575,1
37576,1
37577,1
37578,1
37579,1
3758,1
37580,1
37581,1
37582,1
37583,1
37584,1
37585,1
37586,1
37587,1
37588,1
37589,1
3759,1
37590,1
37591,1
37592,1
37593,1
37594,1
37595,1
37596,1
37597,1
37598,1
37599,1
376,1
3760,1
37600,1
37601,1
37602,0
37603,1
37604,1
37605,1
37606,1
37607,1
37608,1
37609,1
3761,1
37610,1
37611,1
37612,1
37613,1
37614,1
37615,1
37616,1
37617,1
37618,1
37619,1
3762,0
37620,1
37621,1
37622,1
37623,1
37624,1
37625,1
37626,1
37627,1
37628,1
37629,1
3763,1
37630,1
37631,1
37632,1
37633,1
37634,1
37635,1
37636,1
37637,1
37638,1
37639,1
3764,1
37640,1
37641,1
37642,1
37643,1
37644,1
37645,1
37646,1
37647,1
37648,1
37649,1
3765,1
37650,1
37651,1
37652,1
37653,1
37654,1
37655,1
37656,1
37657,1
37658,1
37659,1
3766,1
37660,1
37661,1
37662,1
37663,1
37664,1
37665,1
37666,1
37667,1
37668,1
37669,1
3767,1
37670,1
37671,1
37672,1
37673,1
37674,1
37675,1
37676,1
37677,1
37678,1
37679,1
3768,1
37680,1
37681,1
37682,1
37683,1
37684,1
37685,1
37686,1
37687,1
37688,1
37689,1
3769,1
37690,1
37691,1
37692,1
37693,1
37694,1
37695,1
37696,1
37697,1
37698,1
37699,1
377,1
3770,1
37700,1
37701,1
37702,1
37703,1
37704,1
37705,1
37706,1
37707,1
37708,0
37709,1
3771,1
37710,1
37711,1
37712,1
37713,1
37714,1
37715,1
37716,1
37717,1
37718,1
37719,1
3772,1
37720,1
37721,1
37722,1
37723,1
37724,1
37725,1
37726,1
37727,1
37728,1
37729,1
3773,1
37730,1
37731,1
37732,1
37733,1
37734,1
37735,1
37736,1
37737,1
37738,1
37739,1
3774,1
37740,1
37741,1
37742,1
37743,1
37744,1
37745,1
37746,1
37747,1
37748,1
37749,1
3775,1
37750,1
37751,1
37752,1
37753,1
37754,1
37755,1
37756,1
37757,1
37758,1
37759,1
3776,1
37760,1
37761,1
37762,1
37763,1
37764,1
37765,1
37766,1
37767,1
37768,1
37769,1
3777,1
37770,1
37771,1
37772,1
37773,1
37774,1
37775,1
37776,1
37777,1
37778,1
37779,1
3778,1
37780,1
37781,1
37782,1
37783,1
37784,1
37785,0
37786,1
37787,1
37788,1
37789,1
3779,1
37790,1
37791,1
37792,1
37793,1
37794,1
37795,1
37796,1
37797,1
37798,1
37799,1
378,1
3780,1
37800,1
37801,1
37802,1
37803,1
37804,1
37805,1
37806,1
37807,1
37808,1
37809,1
3781,1
37810,1
37811,1
37812,1
37813,1
37814,1
37815,1
37816,1
37817,1
37818,1
37819,1
3782,1
37820,1
37821,1
37822,1
37823,1
37824,1
37825,1
37826,1
37827,1
37828,1
37829,1
3783,1
37830,1
37831,1
37832,1
37833,1
37834,1
37835,1
37836,1
37837,1
37838,1
37839,1
3784,0
37840,1
37841,1
37842,1
37843,1
37844,1
37845,1
37846,1
37847,1
37848,1
37849,1
3785,1
37850,1
37851,1
37852,1
37853,1
37854,1
37855,1
37856,1
37857,1
37858,1
37859,1
3786,1
37860,1
37861,1
37862,1
37863,0
37864,1
37865,1
37866,1
37867,1
37868,1
37869,1
3787,1
37870,1
37871,1
37872,1
37873,1
37874,1
37875,1
37876,1
37877,1
37878,1
37879,1
3788,1
37880,1
37881,1
37882,1
37883,1
37884,1
37885,1
37886,1
37887,1
37888,1
37889,1
3789,1
37890,1
37891,1
37892,0
37893,1
37894,1
37895,1
37896,1
37897,1
37898,1
37899,1
379,1
3790,1
37900,1
37901,1
37902,1
37903,1
37904,1
37905,1
37906,1
37907,1
37908,1
37909,1
3791,1
37910,1
37911,1
37912,1
37913,1
37914,1
37915,1
37916,1
37917,1
37918,1
37919,1
3792,1
37920,1
37921,1
37922,1
37923,1
37924,1
37925,1
37926,1
37927,1
37928,1
37929,1
3793,1
37930,1
37931,1
37932,1
37933,1
37934,1
37935,1
37936,1
37937,1
37938,1
37939,1
3794,1
37940,1
37941,1
37942,1
37943,1
37944,1
37945,1
37946,1
37947,1
37948,1
37949,1
3795,1
37950,1
37951,1
37952,1
37953,1
37954,1
37955,1
37956,1
37957,1
37958,1
37959,1
3796,1
37960,1
37961,1
37962,1
37963,1
37964,1
37965,1
37966,1
37967,1
37968,1
37969,1
3797,1
37970,1
37971,1
37972,1
37973,0
37974,1
37975,1
37976,1
37977,1
37978,1
37979,1
3798,1
37980,1
37981,1
37982,1
37983,1
37984,0
37985,1
37986,1
37987,1
37988,1
37989,1
3799,1
37990,1
37991,1
37992,1
37993,1
37994,1
37995,1
37996,1
37997,0
37998,1
37999,1
38,1
380,1
3800,1
38000,1
38001,1
38002,1
38003,1
38004,1
38005,1
38006,1
38007,1
38008,1
38009,1
3801,1
38010,1
38011,1
38012,1
38013,1
38014,1
38015,1
38016,1
38017,1
38018,1
38019,1
3802,1
38020,1
38021,1
38022,1
38023,1
38024,1
38025,1
38026,1
38027,1
38028,1
38029,1
3803,1
38030,1
38031,1
38032,1
38033,1
38034,1
38035,1
38036,1
38037,1
38038,1
38039,1
3804,1
38040,1
38041,1
38042,1
38043,1
38044,1
38045,1
38046,1
38047,1
38048,1
38049,1
3805,1
38050,1
38051,1
38052,1
38053,1
38054,1
38055,1
38056,1
38057,1
38058,0
38059,1
3806,1
38060,1
38061,1
38062,1
38063,1
38064,1
38065,1
38066,1
38067,1
38068,1
38069,1
3807,1
38070,1
38071,1
38072,1
38073,1
38074,1
38075,1
38076,1
38077,1
38078,1
38079,1
3808,1
38080,1
38081,1
38082,1
38083,1
38084,1
38085,1
38086,1
38087,1
38088,1
38089,0
3809,1
38090,1
38091,1
38092,1
38093,1
38094,1
38095,1
38096,1
38097,1
38098,1
38099,1
381,1
3810,1
38100,1
38101,1
38102,1
38103,1
38104,1
38105,1
38106,1
38107,1
38108,1
38109,0
3811,1
38110,1
38111,1
38112,1
38113,1
38114,1
38115,1
38116,1
38117,1
38118,1
38119,1
3812,1
38120,1
38121,1
38122,1
38123,0
38124,1
38125,1
38126,1
38127,1
38128,1
38129,1
3813,1
38130,1
38131,1
38132,1
38133,1
38134,1
38135,1
38136,1
38137,1
38138,1
38139,1
3814,1
38140,1
38141,1
38142,1
38143,1
38144,1
38145,0
38146,1
38147,1
38148,1
38149,1
3815,1
38150,1
38151,1
38152,1
38153,1
38154,1
38155,1
38156,1
38157,1
38158,1
38159,1
3816,1
38160,1
38161,1
38162,1
38163,1
38164,1
38165,1
38166,1
38167,1
38168,1
38169,1
3817,1
38170,1
38171,1
38172,1
38173,1
38174,1
38175,1
38176,1
38177,1
38178,1
38179,1
3818,1
38180,1
38181,1
38182,1
38183,1
38184,1
38185,1
38186,1
38187,1
38188,1
38189,1
3819,1
38190,1
38191,1
38192,0
38193,1
38194,1
38195,1
38196,1
38197,1
38198,1
38199,1
382,1
3820,1
38200,1
38201,1
38202,1
38203,0
38204,1
38205,1
38206,1
38207,1
38208,1
38209,1
3821,1
38210,1
38211,1
38212,1
38213,1
38214,1
38215,1
38216,1
38217,1
38218,1
38219,1
3822,1
38220,1
38221,1
38222,1
38223,1
38224,1
38225,1
38226,1
38227,1
38228,1
38229,1
3823,1
38230,1
38231,1
38232,1
38233,1
38234,1
38235,1
38236,1
38237,1
38238,1
38239,1
3824,1
38240,1
38241,1
38242,1
38243,1
38244,1
38245,1
38246,1
38247,1
38248,1
38249,1
3825,1
38250,1
38251,1
38252,1
38253,1
38254,1
38255,1
38256,1
38257,1
38258,1
38259,1
3826,1
38260,1
38261,1
38262,1
38263,1
38264,1
38265,1
38266,1
38267,1
38268,1
38269,1
3827,1
38270,1
38271,1
38272,1
38273,1
38274,1
38275,1
38276,1
38277,1
38278,1
38279,1
3828,1
38280,1
38281,1
38282,1
38283,1
38284,1
38285,1
38286,1
38287,0
38288,1
38289,1
3829,1
38290,1
38291,1
38292,1
38293,1
38294,1
38295,1
38296,1
38297,1
38298,1
38299,1
383,1
3830,1
38300,1
38301,1
38302,1
38303,1
38304,1
38305,1
38306,1
38307,1
38308,1
38309,1
3831,1
38310,1
38311,1
38312,1
38313,1
38314,1
38315,1
38316,1
38317,1
38318,1
38319,1
3832,1
38320,1
38321,1
38322,1
38323,1
38324,1
38325,1
38326,1
38327,1
38328,1
38329,1
3833,1
38330,1
38331,1
38332,1
38333,1
38334,1
38335,1
38336,1
38337,1
38338,1
38339,1
3834,1
38340,1
38341,1
38342,1
38343,1
38344,1
38345,0
38346,1
38347,1
38348,1
38349,1
3835,1
38350,1
38351,1
38352,1
38353,1
38354,1
38355,1
38356,1
38357,1
38358,1
38359,1
3836,1
38360,1
38361,1
38362,1
38363,1
38364,1
38365,1
38366,1
38367,1
38368,1
38369,1
3837,1
38370,1
38371,1
38372,1
38373,1
38374,1
38375,1
38376,1
38377,1
38378,1
38379,1
3838,1
38380,1
38381,1
38382,1
38383,1
38384,1
38385,1
38386,1
38387,1
38388,1
38389,1
3839,1
38390,1
38391,1
38392,1
38393,1
38394,1
38395,1
38396,1
38397,1
38398,1
38399,1
384,1
3840,1
38400,1
38401,1
38402,1
38403,1
38404,1
38405,1
38406,1
38407,1
38408,1
38409,1
3841,1
38410,1
38411,1
38412,1
38413,1
38414,1
38415,1
38416,1
38417,1
38418,1
38419,1
3842,1
38420,1
38421,1
38422,1
38423,1
38424,1
38425,1
38426,1
38427,1
38428,1
38429,1
3843,1
38430,1
38431,1
38432,1
38433,1
38434,1
38435,1
38436,1
38437,1
38438,1
38439,1
3844,1
38440,1
38441,1
38442,1
38443,1
38444,1
38445,1
38446,1
38447,1
38448,1
38449,1
3845,1
38450,1
38451,1
38452,0
38453,1
38454,1
38455,1
38456,1
38457,1
38458,1
38459,1
3846,1
38460,1
38461,1
38462,1
38463,1
38464,1
38465,1
38466,1
38467,1
38468,1
38469,1
3847,1
38470,1
38471,1
38472,1
38473,1
38474,1
38475,1
38476,1
38477,1
38478,1
38479,1
3848,1
38480,1
38481,1
38482,1
38483,1
38484,1
38485,1
38486,1
38487,1
38488,1
38489,0
3849,1
38490,1
38491,1
38492,1
38493,1
38494,1
38495,1
38496,1
38497,1
38498,1
38499,1
385,1
3850,1
38500,1
38501,1
38502,1
38503,1
38504,1
38505,1
38506,1
38507,1
38508,1
38509,1
3851,1
38510,1
38511,1
38512,1
38513,1
38514,1
38515,0
38516,1
38517,1
38518,1
38519,1
3852,1
38520,1
38521,1
38522,1
38523,1
38524,1
38525,1
38526,1
38527,1
38528,1
38529,1
3853,1
38530,1
38531,1
38532,1
38533,1
38534,1
38535,1
38536,1
38537,1
38538,1
38539,1
3854,1
38540,1
38541,1
38542,1
38543,1
38544,1
38545,1
38546,1
38547,1
38548,1
38549,1
3855,1
38550,1
38551,1
38552,1
38553,1
38554,0
38555,1
38556,1
38557,1
38558,1
38559,1
3856,1
38560,1
38561,1
38562,1
38563,1
38564,1
38565,1
38566,1
38567,0
38568,1
38569,1
3857,1
38570,1
38571,1
38572,1
38573,1
38574,1
38575,1
38576,1
38577,1
38578,1
38579,1
3858,1
38580,1
38581,1
38582,1
38583,1
38584,1
38585,1
38586,1
38587,1
38588,1
38589,1
3859,1
38590,1
38591,1
38592,1
38593,1
38594,1
38595,1
38596,1
38597,1
38598,1
38599,1
386,1
3860,1
38600,1
38601,1
38602,1
38603,1
38604,1
38605,1
38606,1
38607,0
38608,1
38609,1
3861,1
38610,1
38611,1
38612,0
38613,1
38614,1
38615,1
38616,1
38617,1
38618,1
38619,1
3862,1
38620,1
38621,1
38622,1
38623,1
38624,1
38625,1
38626,1
38627,1
38628,1
38629,1
3863,1
38630,1
38631,1
38632,1
38633,1
38634,1
38635,1
38636,1
38637,1
38638,1
38639,1
3864,1
38640,1
38641,1
38642,1
38643,1
38644,1
38645,1
38646,1
38647,1
38648,1
38649,1
3865,1
38650,1
38651,1
38652,1
38653,1
38654,1
38655,1
38656,0
38657,1
38658,1
38659,1
3866,1
38660,1
38661,1
38662,1
38663,1
38664,1
38665,1
38666,1
38667,1
38668,1
38669,1
3867,1
38670,1
38671,1
38672,1
38673,1
38674,0
38675,1
38676,1
38677,1
38678,1
38679,1
3868,1
38680,1
38681,1
38682,1
38683,1
38684,1
38685,1
38686,1
38687,1
38688,1
38689,1
3869,1
38690,1
38691,1
38692,1
38693,1
38694,1
38695,1
38696,1
38697,1
38698,1
38699,1
387,1
3870,1
38700,1
38701,1
38702,1
38703,1
38704,1
38705,1
38706,1
38707,1
38708,1
38709,1
3871,1
38710,1
38711,1
38712,1
38713,1
38714,1
38715,1
38716,1
38717,1
38718,0
38719,1
3872,1
38720,1
38721,1
38722,1
38723,1
38724,1
38725,1
38726,1
38727,1
38728,1
38729,1
3873,1
38730,1
38731,1
38732,1
38733,1
38734,1
38735,1
38736,1
38737,1
38738,1
38739,1
3874,1
38740,1
38741,1
38742,1
38743,1
38744,1
38745,1
38746,1
38747,1
38748,1
38749,1
3875,0
38750,1
38751,1
38752,1
38753,1
38754,1
38755,1
38756,1
38757,1
38758,1
38759,1
3876,1
38760,1
38761,1
38762,1
38763,1
38764,1
38765,1
38766,1
38767,1
38768,1
38769,1
3877,1
38770,1
38771,1
38772,1
38773,1
38774,1
38775,1
38776,1
38777,1
38778,1
38779,1
3878,1
38780,1
38781,1
38782,1
38783,1
38784,1
38785,1
38786,1
38787,1
38788,1
38789,1
3879,1
38790,1
38791,1
38792,1
38793,1
38794,1
38795,1
38796,1
38797,1
38798,1
38799,1
388,1
3880,1
38800,1
38801,1
38802,1
38803,1
38804,1
38805,1
38806,1
38807,1
38808,1
38809,1
3881,0
38810,1
38811,1
38812,1
38813,1
38814,1
38815,1
38816,1
38817,1
38818,1
38819,0
3882,1
38820,1
38821,1
38822,1
38823,1
38824,1
38825,1
38826,1
38827,1
38828,1
38829,1
3883,1
38830,1
38831,1
38832,1
38833,1
38834,1
38835,1
38836,1
38837,1
38838,1
38839,1
3884,1
38840,1
38841,1
38842,1
38843,1
38844,1
38845,1
38846,1
38847,1
38848,1
38849,1
3885,1
38850,1
38851,1
38852,1
38853,1
38854,1
38855,1
38856,1
38857,1
38858,1
38859,1
3886,1
38860,1
38861,1
38862,1
38863,1
38864,1
38865,1
38866,1
38867,1
38868,1
38869,1
3887,0
38870,1
38871,1
38872,1
38873,1
38874,1
38875,1
38876,1
38877,1
38878,1
38879,1
3888,1
38880,1
38881,1
38882,1
38883,1
38884,1
38885,1
38886,1
38887,1
38888,1
38889,1
3889,1
38890,1
38891,1
38892,1
38893,1
38894,1
38895,1
38896,1
38897,1
38898,1
38899,1
389,1
3890,1
38900,1
38901,1
38902,1
38903,0
38904,1
38905,1
38906,1
38907,1
38908,1
38909,1
3891,1
38910,1
38911,1
38912,1
38913,1
38914,1
38915,1
38916,1
38917,1
38918,1
38919,1
3892,1
38920,1
38921,1
38922,1
38923,1
38924,1
38925,1
38926,1
38927,1
38928,1
38929,1
3893,1
38930,1
38931,1
38932,1
38933,1
38934,1
38935,1
38936,1
38937,1
38938,1
38939,1
3894,1
38940,1
38941,1
38942,1
38943,1
38944,1
38945,1
38946,1
38947,1
38948,1
38949,1
3895,1
38950,1
38951,1
38952,1
38953,1
38954,1
38955,1
38956,1
38957,0
38958,1
38959,1
3896,1
38960,1
38961,1
38962,1
38963,1
38964,1
38965,0
38966,1
38967,1
38968,1
38969,1
3897,1
38970,1
38971,1
38972,1
38973,1
38974,1
38975,1
38976,1
38977,1
38978,1
38979,1
3898,1
38980,1
38981,1
38982,1
38983,1
38984,1
38985,1
38986,1
38987,1
38988,1
38989,1
3899,1
38990,1
38991,1
38992,1
38993,1
38994,1
38995,1
38996,1
38997,1
38998,1
38999,1
39,1
390,1
3900,1
39000,1
39001,1
39002,1
39003,1
39004,1
39005,1
39006,1
39007,1
39008,1
39009,1
3901,1
39010,1
39011,1
39012,1
39013,1
39014,1
39015,1
39016,1
39017,1
39018,1
39019,1
3902,1
39020,1
39021,1
39022,1
39023,1
39024,1
39025,1
39026,1
39027,1
39028,1
39029,1
3903,1
39030,1
39031,1
39032,1
39033,1
39034,1
39035,1
39036,1
39037,1
39038,1
39039,1
3904,1
39040,1
39041,1
39042,1
39043,1
39044,1
39045,1
39046,1
39047,1
39048,1
39049,1
3905,1
39050,1
39051,1
39052,1
39053,1
39054,1
39055,1
39056,1
39057,1
39058,1
39059,1
3906,1
39060,1
39061,1
39062,1
39063,1
39064,1
39065,1
39066,1
39067,1
39068,1
39069,1
3907,1
39070,1
39071,1
39072,1
39073,1
39074,1
39075,1
39076,1
39077,1
39078,1
39079,1
3908,1
39080,1
39081,1
39082,1
39083,1
39084,1
39085,1
39086,1
39087,1
39088,1
39089,1
3909,1
39090,1
39091,1
39092,1
39093,1
39094,1
39095,1
39096,1
39097,1
39098,1
39099,1
391,1
3910,1
39100,1
39101,0
39102,1
39103,1
39104,1
39105,1
39106,1
39107,1
39108,1
39109,0
3911,1
39110,1
39111,1
39112,1
39113,1
39114,1
39115,1
39116,1
39117,1
39118,1
39119,1
3912,1
39120,1
39121,1
39122,1
39123,1
39124,1
39125,1
39126,1
39127,1
39128,1
39129,1
3913,1
39130,1
39131,1
39132,1
39133,1
39134,1
39135,1
39136,1
39137,1
39138,1
39139,1
3914,1
39140,1
39141,1
39142,1
39143,1
39144,1
39145,1
39146,1
39147,1
39148,1
39149,1
3915,1
39150,0
39151,1
39152,1
39153,1
39154,1
39155,0
39156,1
39157,1
39158,1
39159,1
3916,1
39160,1
39161,1
39162,1
39163,1
39164,1
39165,1
39166,1
39167,1
39168,1
39169,1
3917,1
39170,1
39171,1
39172,1
39173,1
39174,0
39175,1
39176,1
39177,1
39178,1
39179,1
3918,1
39180,1
39181,1
39182,1
39183,1
39184,1
39185,1
39186,1
39187,1
39188,1
39189,1
3919,1
39190,1
39191,1
39192,1
39193,1
39194,1
39195,1
39196,1
39197,1
39198,1
39199,1
392,1
3920,1
39200,1
39201,1
39202,1
39203,1
39204,1
39205,1
39206,1
39207,1
39208,1
39209,1
3921,1
39210,0
39211,1
39212,1
39213,1
39214,1
39215,1
39216,1
39217,1
39218,1
39219,1
3922,1
39220,1
39221,1
39222,1
39223,1
39224,1
39225,1
39226,1
39227,1
39228,1
39229,1
3923,1
39230,1
39231,1
39232,1
39233,1
39234,1
39235,1
39236,1
39237,1
39238,1
39239,1
3924,1
39240,1
39241,1
39242,1
39243,1
39244,1
39245,1
39246,1
39247,1
39248,1
39249,1
3925,0
39250,1
39251,1
39252,1
39253,1
39254,1
39255,1
39256,1
39257,1
39258,1
39259,1
3926,1
39260,1
39261,1
39262,1
39263,1
39264,0
39265,1
39266,1
39267,1
39268,1
39269,1
3927,1
39270,0
39271,1
39272,1
39273,1
39274,1
39275,1
39276,1
39277,1
39278,1
39279,1
3928,1
39280,1
39281,1
39282,1
39283,1
39284,1
39285,1
39286,1
39287,1
39288,1
39289,1
3929,1
39290,1
39291,1
39292,1
39293,1
39294,1
39295,1
39296,1
39297,1
39298,1
39299,1
393,1
3930,1
39300,1
39301,1
39302,1
39303,1
39304,1
39305,1
39306,1
39307,1
39308,1
39309,1
3931,1
39310,1
39311,1
39312,1
39313,1
39314,1
39315,1
39316,1
39317,1
39318,1
39319,1
3932,1
39320,1
39321,1
39322,1
39323,1
39324,1
39325,1
39326,1
39327,1
39328,1
39329,1
3933,1
39330,1
39331,1
39332,1
39333,1
39334,1
39335,1
39336,1
39337,1
39338,1
39339,1
3934,1
39340,1
39341,1
39342,1
39343,1
39344,1
39345,1
39346,1
39347,1
39348,1
39349,0
3935,1
39350,1
39351,1
39352,1
39353,1
39354,1
39355,1
39356,1
39357,1
39358,1
39359,1
3936,1
39360,0
39361,1
39362,1
39363,1
39364,1
39365,1
39366,1
39367,1
39368,1
39369,1
3937,1
39370,1
39371,1
39372,1
39373,1
39374,1
39375,1
39376,1
39377,1
39378,1
39379,1
3938,1
39380,1
39381,1
39382,1
39383,1
39384,1
39385,1
39386,1
39387,1
39388,1
39389,1
3939,1
39390,1
39391,1
39392,1
39393,1
39394,1
39395,1
39396,1
39397,1
39398,1
39399,1
394,1
3940,1
39400,1
39401,1
39402,1
39403,1
39404,1
39405,1
39406,1
39407,1
39408,1
39409,1
3941,1
39410,1
39411,1
39412,1
39413,1
39414,1
39415,1
39416,1
39417,1
39418,1
39419,1
3942,1
39420,1
39421,1
39422,1
39423,1
39424,1
39425,1
39426,1
39427,1
39428,1
39429,1
3943,1
39430,1
39431,1
39432,1
39433,1
39434,1
39435,1
39436,1
39437,1
39438,1
39439,1
3944,1
39440,1
39441,1
39442,1
39443,1
39444,1
39445,1
39446,1
39447,1
39448,1
39449,1
3945,1
39450,1
39451,1
39452,1
39453,1
39454,1
39455,1
39456,1
39457,1
39458,1
39459,1
3946,1
39460,1
39461,1
39462,1
39463,1
39464,1
39465,1
39466,1
39467,1
39468,1
39469,1
3947,1
39470,1
39471,1
39472,1
39473,1
39474,1
39475,1
39476,1
39477,1
39478,1
39479,1
3948,1
39480,1
39481,1
39482,1
39483,1
39484,1
39485,1
39486,1
39487,1
39488,1
39489,1
3949,1
39490,1
39491,1
39492,1
39493,1
39494,1
39495,1
39496,0
39497,1
39498,1
39499,1
395,1
3950,1
39500,1
39501,1
39502,1
39503,1
39504,1
39505,1
39506,1
39507,1
39508,1
39509,1
3951,1
39510,1
39511,1
39512,1
39513,1
39514,1
39515,1
39516,1
39517,0
39518,1
39519,1
3952,1
39520,1
39521,1
39522,1
39523,1
39524,1
39525,1
39526,1
39527,1
39528,1
39529,1
3953,1
39530,1
39531,1
39532,1
39533,1
39534,1
39535,1
39536,1
39537,1
39538,1
39539,1
3954,1
39540,1
39541,1
39542,1
39543,1
39544,1
39545,1
39546,1
39547,1
39548,1
39549,1
3955,1
39550,1
39551,1
39552,1
39553,1
39554,1
39555,1
39556,1
39557,1
39558,1
39559,1
3956,1
39560,1
39561,1
39562,1
39563,1
39564,1
39565,1
39566,1
39567,1
39568,1
39569,1
3957,1
39570,1
39571,1
39572,1
39573,1
39574,1
39575,1
39576,1
39577,1
39578,1
39579,1
3958,1
39580,1
39581,1
39582,1
39583,1
39584,1
39585,1
39586,1
39587,1
39588,1
39589,1
3959,1
39590,1
39591,1
39592,1
39593,1
39594,1
39595,1
39596,1
39597,1
39598,1
39599,1
396,1
3960,1
39600,1
39601,1
39602,1
39603,1
39604,1
39605,1
39606,1
39607,1
39608,1
39609,1
3961,1
39610,1
39611,1
39612,1
39613,1
39614,1
39615,1
39616,1
39617,1
39618,1
39619,1
3962,0
39620,1
39621,1
39622,1
39623,1
39624,1
39625,1
39626,1
39627,1
39628,1
39629,1
3963,1
39630,1
39631,1
39632,1
39633,1
39634,1
39635,1
39636,1
39637,1
39638,1
39639,1
3964,1
39640,1
39641,1
39642,1
39643,1
39644,1
39645,1
39646,1
39647,1
39648,1
39649,1
3965,1
39650,1
39651,1
39652,1
39653,1
39654,1
39655,1
39656,1
39657,1
39658,1
39659,1
3966,1
39660,1
39661,1
39662,1
39663,1
39664,1
39665,1
39666,1
39667,1
39668,1
39669,1
3967,1
39670,1
39671,1
39672,1
39673,1
39674,1
39675,1
39676,1
39677,1
39678,1
39679,1
3968,1
39680,1
39681,1
39682,1
39683,1
39684,1
39685,1
39686,1
39687,1
39688,1
39689,1
3969,1
39690,1
39691,1
39692,1
39693,1
39694,1
39695,1
39696,1
39697,1
39698,1
39699,1
397,1
3970,1
39700,1
39701,1
39702,1
39703,1
39704,1
39705,1
39706,1
39707,1
39708,1
39709,1
3971,1
39710,1
39711,1
39712,1
39713,1
39714,1
39715,1
39716,1
39717,1
39718,1
39719,1
3972,1
39720,1
39721,1
39722,1
39723,1
39724,1
39725,1
39726,1
39727,1
39728,1
39729,1
3973,1
39730,1
39731,1
39732,1
39733,1
39734,1
39735,1
39736,1
39737,1
39738,1
39739,1
3974,1
39740,1
39741,1
39742,1
39743,1
39744,1
39745,1
39746,1
39747,1
39748,1
39749,1
3975,1
39750,1
39751,1
39752,1
39753,1
39754,1
39755,1
39756,1
39757,1
39758,0
39759,1
3976,1
39760,1
39761,1
39762,1
39763,1
39764,1
39765,1
39766,1
39767,1
39768,1
39769,1
3977,1
39770,1
39771,1
39772,1
39773,1
39774,1
39775,1
39776,1
39777,1
39778,1
39779,0
3978,1
39780,1
39781,1
39782,1
39783,1
39784,1
39785,1
39786,1
39787,1
39788,1
39789,1
3979,1
39790,1
39791,1
39792,1
39793,1
39794,1
39795,1
39796,1
39797,1
39798,1
39799,1
398,1
3980,1
39800,1
39801,1
39802,1
39803,1
39804,1
39805,1
39806,1
39807,1
39808,1
39809,1
3981,1
39810,1
39811,1
39812,1
39813,1
39814,1
39815,1
39816,1
39817,1
39818,1
39819,1
3982,1
39820,1
39821,1
39822,1
39823,1
39824,1
39825,1
39826,1
39827,1
39828,1
39829,1
3983,1
39830,1
39831,1
39832,1
39833,1
39834,1
39835,1
39836,1
39837,1
39838,1
39839,1
3984,1
39840,1
39841,1
39842,1
39843,1
39844,1
39845,1
39846,1
39847,1
39848,1
39849,1
3985,1
39850,1
39851,1
39852,1
39853,1
39854,1
39855,1
39856,1
39857,1
39858,1
39859,1
3986,1
39860,1
39861,1
39862,1
39863,1
39864,1
39865,1
39866,1
39867,1
39868,1
39869,1
3987,1
39870,1
39871,1
39872,1
39873,1
39874,1
39875,1
39876,1
39877,1
39878,1
39879,1
3988,1
39880,1
39881,1
39882,1
39883,1
39884,1
39885,1
39886,1
39887,1
39888,1
39889,1
3989,1
39890,1
39891,1
39892,1
39893,1
39894,1
39895,1
39896,1
39897,1
39898,1
39899,1
399,1
3990,1
39900,1
39901,1
39902,1
39903,1
39904,0
39905,1
39906,1
39907,1
39908,1
39909,1
3991,1
39910,1
39911,1
39912,1
39913,1
39914,1
39915,1
39916,1
39917,1
39918,1
39919,1
3992,1
39920,1
39921,1
39922,1
39923,1
39924,1
39925,1
39926,1
39927,1
39928,1
39929,1
3993,1
39930,1
39931,1
39932,1
39933,1
39934,1
39935,1
39936,1
39937,1
39938,1
39939,1
3994,1
39940,1
39941,1
39942,1
39943,1
39944,1
39945,1
39946,1
39947,1
39948,1
39949,1
3995,1
39950,0
39951,1
39952,1
39953,1
39954,1
39955,1
39956,1
39957,1
39958,1
39959,1
3996,1
39960,1
39961,1
39962,1
39963,0
39964,1
39965,1
39966,0
39967,1
39968,1
39969,1
3997,1
39970,1
39971,1
39972,1
39973,1
39974,1
39975,1
39976,1
39977,1
39978,1
39979,1
3998,1
39980,1
39981,1
39982,1
39983,1
39984,1
39985,1
39986,1
39987,1
39988,1
39989,1
3999,1
39990,1
39991,1
39992,1
39993,1
39994,1
39995,1
39996,1
39997,1
39998,1
39999,1
4,1
40,1
400,1
4000,1
40000,1
40001,1
40002,1
40003,1
40004,1
40005,1
40006,1
40007,1
40008,1
40009,1
4001,1
40010,1
40011,1
40012,1
40013,1
40014,1
40015,1
40016,1
40017,1
40018,1
40019,1
4002,1
40020,1
40021,1
40022,1
40023,1
40024,1
40025,1
40026,1
40027,1
40028,1
40029,1
4003,1
40030,0
40031,1
40032,1
40033,1
40034,1
40035,1
40036,1
40037,1
40038,1
40039,1
4004,1
40040,1
40041,1
40042,1
40043,1
40044,1
40045,1
40046,1
40047,1
40048,1
40049,1
4005,1
40050,1
40051,1
40052,1
40053,1
40054,1
40055,1
40056,1
40057,1
40058,1
40059,1
4006,0
40060,1
40061,1
40062,1
40063,1
40064,1
40065,1
40066,1
40067,1
40068,1
40069,1
4007,1
40070,1
40071,1
40072,1
40073,1
40074,1
40075,1
40076,1
40077,1
40078,1
40079,1
4008,1
40080,1
40081,1
40082,1
40083,1
40084,1
40085,1
40086,1
40087,1
40088,1
40089,1
4009,1
40090,1
40091,1
40092,1
40093,1
40094,1
40095,1
40096,1
40097,1
40098,1
40099,1
401,1
4010,1
40100,0
40101,1
40102,1
40103,1
40104,1
40105,1
40106,0
40107,1
40108,1
40109,1
4011,1
40110,1
40111,1
40112,1
40113,1
40114,1
40115,1
40116,1
40117,1
40118,1
40119,1
4012,1
40120,1
40121,1
40122,1
40123,1
40124,1
40125,1
40126,1
40127,1
40128,1
40129,1
4013,1
40130,1
40131,1
40132,1
40133,1
40134,1
40135,0
40136,1
40137,1
40138,1
40139,1
4014,1
40140,1
40141,1
40142,1
40143,1
40144,1
40145,1
40146,1
40147,1
40148,1
40149,0
4015,1
40150,1
40151,1
40152,1
40153,1
40154,1
40155,1
40156,1
40157,1
40158,1
40159,1
4016,1
40160,1
40161,1
40162,1
40163,1
40164,1
40165,1
40166,1
40167,1
40168,1
40169,1
4017,1
40170,0
40171,1
40172,1
40173,1
40174,1
40175,1
40176,1
40177,1
40178,1
40179,1
4018,1
40180,1
40181,1
40182,1
40183,1
40184,1
40185,1
40186,1
40187,1
40188,1
40189,1
4019,1
40190,1
40191,1
40192,1
40193,1
40194,1
40195,1
40196,1
40197,1
40198,1
40199,1
402,1
4020,1
40200,1
40201,1
40202,1
40203,1
40204,1
40205,1
40206,1
40207,1
40208,1
40209,1
4021,1
40210,0
40211,1
40212,1
40213,1
40214,1
40215,0
40216,1
40217,1
40218,1
40219,1
4022,1
40220,1
40221,1
40222,1
40223,1
40224,1
40225,1
40226,1
40227,1
40228,1
40229,1
4023,1
40230,1
40231,1
40232,1
40233,1
40234,1
40235,1
40236,1
40237,1
40238,1
40239,1
4024,1
40240,1
40241,1
40242,1
40243,1
40244,0
40245,1
40246,1
40247,1
40248,1
40249,1
4025,0
40250,1
40251,1
40252,1
40253,1
40254,1
40255,1
40256,1
40257,1
40258,1
40259,1
4026,1
40260,1
40261,1
40262,1
40263,1
40264,1
40265,1
40266,1
40267,1
40268,1
40269,1
4027,1
40270,1
40271,1
40272,1
40273,1
40274,1
40275,1
40276,1
40277,1
40278,1
40279,1
4028,1
40280,1
40281,1
40282,1
40283,1
40284,1
40285,1
40286,1
40287,1
40288,1
40289,1
4029,1
40290,1
40291,1
40292,1
40293,1
40294,1
40295,1
40296,1
40297,1
40298,1
40299,1
403,1
4030,1
40300,1
40301,1
40302,1
40303,1
40304,1
40305,1
40306,1
40307,1
40308,1
40309,1
4031,1
40310,1
40311,1
40312,1
40313,1
40314,1
40315,1
40316,1
40317,1
40318,1
40319,1
4032,1
40320,1
40321,1
40322,1
40323,1
40324,1
40325,1
40326,1
40327,1
40328,1
40329,1
4033,1
40330,1
40331,1
40332,1
40333,1
40334,1
40335,1
40336,1
40337,1
40338,1
40339,1
4034,1
40340,1
40341,1
40342,1
40343,1
40344,1
40345,1
40346,1
40347,1
40348,1
40349,1
4035,1
40350,1
40351,1
40352,1
40353,1
40354,1
40355,1
40356,1
40357,1
40358,1
40359,1
4036,1
40360,0
40361,1
40362,1
40363,1
40364,1
40365,1
40366,1
40367,1
40368,1
40369,1
4037,1
40370,1
40371,1
40372,1
40373,1
40374,1
40375,1
40376,1
40377,1
40378,1
40379,1
4038,1
40380,1
40381,1
40382,1
40383,1
40384,1
40385,1
40386,1
40387,1
40388,1
40389,1
4039,1
40390,1
40391,1
40392,1
40393,1
40394,1
40395,1
40396,1
40397,1
40398,1
40399,1
404,1
4040,1
40400,1
40401,1
40402,1
40403,1
40404,0
40405,1
40406,1
40407,1
40408,1
40409,1
4041,1
40410,1
40411,1
40412,1
40413,1
40414,0
40415,1
40416,1
40417,1
40418,1
40419,1
4042,1
40420,1
40421,1
40422,1
40423,1
40424,1
40425,1
40426,1
40427,1
40428,1
40429,1
4043,1
40430,1
40431,1
40432,1
40433,1
40434,1
40435,1
40436,1
40437,1
40438,1
40439,1
4044,1
40440,1
40441,1
40442,1
40443,1
40444,1
40445,1
40446,1
40447,1
40448,1
40449,1
4045,1
40450,1
40451,1
40452,1
40453,1
40454,1
40455,1
40456,1
40457,1
40458,1
40459,1
4046,1
40460,1
40461,1
40462,1
40463,1
40464,1
40465,1
40466,1
40467,1
40468,1
40469,1
4047,1
40470,1
40471,1
40472,1
40473,1
40474,1
40475,1
40476,1
40477,1
40478,1
40479,1
4048,1
40480,1
40481,1
40482,1
40483,1
40484,1
40485,1
40486,1
40487,1
40488,1
40489,1
4049,1
40490,1
40491,1
40492,1
40493,1
40494,1
40495,1
40496,1
40497,1
40498,1
40499,1
405,1
4050,1
40500,1
40501,1
40502,1
40503,1
40504,1
40505,1
40506,1
40507,1
40508,1
40509,1
4051,1
40510,1
40511,0
40512,1
40513,1
40514,1
40515,1
40516,1
40517,1
40518,1
40519,1
4052,1
40520,1
40521,1
40522,0
40523,1
40524,1
40525,1
40526,0
40527,1
40528,1
40529,1
4053,1
40530,1
40531,1
40532,1
40533,1
40534,1
40535,1
40536,1
40537,1
40538,1
40539,1
4054,1
40540,1
40541,1
40542,1
40543,1
40544,1
40545,1
40546,1
40547,1
40548,1
40549,1
4055,1
40550,1
40551,1
40552,1
40553,1
40554,1
40555,1
40556,1
40557,1
40558,1
40559,1
4056,1
40560,1
40561,1
40562,1
40563,1
40564,1
40565,1
40566,1
40567,1
40568,1
40569,1
4057,1
40570,1
40571,1
40572,1
40573,1
40574,0
40575,1
40576,1
40577,1
40578,1
40579,1
4058,1
40580,1
40581,1
40582,1
40583,1
40584,1
40585,1
40586,1
40587,1
40588,1
40589,1
4059,1
40590,1
40591,1
40592,1
40593,1
40594,1
40595,1
40596,1
40597,1
40598,1
40599,1
406,1
4060,1
40600,1
40601,1
40602,1
40603,1
40604,1
40605,1
40606,1
40607,1
40608,1
40609,1
4061,1
40610,1
40611,1
40612,1
40613,1
40614,1
40615,1
40616,1
40617,1
40618,1
40619,1
4062,1
40620,1
40621,1
40622,1
40623,1
40624,1
40625,1
40626,1
40627,1
40628,1
40629,1
4063,1
40630,1
40631,1
40632,1
40633,1
40634,1
40635,1
40636,1
40637,1
40638,1
40639,1
4064,1
40640,1
40641,1
40642,1
40643,1
40644,1
40645,1
40646,1
40647,1
40648,1
40649,1
4065,1
40650,1
40651,1
40652,1
40653,1
40654,1
40655,1
40656,1
40657,1
40658,1
40659,1
4066,1
40660,1
40661,1
40662,1
40663,1
40664,1
40665,1
40666,1
40667,1
40668,1
40669,1
4067,1
40670,1
40671,1
40672,1
40673,1
40674,1
40675,1
40676,1
40677,1
40678,1
40679,1
4068,1
40680,0
40681,1
40682,1
40683,1
40684,1
40685,1
40686,1
40687,1
40688,1
40689,1
4069,1
40690,1
40691,1
40692,1
40693,1
40694,1
40695,1
40696,1
40697,1
40698,1
40699,1
407,1
4070,1
40700,1
40701,1
40702,1
40703,1
40704,1
40705,1
40706,1
40707,1
40708,1
40709,1
4071,1
40710,1
40711,1
40712,1
40713,0
40714,1
40715,1
40716,1
40717,1
40718,1
40719,1
4072,1
40720,1
40721,0
40722,1
40723,1
40724,1
40725,1
40726,1
40727,1
40728,1
40729,1
4073,1
40730,1
40731,1
40732,1
40733,1
40734,1
40735,1
40736,1
40737,1
40738,1
40739,1
4074,1
40740,1
40741,1
40742,1
40743,1
40744,1
40745,1
40746,1
40747,1
40748,1
40749,1
4075,1
40750,1
40751,1
40752,1
40753,1
40754,1
40755,1
40756,1
40757,1
40758,1
40759,1
4076,1
40760,1
40761,1
40762,1
40763,1
40764,1
40765,1
40766,1
40767,1
40768,1
40769,1
4077,1
40770,1
40771,1
40772,1
40773,1
40774,1
40775,1
40776,1
40777,1
40778,1
40779,1
4078,1
40780,1
40781,1
40782,1
40783,1
40784,1
40785,1
40786,1
40787,1
40788,1
40789,1
4079,1
40790,1
40791,0
40792,1
40793,1
40794,1
40795,1
40796,1
40797,1
40798,0
40799,1
408,1
4080,1
40800,1
40801,1
40802,1
40803,1
40804,1
40805,1
40806,1
40807,1
40808,1
40809,1
4081,1
40810,1
40811,1
40812,1
40813,1
40814,1
40815,1
40816,1
40817,1
40818,1
40819,1
4082,1
40820,1
40821,1
40822,1
40823,1
40824,1
40825,1
40826,1
40827,1
40828,1
40829,1
4083,0
40830,1
40831,1
40832,1
40833,1
40834,1
40835,0
40836,1
40837,1
40838,1
40839,1
4084,1
40840,1
40841,1
40842,1
40843,1
40844,1
40845,1
40846,1
40847,1
40848,1
40849,1
4085,1
40850,1
40851,1
40852,1
40853,1
40854,1
40855,1
40856,1
40857,1
40858,1
40859,1
4086,1
40860,1
40861,1
40862,1
40863,1
40864,0
40865,1
40866,1
40867,1
40868,1
40869,1
4087,1
40870,1
40871,1
40872,1
40873,1
40874,1
40875,1
40876,1
40877,1
40878,1
40879,0
4088,1
40880,1
40881,1
40882,1
40883,1
40884,1
40885,1
40886,1
40887,0
40888,1
40889,1
4089,1
40890,1
40891,1
40892,1
40893,1
40894,1
40895,1
40896,1
40897,1
40898,1
40899,1
409,1
4090,1
40900,1
40901,1
40902,1
40903,1
40904,1
40905,1
40906,1
40907,1
40908,1
40909,1
4091,1
40910,1
40911,1
40912,0
40913,1
40914,1
40915,1
40916,1
40917,1
40918,1
40919,1
4092,1
40920,1
40921,1
40922,1
40923,1
40924,1
40925,1
40926,1
40927,1
40928,1
40929,1
4093,1
40930,1
40931,1
40932,1
40933,1
40934,1
40935,1
40936,1
40937,1
40938,1
40939,1
4094,1
40940,1
40941,1
40942,1
40943,1
40944,1
40945,1
40946,1
40947,1
40948,1
40949,1
4095,0
40950,1
40951,1
40952,1
40953,1
40954,1
40955,1
40956,1
40957,1
40958,1
40959,1
4096,1
40960,1
40961,0
40962,1
40963,1
40964,1
40965,1
40966,1
40967,1
40968,1
40969,1
4097,1
40970,1
40971,1
40972,1
40973,1
40974,1
40975,1
40976,1
40977,1
40978,1
40979,1
4098,1
40980,1
40981,1
40982,1
40983,1
40984,1
40985,1
40986,1
40987,1
40988,1
40989,1
4099,1
40990,1
40991,1
40992,1
40993,1
40994,1
40995,1
40996,1
40997,1
40998,1
40999,1
41,1
410,1
4100,1
41000,1
41001,1
41002,1
41003,1
41004,1
41005,1
41006,1
41007,1
41008,1
41009,1
4101,1
41010,1
41011,1
41012,1
41013,1
41014,1
41015,1
41016,1
41017,1
41018,1
41019,1
4102,1
41020,1
41021,1
41022,1
41023,1
41024,1
41025,1
41026,1
41027,1
41028,1
41029,1
4103,1
41030,1
41031,1
41032,1
41033,1
41034,1
41035,1
41036,1
41037,1
41038,1
41039,1
4104,1
41040,1
41041,1
41042,1
41043,1
41044,1
41045,1
41046,1
41047,1
41048,1
41049,1
4105,1
41050,1
41051,1
41052,1
41053,1
41054,1
41055,1
41056,1
41057,1
41058,1
41059,1
4106,1
41060,1
41061,1
41062,1
41063,1
41064,1
41065,1
41066,1
41067,1
41068,1
41069,1
4107,1
41070,1
41071,1
41072,1
41073,1
41074,1
41075,1
41076,1
41077,1
41078,0
41079,1
4108,1
41080,1
41081,0
41082,1
41083,1
41084,1
41085,0
41086,1
41087,1
41088,1
41089,0
4109,1
41090,1
41091,1
41092,1
41093,1
41094,1
41095,1
41096,1
41097,1
41098,1
41099,1
411,1
4110,1
41100,1
41101,1
41102,1
41103,1
41104,1
41105,1
41106,1
41107,1
41108,1
41109,1
4111,1
41110,1
41111,1
41112,1
41113,1
41114,1
41115,1
41116,1
41117,1
41118,1
41119,1
4112,1
41120,1
41121,1
41122,1
41123,1
41124,1
41125,1
41126,1
41127,1
41128,1
41129,1
4113,1
41130,1
41131,1
41132,1
41133,1
41134,1
41135,1
41136,1
41137,1
41138,1
41139,1
4114,1
41140,1
41141,1
41142,1
41143,1
41144,1
41145,1
41146,1
41147,1
41148,1
41149,1
4115,1
41150,1
41151,1
41152,1
41153,0
41154,1
41155,1
41156,1
41157,1
41158,1
41159,1
4116,1
41160,1
41161,1
41162,1
41163,1
41164,1
41165,1
41166,1
41167,1
41168,1
41169,1
4117,1
41170,1
41171,1
41172,1
41173,1
41174,1
41175,1
41176,1
41177,1
41178,1
41179,1
4118,1
41180,1
41181,1
41182,1
41183,1
41184,1
41185,1
41186,1
41187,1
41188,1
41189,1
4119,1
41190,1
41191,1
41192,1
41193,1
41194,1
41195,1
41196,1
41197,1
41198,1
41199,1
412,1
4120,0
41200,1
41201,1
41202,1
41203,1
41204,1
41205,1
41206,1
41207,1
41208,0
41209,1
4121,1
41210,1
41211,1
41212,1
41213,1
41214,1
41215,1
41216,1
41217,1
41218,1
41219,1
4122,1
41220,1
41221,1
41222,1
41223,1
41224,1
41225,1
41226,1
41227,1
41228,1
41229,1
4123,1
41230,1
41231,1
41232,1
41233,1
41234,1
41235,1
41236,1
41237,1
41238,1
41239,1
4124,1
41240,1
41241,1
41242,1
41243,1
41244,1
41245,1
41246,1
41247,1
41248,1
41249,1
4125,1
41250,1
41251,1
41252,1
41253,1
41254,1
41255,1
41256,1
41257,1
41258,1
41259,1
4126,1
41260,1
41261,1
41262,1
41263,1
41264,1
41265,1
41266,1
41267,1
41268,1
41269,1
4127,1
41270,1
41271,1
41272,1
41273,1
41274,1
41275,1
41276,1
41277,1
41278,1
41279,1
4128,1
41280,1
41281,1
41282,1
41283,1
41284,0
41285,1
41286,1
41287,1
41288,1
41289,1
4129,1
41290,1
41291,1
41292,1
41293,1
41294,1
41295,1
41296,1
41297,1
41298,1
41299,1
413,1
4130,1
41300,1
41301,1
41302,1
41303,1
41304,1
41305,1
41306,1
41307,1
41308,1
41309,1
4131,1
41310,1
41311,1
41312,1
41313,1
41314,1
41315,1
41316,1
41317,1
41318,1
41319,1
4132,1
41320,1
41321,1
41322,1
41323,1
41324,1
41325,1
41326,1
41327,1
41328,1
41329,1
4133,1
41330,1
41331,1
41332,1
41333,1
41334,1
41335,1
41336,1
41337,1
41338,1
41339,1
4134,1
41340,1
41341,1
41342,1
41343,0
41344,1
41345,1
41346,0
41347,1
41348,1
41349,1
4135,1
41350,1
41351,1
41352,1
41353,1
41354,1
41355,1
41356,1
41357,1
41358,1
41359,1
4136,1
41360,1
41361,1
41362,1
41363,1
41364,1
41365,1
41366,1
41367,1
41368,1
41369,1
4137,1
41370,1
41371,1
41372,1
41373,1
41374,1
41375,1
41376,1
41377,1
41378,1
41379,1
4138,1
41380,1
41381,1
41382,1
41383,1
41384,1
41385,1
41386,1
41387,1
41388,1
41389,1
4139,1
41390,1
41391,1
41392,1
41393,1
41394,1
41395,0
41396,1
41397,1
41398,1
41399,1
414,1
4140,1
41400,1
41401,1
41402,1
41403,1
41404,1
41405,1
41406,1
41407,1
41408,1
41409,1
4141,1
41410,0
41411,1
41412,1
41413,1
41414,1
41415,1
41416,1
41417,1
41418,1
41419,1
4142,1
41420,1
41421,1
41422,1
41423,1
41424,1
41425,1
41426,1
41427,1
41428,1
41429,1
4143,1
41430,1
41431,1
41432,1
41433,1
41434,1
41435,1
41436,1
41437,1
41438,1
41439,1
4144,1
41440,1
41441,1
41442,1
41443,1
41444,1
41445,1
41446,1
41447,1
41448,1
41449,1
4145,1
41450,1
41451,1
41452,1
41453,1
41454,1
41455,1
41456,1
41457,1
41458,1
41459,1
4146,1
41460,1
41461,0
41462,1
41463,1
41464,1
41465,1
41466,1
41467,1
41468,1
41469,1
4147,1
41470,1
41471,1
41472,1
41473,1
41474,1
41475,1
41476,1
41477,1
41478,1
41479,1
4148,1
41480,1
41481,1
41482,1
41483,1
41484,1
41485,1
41486,1
41487,1
41488,1
41489,1
4149,1
41490,1
41491,1
41492,1
41493,1
41494,1
41495,1
41496,1
41497,1
41498,1
41499,1
415,1
4150,1
41500,1
41501,1
41502,1
41503,1
41504,1
41505,1
41506,1
41507,1
41508,1
41509,1
4151,1
41510,1
41511,1
41512,1
41513,1
41514,1
41515,1
41516,1
41517,1
41518,1
41519,1
4152,1
41520,1
41521,1
41522,1
41523,1
41524,1
41525,1
41526,1
41527,1
41528,1
41529,1
4153,1
41530,1
41531,1
41532,1
41533,1
41534,1
41535,1
41536,1
41537,1
41538,1
41539,1
4154,1
41540,1
41541,1
41542,1
41543,1
41544,1
41545,1
41546,1
41547,1
41548,1
41549,1
4155,1
41550,1
41551,1
41552,1
41553,1
41554,1
41555,1
41556,1
41557,1
41558,1
41559,1
4156,1
41560,1
41561,1
41562,1
41563,1
41564,1
41565,1
41566,1
41567,1
41568,1
41569,1
4157,1
41570,1
41571,1
41572,1
41573,0
41574,1
41575,1
41576,1
41577,1
41578,1
41579,1
4158,1
41580,1
41581,1
41582,1
41583,1
41584,1
41585,1
41586,1
41587,1
41588,1
41589,1
4159,1
41590,1
41591,1
41592,1
41593,1
41594,1
41595,1
41596,1
41597,1
41598,1
41599,1
416,1
4160,1
41600,1
41601,1
41602,1
41603,1
41604,1
41605,1
41606,1
41607,1
41608,1
41609,1
4161,1
41610,1
41611,1
41612,1
41613,1
41614,1
41615,1
41616,0
41617,1
41618,1
41619,1
4162,1
41620,1
41621,1
41622,1
41623,1
41624,1
41625,1
41626,1
41627,1
41628,1
41629,1
4163,1
41630,1
41631,0
41632,1
41633,1
41634,1
41635,1
41636,1
41637,1
41638,1
41639,1
4164,1
41640,1
41641,1
41642,1
41643,1
41644,1
41645,1
41646,1
41647,1
41648,1
41649,1
4165,1
41650,1
41651,1
41652,1
41653,1
41654,1
41655,1
41656,1
41657,1
41658,1
41659,1
4166,1
41660,1
41661,1
41662,1
41663,1
41664,1
41665,1
41666,1
41667,1
41668,1
41669,1
4167,1
41670,1
41671,1
41672,1
41673,1
41674,1
41675,1
41676,1
41677,1
41678,1
41679,1
4168,1
41680,1
41681,1
41682,1
41683,1
41684,1
41685,1
41686,1
41687,1
41688,1
41689,1
4169,1
41690,1
41691,1
41692,1
41693,1
41694,1
41695,1
41696,1
41697,1
41698,1
41699,1
417,1
4170,1
41700,1
41701,1
41702,1
41703,1
41704,1
41705,1
41706,1
41707,1
41708,1
41709,1
4171,1
41710,1
41711,1
41712,1
41713,1
41714,1
41715,1
41716,1
41717,1
41718,1
41719,1
4172,1
41720,1
41721,1
41722,1
41723,1
41724,1
41725,1
41726,1
41727,1
41728,1
41729,1
4173,1
41730,1
41731,1
41732,1
41733,1
41734,1
41735,1
41736,1
41737,0
41738,1
41739,1
4174,1
41740,1
41741,1
41742,1
41743,1
41744,1
41745,1
41746,1
41747,1
41748,1
41749,1
4175,1
41750,1
41751,1
41752,1
41753,1
41754,1
41755,1
41756,1
41757,1
41758,1
41759,1
4176,1
41760,1
41761,1
41762,1
41763,1
41764,1
41765,1
41766,1
41767,1
41768,1
41769,1
4177,1
41770,1
41771,1
41772,1
41773,1
41774,1
41775,1
41776,1
41777,1
41778,1
41779,1
4178,1
41780,1
41781,1
41782,1
41783,1
41784,1
41785,1
41786,1
41787,0
41788,1
41789,1
4179,1
41790,1
41791,1
41792,1
41793,1
41794,1
41795,1
41796,1
41797,1
41798,1
41799,1
418,1
4180,1
41800,1
41801,1
41802,1
41803,1
41804,1
41805,1
41806,1
41807,1
41808,1
41809,1
4181,1
41810,1
41811,1
41812,1
41813,1
41814,1
41815,1
41816,1
41817,1
41818,1
41819,1
4182,1
41820,1
41821,1
41822,1
41823,0
41824,1
41825,1
41826,1
41827,1
41828,0
41829,1
4183,1
41830,1
41831,1
41832,1
41833,1
41834,1
41835,1
41836,1
41837,1
41838,1
41839,1
4184,1
41840,1
41841,1
41842,1
41843,1
41844,1
41845,1
41846,1
41847,1
41848,1
41849,1
4185,1
41850,1
41851,1
41852,1
41853,1
41854,1
41855,1
41856,1
41857,1
41858,1
41859,1
4186,1
41860,1
41861,1
41862,1
41863,1
41864,1
41865,1
41866,1
41867,1
41868,1
41869,1
4187,1
41870,1
41871,1
41872,1
41873,1
41874,1
41875,1
41876,1
41877,1
41878,1
41879,1
4188,1
41880,1
41881,1
41882,1
41883,1
41884,1
41885,1
41886,1
41887,1
41888,1
41889,1
4189,1
41890,1
41891,1
41892,1
41893,1
41894,1
41895,1
41896,1
41897,0
41898,1
41899,1
419,1
4190,1
41900,1
41901,1
41902,1
41903,1
41904,1
41905,1
41906,1
41907,1
41908,1
41909,1
4191,1
41910,1
41911,1
41912,1
41913,1
41914,1
41915,1
41916,1
41917,1
41918,1
41919,1
4192,1
41920,1
41921,1
41922,1
41923,1
41924,1
41925,0
41926,1
41927,1
41928,1
41929,1
4193,1
41930,1
41931,1
41932,1
41933,1
41934,1
41935,1
41936,1
41937,1
41938,1
41939,1
4194,1
41940,1
41941,1
41942,1
41943,1
41944,1
41945,1
41946,1
41947,1
41948,1
41949,1
4195,1
41950,1
41951,1
41952,1
41953,1
41954,1
41955,1
41956,1
41957,1
41958,1
41959,1
4196,1
41960,1
41961,1
41962,1
41963,1
41964,0
41965,1
41966,1
41967,1
41968,1
41969,1
4197,1
41970,1
41971,1
41972,1
41973,1
41974,1
41975,1
41976,1
41977,1
41978,1
41979,1
4198,1
41980,1
41981,1
41982,1
41983,1
41984,1
41985,1
41986,1
41987,1
41988,1
41989,1
4199,1
41990,1
41991,1
41992,1
41993,1
41994,1
41995,1
41996,1
41997,1
41998,1
41999,1
42,1
420,1
4200,1
42000,1
42001,1
42002,1
42003,1
42004,1
42005,1
42006,1
42007,1
42008,1
42009,1
4201,1
42010,1
42011,1
42012,1
42013,1
42014,1
42015,1
42016,1
42017,1
42018,1
42019,1
4202,1
42020,1
42021,1
42022,1
42023,1
42024,1
42025,1
42026,1
42027,1
42028,1
42029,1
4203,1
42030,1
42031,1
42032,1
42033,0
42034,1
42035,1
42036,1
42037,1
42038,1
42039,1
4204,1
42040,1
42041,1
42042,1
42043,1
42044,1
42045,1
42046,1
42047,1
42048,1
42049,1
4205,1
42050,1
42051,1
42052,1
42053,1
42054,1
42055,1
42056,1
42057,1
42058,1
42059,1
4206,1
42060,1
42061,1
42062,0
42063,1
42064,1
42065,1
42066,1
42067,1
42068,1
42069,1
4207,1
42070,1
42071,1
42072,1
42073,1
42074,1
42075,1
42076,1
42077,1
42078,1
42079,1
4208,1
42080,1
42081,1
42082,1
42083,1
42084,0
42085,1
42086,1
42087,1
42088,1
42089,1
4209,1
42090,1
42091,1
42092,1
42093,1
42094,1
42095,1
42096,1
42097,1
42098,1
42099,1
421,1
4210,1
42100,1
42101,1
42102,1
42103,1
42104,1
42105,1
42106,1
42107,1
42108,1
42109,1
4211,1
42110,1
42111,1
42112,1
42113,1
42114,1
42115,1
42116,1
42117,1
42118,1
42119,1
4212,1
42120,1
42121,1
42122,1
42123,1
42124,1
42125,1
42126,1
42127,1
42128,1
42129,1
4213,1
42130,1
42131,1
42132,0
42133,1
42134,1
42135,1
42136,1
42137,0
42138,1
42139,1
4214,1
42140,1
42141,1
42142,1
42143,1
42144,1
42145,1
42146,1
42147,1
42148,1
42149,1
4215,1
42150,1
42151,1
42152,1
42153,1
42154,1
42155,1
42156,1
42157,1
42158,1
42159,1
4216,1
42160,1
42161,1
42162,1
42163,1
42164,1
42165,1
42166,1
42167,1
42168,1
42169,1
4217,1
42170,1
42171,1
42172,1
42173,1
42174,1
42175,1
42176,1
42177,1
42178,1
42179,1
4218,1
42180,0
42181,1
42182,1
42183,1
42184,1
42185,1
42186,1
42187,1
42188,1
42189,1
4219,1
42190,1
42191,1
42192,1
42193,1
42194,1
42195,1
42196,1
42197,1
42198,1
42199,1
422,1
4220,1
42200,1
42201,1
42202,1
42203,1
42204,1
42205,1
42206,1
42207,1
42208,1
42209,1
4221,1
42210,1
42211,1
42212,1
42213,1
42214,1
42215,1
42216,0
42217,1
42218,1
42219,1
4222,1
42220,1
42221,1
42222,1
42223,1
42224,1
42225,1
42226,1
42227,1
42228,1
42229,1
4223,1
42230,1
42231,1
42232,1
42233,1
42234,1
42235,1
42236,1
42237,1
42238,1
42239,1
4224,1
42240,1
42241,1
42242,1
42243,1
42244,1
42245,1
42246,1
42247,1
42248,1
42249,1
4225,1
42250,1
42251,1
42252,1
42253,1
42254,1
42255,1
42256,1
42257,1
42258,1
42259,1
4226,1
42260,1
42261,1
42262,1
42263,1
42264,1
42265,1
42266,1
42267,1
42268,1
42269,1
4227,1
42270,1
42271,1
42272,1
42273,1
42274,1
42275,1
42276,1
42277,1
42278,1
42279,1
4228,1
42280,1
42281,1
42282,1
42283,1
42284,1
42285,1
42286,1
42287,1
42288,1
42289,1
4229,1
42290,1
42291,1
42292,1
42293,1
42294,1
42295,1
42296,1
42297,1
42298,1
42299,1
423,1
4230,1
42300,1
42301,1
42302,1
42303,1
42304,1
42305,1
42306,1
42307,1
42308,1
42309,1
4231,1
42310,1
42311,1
42312,1
42313,1
42314,1
42315,0
42316,1
42317,1
42318,1
42319,1
4232,1
42320,1
42321,1
42322,1
42323,1
42324,0
42325,1
42326,1
42327,1
42328,1
42329,1
4233,1
42330,1
42331,1
42332,1
42333,1
42334,1
42335,1
42336,1
42337,1
42338,1
42339,1
4234,1
42340,1
42341,1
42342,1
42343,1
42344,1
42345,1
42346,1
42347,1
42348,1
42349,1
4235,1
42350,1
42351,1
42352,1
42353,1
42354,1
42355,1
42356,1
42357,1
42358,1
42359,1
4236,1
42360,1
42361,1
42362,1
42363,1
42364,1
42365,1
42366,1
42367,1
42368,1
42369,1
4237,1
42370,1
42371,1
42372,1
42373,1
42374,1
42375,1
42376,1
42377,1
42378,0
42379,1
4238,1
42380,1
42381,1
42382,1
42383,1
42384,1
42385,1
42386,1
42387,1
42388,1
42389,1
4239,1
42390,0
42391,1
42392,1
42393,1
42394,1
42395,1
42396,1
42397,1
42398,1
42399,1
424,1
4240,1
42400,0
42401,1
42402,1
42403,1
42404,1
42405,1
42406,0
42407,1
42408,1
42409,1
4241,1
42410,1
42411,1
42412,1
42413,1
42414,1
42415,1
42416,1
42417,1
42418,1
42419,1
4242,1
42420,1
42421,1
42422,1
42423,1
42424,1
42425,1
42426,1
42427,1
42428,1
42429,1
4243,1
42430,1
42431,1
42432,1
42433,1
42434,1
42435,1
42436,1
42437,1
42438,1
42439,1
4244,1
42440,1
42441,1
42442,1
42443,1
42444,1
42445,1
42446,1
42447,1
42448,1
42449,1
4245,1
42450,1
42451,1
42452,1
42453,1
42454,1
42455,1
42456,1
42457,1
42458,1
42459,1
4246,1
42460,1
42461,1
42462,1
42463,1
42464,1
42465,1
42466,1
42467,1
42468,1
42469,1
4247,1
42470,1
42471,1
42472,1
42473,1
42474,1
42475,1
42476,1
42477,1
42478,1
42479,1
4248,1
42480,1
42481,1
42482,1
42483,1
42484,1
42485,1
42486,1
42487,1
42488,1
42489,1
4249,1
42490,1
42491,1
42492,1
42493,1
42494,1
42495,1
42496,1
42497,1
42498,1
42499,1
425,0
4250,1
42500,1
42501,1
42502,1
42503,1
42504,1
42505,1
42506,1
42507,1
42508,1
42509,1
4251,1
42510,1
42511,1
42512,1
42513,1
42514,1
42515,1
42516,1
42517,1
42518,1
42519,1
4252,1
42520,1
42521,1
42522,1
42523,1
42524,1
42525,1
42526,1
42527,1
42528,1
42529,0
4253,1
42530,0
42531,0
42532,0
42533,0
42534,0
42535,1
42536,1
42537,0
42538,1
42539,0
4254,1
42540,1
42541,0
42542,0
42543,0
42544,0
42545,1
42546,0
42547,1
42548,1
42549,0
4255,1
42550,0
42551,0
42552,1
42553,0
42554,0
42555,0
42556,1
42557,1
42558,0
42559,0
4256,1
42560,0
42561,1
42562,0
42563,0
42564,0
42565,0
42566,1
42567,0
42568,1
42569,0
4257,1
42570,0
42571,0
42572,1
42573,0
42574,0
42575,0
42576,1
42577,0
42578,0
42579,0
4258,1
42580,0
42581,0
42582,0
42583,0
42584,1
42585,0
42586,1
42587,0
42588,0
42589,0
4259,1
42590,0
42591,0
42592,0
42593,0
42594,1
42595,0
42596,0
42597,1
42598,0
42599,0
426,1
4260,1
42600,0
42601,0
42602,1
42603,0
42604,0
42605,0
42606,0
42607,0
42608,0
42609,1
4261,1
42610,0
42611,1
42612,0
42613,0
42614,1
42615,1
42616,0
42617,0
42618,1
42619,0
4262,1
42620,0
42621,0
42622,0
42623,1
42624,0
42625,0
42626,1
42627,1
42628,1
42629,0
4263,1
42630,0
42631,0
42632,0
42633,0
42634,1
42635,0
42636,0
42637,0
42638,0
42639,0
4264,1
42640,0
42641,0
42642,0
42643,1
42644,1
42645,0
42646,0
42647,0
42648,0
42649,1
4265,1
42650,0
42651,1
42652,0
42653,0
42654,1
42655,1
42656,1
42657,0
42658,0
42659,1
4266,1
42660,0
42661,0
42662,1
42663,0
42664,0
42665,1
42666,0
42667,0
42668,0
42669,0
4267,1
42670,1
42671,0
42672,0
42673,1
42674,0
42675,1
42676,0
42677,0
42678,1
42679,1
4268,1
42680,1
42681,1
42682,0
42683,0
42684,0
42685,0
42686,1
42687,1
42688,1
42689,0
4269,1
42690,0
42691,1
42692,0
42693,1
42694,1
42695,0
42696,0
42697,1
42698,1
42699,1
427,1
4270,1
42700,0
42701,1
42702,0
42703,0
42704,0
42705,0
42706,0
42707,1
42708,0
42709,0
4271,1
42710,1
42711,1
42712,1
42713,0
42714,0
42715,0
42716,0
42717,1
42718,0
42719,1
4272,1
42720,0
42721,0
42722,0
42723,0
42724,0
42725,0
42726,1
42727,1
42728,0
42729,1
4273,1
42730,0
42731,0
42732,1
42733,0
42734,0
42735,1
42736,0
42737,0
42738,0
42739,0
4274,1
42740,0
42741,0
42742,1
42743,1
42744,0
42745,1
42746,0
42747,0
42748,1
42749,0
4275,1
42750,0
42751,1
42752,0
42753,0
42754,1
42755,1
42756,0
42757,0
42758,0
42759,1
4276,1
42760,0
42761,1
42762,0
42763,0
42764,1
42765,0
42766,0
42767,1
42768,0
42769,1
4277,1
42770,1
42771,1
42772,1
42773,0
42774,0
42775,0
42776,0
42777,0
42778,1
42779,0
4278,1
42780,1
42781,0
42782,0
42783,0
42784,1
42785,1
42786,0
42787,0
42788,0
42789,0
4279,1
42790,0
42791,0
42792,0
42793,0
42794,0
42795,1
42796,0
42797,0
42798,0
42799,1
428,1
4280,1
42800,1
42801,0
42802,1
42803,0
42804,0
42805,0
42806,0
42807,0
42808,1
42809,0
4281,1
42810,1
42811,1
42812,1
42813,0
42814,0
42815,1
42816,0
42817,1
42818,1
42819,1
4282,1
42820,1
42821,1
42822,1
42823,1
42824,1
42825,0
42826,1
42827,1
42828,0
42829,0
4283,1
42830,1
42831,1
42832,1
42833,1
42834,1
42835,0
42836,0
42837,0
42838,0
42839,0
4284,1
42840,1
42841,0
42842,0
42843,0
42844,1
42845,1
42846,1
42847,0
42848,1
42849,1
4285,1
42850,1
42851,1
42852,0
42853,1
42854,0
42855,0
42856,0
42857,0
42858,0
42859,0
4286,1
42860,1
42861,1
42862,0
42863,0
42864,0
42865,0
42866,0
42867,0
42868,0
42869,0
4287,1
42870,0
42871,1
42872,1
42873,1
42874,0
42875,0
42876,0
42877,0
42878,0
42879,1
4288,1
42880,0
42881,1
42882,0
42883,1
42884,0
42885,1
42886,1
42887,0
42888,1
42889,1
4289,1
42890,0
42891,1
42892,0
42893,0
42894,0
42895,0
42896,0
42897,0
42898,1
42899,0
429,1
4290,1
42900,1
42901,0
42902,0
42903,1
42904,0
42905,1
42906,0
42907,0
42908,1
42909,1
4291,1
42910,0
42911,0
42912,0
42913,0
42914,1
42915,1
42916,0
42917,1
42918,0
42919,0
4292,1
42920,0
42921,0
42922,0
42923,0
42924,1
42925,0
42926,0
42927,0
42928,0
42929,0
4293,1
42930,0
42931,1
42932,1
42933,0
42934,0
42935,0
42936,1
42937,1
42938,0
42939,0
4294,1
42940,0
42941,0
42942,0
42943,1
42944,0
42945,0
42946,1
42947,0
42948,0
42949,0
4295,1
42950,1
42951,0
42952,1
42953,0
42954,0
42955,1
42956,0
42957,0
42958,0
42959,0
4296,1
42960,1
42961,1
42962,1
42963,0
42964,1
42965,0
42966,0
42967,1
42968,0
42969,1
4297,1
42970,1
42971,0
42972,0
42973,1
42974,0
42975,0
42976,0
42977,1
42978,0
42979,0
4298,1
42980,0
42981,0
42982,1
42983,0
42984,0
42985,0
42986,0
42987,0
42988,0
42989,0
4299,1
42990,1
42991,0
42992,0
42993,0
42994,1
42995,0
42996,0
42997,1
42998,0
42999,1
43,1
430,1
4300,1
43000,0
43001,0
43002,1
43003,1
43004,1
43005,1
43006,0
43007,0
43008,0
43009,0
4301,1
43010,1
43011,0
43012,1
43013,1
43014,1
43015,0
43016,0
43017,0
43018,0
43019,0
4302,1
43020,1
43021,1
43022,1
43023,0
43024,0
43025,0
43026,0
43027,0
43028,1
43029,0
4303,1
43030,0
43031,0
43032,1
43033,1
43034,1
43035,1
43036,0
43037,0
43038,0
43039,0
4304,1
43040,1
43041,0
43042,0
43043,0
43044,0
43045,1
43046,1
43047,1
43048,0
43049,0
4305,1
43050,1
43051,0
43052,0
43053,1
43054,0
43055,1
43056,0
43057,0
43058,0
43059,0
4306,1
43060,0
43061,0
43062,1
43063,1
43064,1
43065,1
43066,0
43067,1
43068,0
43069,1
4307,1
43070,0
43071,1
43072,1
43073,0
43074,0
43075,1
43076,0
43077,0
43078,1
43079,0
4308,1
43080,0
43081,1
43082,0
43083,0
43084,0
43085,1
43086,1
43087,1
43088,1
43089,0
4309,1
43090,0
43091,0
43092,1
43093,1
43094,0
43095,0
43096,0
43097,1
43098,0
43099,0
431,1
4310,1
43100,0
43101,0
43102,0
43103,1
43104,0
43105,0
43106,0
43107,0
43108,0
43109,0
4311,1
43110,0
43111,1
43112,1
43113,0
43114,0
43115,0
43116,0
43117,1
43118,1
43119,1
4312,1
43120,1
43121,1
43122,0
43123,0
43124,1
43125,1
43126,1
43127,0
43128,0
43129,0
4313,1
43130,0
43131,1
43132,1
43133,1
43134,0
43135,0
43136,0
43137,0
43138,0
43139,0
4314,1
43140,1
43141,0
43142,0
43143,0
43144,0
43145,1
43146,0
43147,0
43148,1
43149,0
4315,1
43150,0
43151,0
43152,0
43153,0
43154,0
43155,0
43156,1
43157,1
43158,0
43159,1
4316,1
43160,0
43161,0
43162,0
43163,1
43164,0
43165,1
43166,0
43167,0
43168,0
43169,0
4317,1
43170,0
43171,1
43172,1
43173,0
43174,0
43175,0
43176,1
43177,1
43178,0
43179,1
4318,1
43180,0
43181,0
43182,0
43183,0
43184,0
43185,0
43186,0
43187,1
43188,0
43189,0
4319,1
43190,0
43191,1
43192,0
43193,0
43194,0
43195,0
43196,1
43197,0
43198,0
43199,1
432,1
4320,1
43200,1
43201,0
43202,1
43203,0
43204,1
43205,0
43206,0
43207,1
43208,1
43209,0
4321,1
43210,0
43211,0
43212,0
43213,0
43214,1
43215,1
43216,0
43217,0
43218,0
43219,0
4322,1
43220,1
43221,0
43222,0
43223,1
43224,0
43225,0
43226,0
43227,1
43228,1
43229,0
4323,1
43230,1
43231,0
43232,1
43233,1
43234,1
43235,0
43236,1
43237,0
43238,0
43239,1
4324,1
43240,0
43241,1
43242,0
43243,0
43244,0
43245,0
43246,1
43247,0
43248,0
43249,0
4325,1
43250,1
43251,0
43252,0
43253,0
43254,1
43255,0
43256,0
43257,0
43258,1
43259,1
4326,1
43260,0
43261,0
43262,1
43263,1
43264,1
43265,1
43266,0
43267,0
43268,0
43269,1
4327,1
43270,0
43271,1
43272,1
43273,1
43274,1
43275,1
43276,0
43277,0
43278,0
43279,0
4328,1
43280,1
43281,1
43282,0
43283,0
43284,0
43285,1
43286,0
43287,0
43288,0
43289,0
4329,1
43290,1
43291,0
43292,0
43293,1
43294,1
43295,0
43296,0
43297,1
43298,1
43299,0
433,1
4330,1
43300,0
43301,0
43302,0
43303,0
43304,1
43305,0
43306,1
43307,0
43308,1
43309,1
4331,1
43310,0
43311,0
43312,0
43313,0
43314,0
43315,0
43316,0
43317,0
43318,0
43319,0
4332,1
43320,1
43321,0
43322,1
43323,0
43324,0
43325,1
43326,1
43327,0
43328,1
43329,1
4333,1
43330,1
43331,0
43332,0
43333,1
43334,1
43335,0
43336,1
43337,1
43338,0
43339,1
4334,1
43340,1
43341,0
43342,1
43343,0
43344,1
43345,1
43346,0
43347,1
43348,0
43349,0
4335,1
43350,0
43351,1
43352,0
43353,1
43354,1
43355,0
43356,0
43357,0
43358,0
43359,0
4336,1
43360,0
43361,0
43362,0
43363,1
43364,1
43365,1
43366,1
43367,0
43368,0
43369,0
4337,1
43370,0
43371,0
43372,0
43373,0
43374,1
43375,0
43376,1
43377,0
43378,1
43379,0
4338,1
43380,0
43381,0
43382,0
43383,0
43384,0
43385,0
43386,0
43387,0
43388,1
43389,1
4339,1
43390,1
43391,1
43392,1
43393,1
43394,1
43395,0
43396,0
43397,1
43398,0
43399,0
434,1
4340,1
43400,1
43401,0
43402,0
43403,0
43404,1
43405,0
43406,0
43407,0
43408,0
43409,1
4341,1
43410,0
43411,1
43412,0
43413,1
43414,1
43415,0
43416,1
43417,0
43418,0
43419,0
4342,1
43420,0
43421,0
43422,0
43423,1
43424,1
43425,0
43426,1
43427,0
43428,0
43429,1
4343,1
43430,0
43431,0
43432,0
43433,0
43434,0
43435,0
43436,0
43437,0
43438,0
43439,1
4344,1
43440,0
43441,0
43442,0
43443,0
43444,1
43445,1
43446,0
43447,1
43448,0
43449,1
4345,1
43450,0
43451,0
43452,0
43453,0
43454,0
43455,0
43456,0
43457,1
43458,1
43459,1
4346,1
43460,0
43461,0
43462,0
43463,1
43464,0
43465,0
43466,1
43467,0
43468,0
43469,1
4347,1
43470,0
43471,0
43472,1
43473,0
43474,0
43475,0
43476,0
43477,0
43478,1
43479,1
4348,1
43480,0
43481,0
43482,0
43483,0
43484,0
43485,0
43486,0
43487,1
43488,0
43489,0
4349,1
43490,0
43491,1
43492,0
43493,1
43494,1
43495,0
43496,1
43497,1
43498,0
43499,0
435,1
4350,1
43500,0
43501,1
43502,0
43503,1
43504,0
43505,1
43506,0
43507,1
43508,0
43509,0
4351,1
43510,1
43511,0
43512,0
43513,0
43514,1
43515,1
43516,0
43517,0
43518,0
43519,1
4352,1
43520,1
43521,1
43522,0
43523,1
43524,0
43525,0
43526,0
43527,0
43528,1
43529,1
4353,1
43530,0
43531,1
43532,1
43533,1
43534,0
43535,1
43536,0
43537,1
43538,0
43539,0
4354,1
43540,0
43541,0
43542,1
43543,1
43544,0
43545,1
43546,0
43547,0
43548,0
43549,1
4355,1
43550,0
43551,1
43552,0
43553,0
43554,1
43555,1
43556,0
43557,0
43558,0
43559,0
4356,1
43560,1
43561,1
43562,0
43563,1
43564,1
43565,0
43566,0
43567,1
43568,0
43569,1
4357,1
43570,1
43571,0
43572,0
43573,1
43574,0
43575,0
43576,1
43577,1
43578,0
43579,0
4358,1
43580,0
43581,1
43582,0
43583,0
43584,0
43585,0
43586,1
43587,0
43588,1
43589,1
4359,1
43590,1
43591,1
43592,1
43593,1
43594,0
43595,0
43596,0
43597,1
43598,0
43599,0
436,1
4360,1
43600,1
43601,0
43602,0
43603,0
43604,1
43605,1
43606,1
43607,1
43608,0
43609,0
4361,1
43610,0
43611,0
43612,0
43613,1
43614,0
43615,1
43616,0
43617,0
43618,0
43619,0
4362,1
43620,0
43621,0
43622,0
43623,0
43624,0
43625,0
43626,0
43627,1
43628,1
43629,1
4363,1
43630,0
43631,0
43632,0
43633,1
43634,0
43635,0
43636,0
43637,0
43638,0
43639,0
4364,1
43640,1
43641,0
43642,0
43643,0
43644,1
43645,0
43646,1
43647,0
43648,0
43649,0
4365,1
43650,1
43651,0
43652,0
43653,0
43654,1
43655,1
43656,0
43657,1
43658,1
43659,1
4366,1
43660,0
43661,1
43662,1
43663,0
43664,1
43665,0
43666,1
43667,0
43668,0
43669,1
4367,1
43670,0
43671,1
43672,1
43673,1
43674,0
43675,0
43676,0
43677,1
43678,1
43679,1
4368,1
43680,1
43681,0
43682,0
43683,0
43684,0
43685,1
43686,1
43687,0
43688,1
43689,0
4369,1
43690,0
43691,0
43692,1
43693,1
43694,1
43695,1
43696,0
43697,1
43698,0
43699,0
437,1
4370,1
43700,1
43701,0
43702,0
43703,1
43704,1
43705,1
43706,1
43707,0
43708,1
43709,0
4371,1
43710,0
43711,1
43712,0
43713,0
43714,0
43715,1
43716,0
43717,1
43718,0
43719,1
4372,1
43720,1
43721,0
43722,0
43723,1
43724,1
43725,1
43726,0
43727,1
43728,1
43729,1
4373,1
43730,0
43731,0
43732,1
43733,0
43734,0
43735,1
43736,0
43737,1
43738,0
43739,0
4374,1
43740,0
43741,1
43742,1
43743,0
43744,0
43745,0
43746,1
43747,1
43748,1
43749,1
4375,1
43750,1
43751,1
43752,0
43753,1
43754,1
43755,0
43756,1
43757,1
43758,1
43759,0
4376,1
43760,0
43761,1
43762,1
43763,0
43764,1
43765,0
43766,1
43767,0
43768,0
43769,1
4377,1
43770,1
43771,0
43772,0
43773,1
43774,0
43775,1
43776,0
43777,0
43778,1
43779,1
4378,1
43780,0
43781,1
43782,0
43783,0
43784,0
43785,0
43786,1
43787,1
43788,0
43789,1
4379,1
43790,1
43791,0
43792,1
43793,0
43794,1
43795,1
43796,1
43797,0
43798,0
43799,0
438,1
4380,1
43800,0
43801,1
43802,1
43803,1
43804,0
43805,0
43806,1
43807,0
43808,0
43809,1
4381,1
43810,0
43811,0
43812,0
43813,0
43814,0
43815,1
43816,1
43817,1
43818,1
43819,1
4382,1
43820,0
43821,0
43822,0
43823,0
43824,0
43825,1
43826,0
43827,1
43828,0
43829,0
4383,1
43830,0
43831,1
43832,0
43833,1
43834,0
43835,0
43836,0
43837,1
43838,1
43839,1
4384,1
43840,1
43841,0
43842,0
43843,0
43844,1
43845,0
43846,0
43847,0
43848,1
43849,0
4385,1
43850,1
43851,0
43852,1
43853,0
43854,0
43855,0
43856,1
43857,1
43858,0
43859,0
4386,1
43860,1
43861,0
43862,1
43863,1
43864,0
43865,1
43866,0
43867,0
43868,0
43869,1
4387,1
43870,0
43871,0
43872,0
43873,1
43874,1
43875,0
43876,0
43877,1
43878,1
43879,1
4388,1
43880,0
43881,0
43882,0
43883,0
43884,0
43885,1
43886,1
43887,0
43888,1
43889,0
4389,1
43890,0
43891,0
43892,0
43893,1
43894,0
43895,1
43896,1
43897,0
43898,0
43899,1
439,1
4390,1
43900,1
43901,1
43902,1
43903,0
43904,0
43905,1
43906,0
43907,1
43908,1
43909,1
4391,1
43910,1
43911,0
43912,0
43913,1
43914,0
43915,0
43916,1
43917,1
43918,0
43919,0
4392,1
43920,1
43921,0
43922,0
43923,0
43924,0
43925,1
43926,0
43927,1
43928,0
43929,0
4393,1
43930,0
43931,1
43932,1
43933,1
43934,0
43935,0
43936,0
43937,0
43938,0
43939,0
4394,1
43940,0
43941,0
43942,1
43943,0
43944,0
43945,1
43946,0
43947,1
43948,0
43949,0
4395,1
43950,0
43951,0
43952,0
43953,0
43954,0
43955,0
43956,0
43957,0
43958,1
43959,0
4396,1
43960,1
43961,0
43962,0
43963,0
43964,0
43965,1
43966,0
43967,1
43968,0
43969,1
4397,1
43970,1
43971,0
43972,1
43973,0
43974,0
43975,0
43976,1
43977,1
43978,0
43979,1
4398,1
43980,0
43981,0
43982,1
43983,0
43984,1
43985,0
43986,1
43987,1
43988,1
43989,0
4399,1
43990,1
43991,0
43992,0
43993,0
43994,1
43995,1
43996,1
43997,0
43998,0
43999,0
44,1
440,1
4400,1
44000,0
44001,1
44002,0
44003,0
44004,1
44005,0
44006,1
44007,1
44008,0
44009,1
4401,1
44010,1
44011,0
44012,0
44013,0
44014,1
44015,1
44016,1
44017,1
44018,0
44019,0
4402,1
44020,1
44021,1
44022,0
44023,0
44024,1
44025,0
44026,0
44027,0
44028,0
44029,1
4403,1
44030,1
44031,0
44032,0
44033,0
44034,1
44035,1
44036,0
44037,1
44038,0
44039,0
4404,1
44040,0
44041,1
44042,0
44043,0
44044,0
44045,0
44046,0
44047,1
44048,0
44049,0
4405,1
44050,0
44051,0
44052,0
44053,1
44054,0
44055,1
44056,1
44057,0
44058,0
44059,1
4406,1
44060,1
44061,0
44062,1
44063,1
44064,0
44065,0
44066,1
44067,1
44068,1
44069,1
4407,1
44070,0
44071,0
44072,0
44073,0
44074,1
44075,1
44076,1
44077,1
44078,0
44079,0
4408,1
44080,0
44081,0
44082,1
44083,0
44084,0
44085,0
44086,0
44087,1
44088,0
44089,0
4409,1
44090,1
44091,1
44092,0
44093,1
44094,0
44095,0
44096,0
44097,0
44098,0
44099,1
441,1
4410,1
44100,1
44101,1
44102,1
44103,0
44104,0
44105,0
44106,1
44107,0
44108,0
44109,0
4411,1
44110,0
44111,1
44112,0
44113,1
44114,0
44115,0
44116,1
44117,1
44118,0
44119,0
4412,1
44120,1
44121,1
44122,1
44123,1
44124,0
44125,0
44126,1
44127,0
44128,1
44129,1
4413,1
44130,0
44131,0
44132,1
44133,1
44134,1
44135,1
44136,0
44137,1
44138,0
44139,0
4414,1
44140,0
44141,1
44142,0
44143,0
44144,0
44145,0
44146,0
44147,0
44148,1
44149,0
4415,1
44150,1
44151,1
44152,0
44153,0
44154,0
44155,0
44156,1
44157,1
44158,0
44159,0
4416,1
44160,1
44161,0
44162,1
44163,1
44164,1
44165,1
44166,1
44167,0
44168,0
44169,1
4417,1
44170,1
44171,0
44172,0
44173,0
44174,0
44175,1
44176,1
44177,0
44178,1
44179,0
4418,1
44180,1
44181,0
44182,1
44183,0
44184,1
44185,1
44186,0
44187,0
44188,0
44189,0
4419,1
44190,1
44191,0
44192,0
44193,0
44194,0
44195,1
44196,1
44197,1
44198,0
44199,0
442,1
4420,1
44200,1
44201,0
44202,0
44203,0
44204,0
44205,1
44206,0
44207,1
44208,0
44209,1
4421,1
44210,0
44211,0
44212,0
44213,0
44214,0
44215,0
44216,0
44217,0
44218,1
44219,0
4422,1
44220,0
44221,0
44222,1
44223,0
44224,0
44225,1
44226,1
44227,0
44228,0
44229,0
4423,1
44230,1
44231,0
44232,0
44233,1
44234,0
44235,0
44236,0
44237,1
44238,0
44239,1
4424,1
44240,0
44241,0
44242,0
44243,1
44244,1
44245,0
44246,0
44247,0
44248,0
44249,0
4425,1
44250,0
44251,1
44252,0
44253,0
44254,0
44255,1
44256,0
44257,1
44258,0
44259,0
4426,1
44260,0
44261,0
44262,0
44263,0
44264,0
44265,0
44266,0
44267,1
44268,1
44269,0
4427,1
44270,0
44271,1
44272,0
44273,0
44274,0
44275,0
44276,1
44277,0
44278,0
44279,1
4428,1
44280,1
44281,0
44282,0
44283,0
44284,0
44285,0
44286,1
44287,0
44288,0
44289,0
4429,1
44290,0
44291,0
44292,0
44293,1
44294,1
44295,0
44296,0
44297,1
44298,0
44299,1
443,1
4430,1
44300,0
44301,1
44302,1
44303,1
44304,0
44305,0
44306,0
44307,1
44308,0
44309,0
4431,1
44310,0
44311,0
44312,0
44313,1
44314,1
44315,1
44316,0
44317,1
44318,1
44319,1
4432,1
44320,1
44321,0
44322,1
44323,0
44324,0
44325,0
44326,0
44327,0
44328,0
44329,0
4433,1
44330,0
44331,0
44332,0
44333,1
44334,0
44335,0
44336,0
44337,1
44338,0
44339,0
4434,1
44340,1
44341,0
44342,0
44343,1
44344,1
44345,1
44346,0
44347,0
44348,1
44349,0
4435,1
44350,1
44351,1
44352,0
44353,0
44354,0
44355,0
44356,0
44357,1
44358,0
44359,0
4436,1
44360,0
44361,0
44362,0
44363,0
44364,0
44365,0
44366,0
44367,1
44368,1
44369,0
4437,1
44370,0
44371,0
44372,0
44373,1
44374,0
44375,0
44376,0
44377,0
44378,0
44379,0
4438,1
44380,0
44381,1
44382,0
44383,0
44384,0
44385,1
44386,0
44387,0
44388,0
44389,1
4439,1
44390,0
44391,1
44392,0
44393,0
44394,1
44395,1
44396,0
44397,1
44398,1
44399,1
444,1
4440,1
44400,0
44401,0
44402,1
44403,1
44404,0
44405,0
44406,0
44407,0
44408,0
44409,1
4441,1
44410,0
44411,1
44412,0
44413,0
44414,1
44415,0
44416,0
44417,1
44418,1
44419,0
4442,1
44420,1
44421,0
44422,0
44423,0
44424,1
44425,0
44426,0
44427,1
44428,1
44429,0
4443,1
44430,1
44431,1
44432,0
44433,1
44434,0
44435,1
44436,1
44437,0
44438,1
44439,1
4444,1
44440,1
44441,0
44442,1
44443,0
44444,1
44445,0
44446,1
44447,0
44448,0
44449,0
4445,1
44450,1
44451,1
44452,0
44453,0
44454,0
44455,1
44456,0
44457,0
44458,1
44459,0
4446,1
44460,0
44461,0
44462,1
44463,0
44464,0
44465,1
44466,1
44467,0
44468,1
44469,0
4447,1
44470,1
44471,1
44472,1
44473,0
44474,0
44475,0
44476,1
44477,1
44478,1
44479,0
4448,1
44480,1
44481,0
44482,1
44483,0
44484,1
44485,0
44486,0
44487,1
44488,0
44489,1
4449,1
44490,0
44491,0
44492,0
44493,0
44494,0
44495,1
44496,1
44497,0
44498,0
44499,0
445,1
4450,1
44500,0
44501,1
44502,1
44503,1
44504,0
44505,0
44506,1
44507,0
44508,0
44509,1
4451,1
44510,1
44511,1
44512,0
44513,0
44514,1
44515,1
44516,1
44517,0
44518,1
44519,0
4452,1
44520,0
44521,0
44522,0
44523,0
44524,0
44525,1
44526,0
44527,0
44528,0
44529,0
4453,1
44530,0
44531,0
44532,1
44533,0
44534,1
44535,0
44536,0
44537,1
44538,1
44539,0
4454,1
44540,1
44541,1
44542,0
44543,0
44544,0
44545,1
44546,0
44547,1
44548,0
44549,0
4455,1
44550,1
44551,0
44552,0
44553,0
44554,0
44555,0
44556,1
44557,0
44558,0
44559,0
4456,1
44560,0
44561,0
44562,0
44563,0
44564,0
44565,0
44566,1
44567,0
44568,1
44569,1
4457,1
44570,0
44571,0
44572,0
44573,0
44574,1
44575,0
44576,1
44577,1
44578,0
44579,0
4458,1
44580,0
44581,0
44582,1
44583,0
44584,0
44585,0
44586,0
44587,1
44588,1
44589,0
4459,1
44590,0
44591,1
44592,0
44593,1
44594,1
44595,0
44596,0
44597,1
44598,1
44599,1
446,0
4460,1
44600,0
44601,1
44602,1
44603,1
44604,0
44605,0
44606,0
44607,1
44608,0
44609,0
4461,1
44610,1
44611,0
44612,0
44613,1
44614,0
44615,0
44616,0
44617,1
44618,0
44619,0
4462,1
44620,1
44621,0
44622,0
44623,0
44624,1
44625,0
44626,1
44627,0
44628,1
44629,1
4463,1
44630,0
44631,0
44632,1
44633,0
44634,0
44635,0
44636,1
44637,0
44638,0
44639,0
4464,1
44640,0
44641,1
44642,0
44643,1
44644,0
44645,0
44646,0
44647,1
44648,1
44649,1
4465,1
44650,0
44651,0
44652,1
44653,0
44654,1
44655,0
44656,1
44657,0
44658,0
44659,1
4466,1
44660,1
44661,0
44662,0
44663,0
44664,1
44665,1
44666,1
44667,0
44668,1
44669,1
4467,1
44670,1
44671,1
44672,1
44673,1
44674,0
44675,1
44676,1
44677,0
44678,0
44679,0
4468,1
44680,1
44681,0
44682,0
44683,0
44684,1
44685,1
44686,0
44687,0
44688,1
44689,0
4469,1
44690,1
44691,0
44692,1
44693,1
44694,0
44695,0
44696,0
44697,0
44698,1
44699,0
447,1
4470,1
44700,0
44701,1
44702,0
44703,0
44704,1
44705,1
44706,0
44707,0
44708,1
44709,0
4471,1
44710,0
44711,0
44712,1
44713,0
44714,0
44715,1
44716,1
44717,0
44718,1
44719,1
4472,1
44720,0
44721,1
44722,1
44723,0
44724,0
44725,0
44726,1
44727,1
44728,1
44729,1
4473,1
44730,1
44731,0
44732,0
44733,0
44734,1
44735,0
44736,0
44737,1
44738,1
44739,1
4474,1
44740,0
44741,0
44742,1
44743,0
44744,1
44745,0
44746,1
44747,0
44748,1
44749,1
4475,1
44750,0
44751,0
44752,1
44753,0
44754,1
44755,0
44756,0
44757,1
44758,1
44759,1
4476,1
44760,1
44761,1
44762,1
44763,0
44764,0
44765,0
44766,1
44767,0
44768,0
44769,1
4477,1
44770,0
44771,0
44772,0
44773,0
44774,0
44775,1
44776,1
44777,0
44778,0
44779,0
4478,1
44780,0
44781,0
44782,1
44783,1
44784,0
44785,0
44786,1
44787,0
44788,1
44789,1
4479,1
44790,0
44791,1
44792,0
44793,0
44794,1
44795,0
44796,0
44797,0
44798,1
44799,0
448,1
4480,1
44800,1
44801,1
44802,0
44803,1
44804,0
44805,0
44806,0
44807,1
44808,0
44809,1
4481,1
44810,0
44811,0
44812,1
44813,0
44814,1
44815,0
44816,0
44817,1
44818,0
44819,0
4482,1
44820,0
44821,1
44822,0
44823,1
44824,1
44825,0
44826,0
44827,1
44828,0
44829,0
4483,1
44830,1
44831,1
44832,0
44833,1
44834,0
44835,0
44836,1
44837,0
44838,0
44839,0
4484,1
44840,0
44841,1
44842,0
44843,0
44844,1
44845,0
44846,0
44847,1
44848,1
44849,0
4485,1
44850,0
44851,1
44852,0
44853,0
44854,0
44855,1
44856,1
44857,0
44858,1
44859,0
4486,1
44860,1
44861,1
44862,0
44863,0
44864,0
44865,0
44866,0
44867,0
44868,0
44869,0
4487,1
44870,0
44871,0
44872,1
44873,1
44874,0
44875,1
44876,0
44877,1
44878,1
44879,1
4488,1
44880,0
44881,1
44882,0
44883,0
44884,0
44885,1
44886,1
44887,1
44888,1
44889,0
4489,1
44890,0
44891,0
44892,1
44893,0
44894,0
44895,0
44896,0
44897,0
44898,0
44899,0
449,1
4490,1
44900,0
44901,0
44902,0
44903,1
44904,1
44905,1
44906,1
44907,0
44908,0
44909,0
4491,1
44910,0
44911,0
44912,0
44913,0
44914,1
44915,1
44916,1
44917,1
44918,0
44919,1
4492,1
44920,1
44921,0
44922,1
44923,0
44924,1
44925,1
44926,0
44927,0
44928,1
44929,0
4493,1
44930,0
44931,1
44932,0
44933,0
44934,0
44935,0
44936,1
44937,1
44938,1
44939,0
4494,1
44940,0
44941,0
44942,0
44943,1
44944,0
44945,0
44946,1
44947,0
44948,0
44949,1
4495,1
44950,1
44951,1
44952,1
44953,0
44954,1
44955,0
44956,1
44957,1
44958,0
44959,0
4496,1
44960,0
44961,0
44962,0
44963,1
44964,1
44965,0
44966,1
44967,0
44968,0
44969,0
4497,1
44970,0
44971,0
44972,0
44973,0
44974,0
44975,1
44976,1
44977,0
44978,0
44979,0
4498,1
44980,0
44981,1
44982,0
44983,0
44984,0
44985,0
44986,1
44987,0
44988,1
44989,1
4499,1
44990,1
44991,0
44992,1
44993,1
44994,1
44995,0
44996,1
44997,1
44998,0
44999,1
45,1
450,1
4500,1
45000,1
45001,0
45002,1
45003,0
45004,0
45005,0
45006,0
45007,0
45008,0
45009,0
4501,1
45010,1
45011,1
45012,0
45013,0
45014,0
45015,1
45016,0
45017,1
45018,1
45019,0
4502,1
45020,1
45021,1
45022,1
45023,0
45024,0
45025,0
45026,0
45027,0
45028,1
45029,0
4503,1
45030,0
45031,1
45032,0
45033,0
45034,0
45035,0
45036,0
45037,1
45038,1
45039,0
4504,1
45040,0
45041,1
45042,0
45043,0
45044,0
45045,1
45046,1
45047,0
45048,1
45049,0
4505,1
45050,1
45051,1
45052,1
45053,1
45054,1
45055,0
45056,1
45057,0
45058,0
45059,0
4506,1
45060,1
45061,0
45062,1
45063,0
45064,0
45065,1
45066,1
45067,0
45068,0
45069,1
4507,1
45070,0
45071,1
45072,1
45073,0
45074,0
45075,1
45076,0
45077,0
45078,1
45079,0
4508,1
45080,0
45081,0
45082,0
45083,0
45084,0
45085,0
45086,0
45087,0
45088,0
45089,0
4509,1
45090,1
45091,1
45092,1
45093,1
45094,0
45095,0
45096,1
45097,0
45098,0
45099,0
451,1
4510,1
45100,0
45101,1
45102,0
45103,0
45104,0
45105,0
45106,1
45107,0
45108,1
45109,1
4511,1
45110,0
45111,0
45112,0
45113,0
45114,0
45115,1
45116,0
45117,1
45118,0
45119,0
4512,1
45120,0
45121,0
45122,1
45123,0
45124,0
45125,0
45126,0
45127,1
45128,1
45129,1
4513,1
45130,1
45131,0
45132,1
45133,0
45134,1
45135,0
45136,0
45137,0
45138,1
45139,0
4514,1
45140,1
45141,0
45142,0
45143,1
45144,1
45145,1
45146,1
45147,0
45148,0
45149,0
4515,1
45150,0
45151,0
45152,0
45153,0
45154,0
45155,0
45156,1
45157,0
45158,0
45159,1
4516,1
45160,0
45161,1
45162,1
45163,1
45164,1
45165,0
45166,1
45167,0
45168,0
45169,1
4517,1
45170,1
45171,0
45172,1
45173,0
45174,0
45175,0
45176,1
45177,1
45178,0
45179,0
4518,1
45180,0
45181,0
45182,0
45183,0
45184,0
45185,0
45186,0
45187,0
45188,0
45189,1
4519,1
45190,0
45191,1
45192,0
45193,0
45194,0
45195,1
45196,0
45197,0
45198,0
45199,1
452,1
4520,1
45200,0
45201,1
45202,0
45203,1
45204,1
45205,0
45206,0
45207,0
45208,0
45209,1
4521,1
45210,1
45211,0
45212,0
45213,1
45214,1
45215,0
45216,0
45217,0
45218,1
45219,0
4522,1
45220,0
45221,0
45222,1
45223,0
45224,0
45225,1
45226,1
45227,0
45228,0
45229,0
4523,1
45230,0
45231,0
45232,0
45233,0
45234,1
45235,0
45236,0
45237,0
45238,0
45239,1
4524,1
45240,0
45241,0
45242,1
45243,0
45244,0
45245,0
45246,1
45247,0
45248,0
45249,0
4525,1
45250,1
45251,0
45252,1
45253,0
45254,0
45255,0
45256,1
45257,0
45258,1
45259,0
4526,1
45260,0
45261,0
45262,1
45263,0
45264,1
45265,0
45266,1
45267,0
45268,0
45269,1
4527,1
45270,0
45271,0
45272,1
45273,0
45274,0
45275,0
45276,1
45277,0
45278,0
45279,1
4528,1
45280,0
45281,0
45282,1
45283,0
45284,1
45285,0
45286,1
45287,0
45288,0
45289,1
4529,1
45290,0
45291,0
45292,0
45293,0
45294,0
45295,0
45296,0
45297,1
45298,1
45299,0
453,1
4530,1
45300,1
45301,0
45302,0
45303,1
45304,1
45305,1
45306,0
45307,0
45308,0
45309,1
4531,1
45310,1
45311,0
45312,0
45313,1
45314,0
45315,0
45316,0
45317,1
45318,1
45319,0
4532,1
45320,0
45321,0
45322,1
45323,0
45324,0
45325,0
45326,0
45327,0
45328,0
45329,0
4533,1
45330,0
45331,1
45332,0
45333,1
45334,1
45335,1
45336,1
45337,0
45338,0
45339,0
4534,1
45340,0
45341,1
45342,0
45343,0
45344,0
45345,0
45346,0
45347,0
45348,1
45349,1
4535,1
45350,1
45351,0
45352,1
45353,1
45354,1
45355,0
45356,1
45357,0
45358,0
45359,1
4536,1
45360,0
45361,1
45362,0
45363,1
45364,0
45365,0
45366,0
45367,1
45368,0
45369,0
4537,1
45370,0
45371,1
45372,0
45373,1
45374,0
45375,0
45376,0
45377,0
45378,0
45379,1
4538,1
45380,0
45381,1
45382,0
45383,1
45384,1
45385,1
45386,0
45387,1
45388,0
45389,1
4539,1
45390,0
45391,0
45392,1
45393,0
45394,0
45395,1
45396,0
45397,0
45398,1
45399,1
454,1
4540,1
45400,0
45401,1
45402,1
45403,0
45404,1
45405,0
45406,1
45407,0
45408,0
45409,0
4541,1
45410,0
45411,0
45412,1
45413,0
45414,1
45415,0
45416,0
45417,1
45418,0
45419,0
4542,1
45420,0
45421,0
45422,1
45423,0
45424,1
45425,0
45426,0
45427,1
45428,0
45429,1
4543,1
45430,1
45431,0
45432,0
45433,0
45434,0
45435,1
45436,1
45437,1
45438,0
45439,0
4544,1
45440,1
45441,1
45442,0
45443,0
45444,0
45445,0
45446,1
45447,1
45448,0
45449,1
4545,1
45450,0
45451,0
45452,1
45453,0
45454,1
45455,0
45456,1
45457,1
45458,0
45459,0
4546,1
45460,0
45461,1
45462,0
45463,0
45464,1
45465,0
45466,0
45467,0
45468,0
45469,0
4547,1
45470,0
45471,1
45472,0
45473,0
45474,1
45475,0
45476,0
45477,0
45478,0
45479,0
4548,1
45480,0
45481,0
45482,1
45483,0
45484,1
45485,1
45486,0
45487,0
45488,1
45489,1
4549,1
45490,1
45491,1
45492,0
45493,0
45494,0
45495,1
45496,0
45497,0
45498,1
45499,0
455,1
4550,1
45500,0
45501,1
45502,0
45503,0
45504,1
45505,0
45506,0
45507,0
45508,1
45509,0
4551,1
45510,0
45511,0
45512,0
45513,0
45514,0
45515,1
45516,0
45517,0
45518,1
45519,0
4552,1
45520,0
45521,0
45522,0
45523,0
45524,1
45525,0
45526,0
45527,0
45528,1
45529,0
4553,1
45530,0
45531,1
45532,0
45533,0
45534,0
45535,0
45536,1
45537,0
45538,1
45539,0
4554,1
45540,0
45541,0
45542,0
45543,1
45544,0
45545,0
45546,0
45547,0
45548,1
45549,0
4555,1
45550,1
45551,0
45552,0
45553,0
45554,0
45555,0
45556,0
45557,0
45558,0
45559,0
4556,1
45560,0
45561,1
45562,0
45563,1
45564,0
45565,0
45566,1
45567,0
45568,1
45569,0
4557,0
45570,0
45571,1
45572,1
45573,0
45574,0
45575,0
45576,0
45577,0
45578,0
45579,0
4558,1
45580,0
45581,1
45582,1
45583,0
45584,1
45585,1
45586,1
45587,0
45588,1
45589,1
4559,1
45590,1
45591,1
45592,1
45593,0
45594,1
45595,1
45596,0
45597,0
45598,0
45599,0
456,1
4560,1
45600,1
45601,1
45602,0
45603,0
45604,1
45605,1
45606,0
45607,0
45608,0
45609,0
4561,1
45610,0
45611,0
45612,0
45613,1
45614,0
45615,1
45616,1
45617,0
45618,0
45619,0
4562,1
45620,1
45621,1
45622,1
45623,0
45624,0
45625,0
45626,1
45627,1
45628,0
45629,0
4563,1
45630,0
45631,0
45632,0
45633,0
45634,0
45635,1
45636,0
45637,0
45638,0
45639,0
4564,1
45640,0
45641,0
45642,0
45643,0
45644,1
45645,0
45646,0
45647,0
45648,0
45649,0
4565,1
45650,1
45651,1
45652,1
45653,0
45654,0
45655,0
45656,0
45657,0
45658,1
45659,0
4566,1
45660,1
45661,0
45662,1
45663,1
45664,1
45665,0
45666,0
45667,0
45668,0
45669,0
4567,1
45670,1
45671,1
45672,0
45673,1
45674,0
45675,0
45676,1
45677,1
45678,1
45679,0
4568,1
45680,0
45681,0
45682,0
45683,1
45684,0
45685,0
45686,0
45687,0
45688,1
45689,0
4569,1
45690,0
45691,1
45692,1
45693,0
45694,1
45695,0
45696,1
45697,0
45698,0
45699,0
457,1
4570,1
45700,1
45701,0
45702,0
45703,0
45704,0
45705,0
45706,1
45707,0
45708,1
45709,0
4571,1
45710,0
45711,1
45712,0
45713,1
45714,0
45715,0
45716,0
45717,1
45718,0
45719,0
4572,1
45720,0
45721,0
45722,0
45723,0
45724,0
45725,0
45726,0
45727,1
45728,1
45729,0
4573,1
45730,0
45731,1
45732,1
45733,0
45734,1
45735,1
45736,0
45737,0
45738,1
45739,1
4574,1
45740,0
45741,1
45742,0
45743,1
45744,1
45745,1
45746,1
45747,0
45748,0
45749,0
4575,1
45750,0
45751,0
45752,0
45753,0
45754,0
45755,0
45756,1
45757,0
45758,1
45759,0
4576,1
45760,1
45761,0
45762,1
45763,1
45764,1
45765,0
45766,0
45767,1
45768,1
45769,0
4577,1
45770,0
45771,0
45772,0
45773,0
45774,0
45775,1
45776,0
45777,0
45778,1
45779,0
4578,1
45780,0
45781,0
45782,0
45783,0
45784,0
45785,0
45786,0
45787,0
45788,0
45789,0
4579,1
45790,1
45791,0
45792,0
45793,0
45794,1
45795,0
45796,0
45797,0
45798,1
45799,0
458,1
4580,1
45800,0
45801,0
45802,1
45803,0
45804,1
45805,0
45806,0
45807,1
45808,1
45809,1
4581,1
45810,1
45811,0
45812,0
45813,0
45814,0
45815,0
45816,0
45817,1
45818,1
45819,0
4582,1
45820,0
45821,1
45822,0
45823,1
45824,1
45825,0
45826,0
45827,0
45828,0
45829,0
4583,1
45830,0
45831,0
45832,1
45833,1
45834,1
45835,1
45836,0
45837,0
45838,1
45839,0
4584,1
45840,1
45841,1
45842,0
45843,1
45844,1
45845,1
45846,0
45847,1
45848,1
45849,0
4585,1
45850,0
45851,0
45852,1
45853,0
45854,1
45855,0
45856,0
45857,0
45858,0
45859,1
4586,1
45860,0
45861,0
45862,1
45863,1
45864,0
45865,1
45866,1
45867,1
45868,0
45869,0
4587,1
45870,0
45871,0
45872,0
45873,0
45874,0
45875,0
45876,1
45877,0
45878,0
45879,0
4588,1
45880,0
45881,1
45882,0
45883,1
45884,0
45885,0
45886,1
45887,0
45888,1
45889,0
4589,1
45890,1
45891,0
45892,0
45893,0
45894,1
45895,1
45896,0
45897,0
45898,0
45899,1
459,1
4590,1
45900,1
45901,0
45902,1
45903,1
45904,0
45905,0
45906,1
45907,1
45908,0
45909,0
4591,1
45910,0
45911,1
45912,0
45913,0
45914,0
45915,0
45916,1
45917,1
45918,0
45919,0
4592,1
45920,1
45921,0
45922,0
45923,0
45924,1
45925,0
45926,0
45927,1
45928,1
45929,0
4593,1
45930,0
45931,0
45932,0
45933,1
45934,0
45935,1
45936,1
45937,0
45938,0
45939,1
4594,1
45940,1
45941,0
45942,0
45943,1
45944,0
45945,0
45946,0
45947,1
45948,0
45949,1
4595,1
45950,1
45951,0
45952,0
45953,0
45954,0
45955,0
45956,1
45957,1
45958,0
45959,0
4596,1
45960,0
45961,1
45962,1
45963,1
45964,0
45965,0
45966,1
45967,0
45968,0
45969,1
4597,1
45970,1
45971,1
45972,0
45973,0
45974,0
45975,0
45976,0
45977,0
45978,0
45979,1
4598,1
45980,0
45981,0
45982,0
45983,1
45984,1
45985,0
45986,0
45987,0
45988,1
45989,0
4599,1
45990,0
45991,1
45992,0
45993,0
45994,0
45995,0
45996,0
45997,1
45998,1
45999,0
46,1
460,1
4600,1
46000,0
46001,0
46002,0
46003,1
46004,0
46005,1
46006,1
46007,0
46008,0
46009,0
4601,1
46010,0
46011,0
46012,0
46013,0
46014,0
46015,1
46016,0
46017,0
46018,1
46019,0
4602,1
46020,0
46021,0
46022,0
46023,0
46024,1
46025,0
46026,1
46027,0
46028,0
46029,0
4603,1
46030,0
46031,1
46032,0
46033,0
46034,0
46035,0
46036,0
46037,0
46038,0
46039,0
4604,1
46040,0
46041,1
46042,0
46043,0
46044,0
46045,1
46046,0
46047,0
46048,0
46049,0
4605,1
46050,0
46051,0
46052,0
46053,0
46054,0
46055,0
46056,1
46057,0
46058,0
46059,1
4606,1
46060,1
46061,1
46062,0
46063,0
46064,1
46065,0
46066,0
46067,0
46068,0
46069,0
4607,1
46070,1
46071,0
46072,0
46073,0
46074,1
46075,0
46076,0
46077,0
46078,1
46079,0
4608,1
46080,0
46081,0
46082,1
46083,0
46084,0
46085,0
46086,0
46087,0
46088,0
46089,0
4609,1
46090,1
46091,0
46092,0
46093,0
46094,0
46095,0
46096,0
46097,0
46098,0
46099,1
461,1
4610,1
46100,0
46101,0
46102,0
46103,1
46104,1
46105,1
46106,1
46107,1
46108,0
46109,1
4611,1
46110,1
46111,0
46112,0
46113,0
46114,0
46115,0
46116,0
46117,0
46118,0
46119,0
4612,1
46120,0
46121,0
46122,0
46123,1
46124,1
46125,0
46126,0
46127,0
46128,1
46129,1
4613,1
46130,0
46131,0
46132,0
46133,0
46134,0
46135,0
46136,0
46137,1
46138,0
46139,0
4614,1
46140,0
46141,0
46142,1
46143,0
46144,0
46145,0
46146,1
46147,1
46148,0
46149,1
4615,1
46150,0
46151,0
46152,0
46153,0
46154,0
46155,1
46156,1
46157,0
46158,0
46159,0
4616,1
46160,1
46161,1
46162,0
46163,0
46164,1
46165,0
46166,0
46167,0
46168,0
46169,0
4617,1
46170,0
46171,1
46172,0
46173,0
46174,0
46175,0
46176,0
46177,0
46178,0
46179,1
4618,1
46180,0
46181,0
46182,1
46183,1
46184,1
46185,1
46186,0
46187,0
46188,0
46189,0
4619,1
46190,0
46191,0
46192,0
46193,0
46194,1
46195,0
46196,1
46197,1
46198,1
46199,0
462,1
4620,1
46200,0
46201,0
46202,1
46203,0
46204,1
46205,0
46206,0
46207,1
46208,1
46209,1
4621,1
46210,0
46211,0
46212,1
46213,0
46214,0
46215,0
46216,1
46217,0
46218,0
46219,0
4622,1
46220,1
46221,1
46222,0
46223,1
46224,0
46225,1
46226,1
46227,0
46228,1
46229,0
4623,1
46230,1
46231,0
46232,0
46233,1
46234,1
46235,1
46236,0
46237,0
46238,0
46239,0
4624,1
46240,0
46241,0
46242,1
46243,0
46244,1
46245,1
46246,1
46247,1
46248,1
46249,0
4625,1
46250,0
46251,1
46252,0
46253,0
46254,1
46255,1
46256,0
46257,0
46258,1
46259,1
4626,1
46260,0
46261,0
46262,1
46263,0
46264,0
46265,1
46266,0
46267,0
46268,1
46269,0
4627,1
46270,1
46271,0
46272,0
46273,0
46274,1
46275,1
46276,0
46277,0
46278,0
46279,0
4628,1
46280,1
46281,0
46282,0
46283,0
46284,0
46285,0
46286,0
46287,0
46288,1
46289,1
4629,1
46290,1
46291,1
46292,0
46293,1
46294,0
46295,0
46296,1
46297,0
46298,1
46299,0
463,1
4630,1
46300,0
46301,1
46302,1
46303,0
46304,0
46305,0
46306,0
46307,0
46308,0
46309,0
4631,1
46310,1
46311,0
46312,0
46313,1
46314,0
46315,1
46316,0
46317,0
46318,0
46319,0
4632,1
46320,0
46321,0
46322,0
46323,0
46324,1
46325,1
46326,1
46327,0
46328,1
46329,0
4633,1
46330,1
46331,1
46332,0
46333,0
46334,1
46335,0
46336,0
46337,0
46338,0
46339,1
4634,1
46340,0
46341,0
46342,1
46343,0
46344,0
46345,0
46346,0
46347,0
46348,0
46349,0
4635,1
46350,0
46351,0
46352,0
46353,0
46354,1
46355,0
46356,1
46357,0
46358,1
46359,1
4636,1
46360,0
46361,0
46362,0
46363,0
46364,0
46365,0
46366,0
46367,1
46368,0
46369,1
4637,1
46370,0
46371,0
46372,0
46373,1
46374,0
46375,1
46376,0
46377,0
46378,0
46379,0
4638,1
46380,0
46381,0
46382,0
46383,0
46384,0
46385,1
46386,0
46387,0
46388,1
46389,1
4639,1
46390,0
46391,1
46392,0
46393,0
46394,1
46395,0
46396,0
46397,0
46398,0
46399,0
464,1
4640,1
46400,0
46401,0
46402,0
46403,0
46404,0
46405,1
46406,1
46407,0
46408,0
46409,0
4641,1
46410,1
46411,1
46412,1
46413,1
46414,0
46415,0
46416,1
46417,0
46418,0
46419,0
4642,1
46420,0
46421,0
46422,0
46423,1
46424,0
46425,1
46426,1
46427,1
46428,1
46429,0
4643,1
46430,0
46431,0
46432,0
46433,1
46434,0
46435,0
46436,1
46437,0
46438,0
46439,0
4644,1
46440,0
46441,0
46442,0
46443,1
46444,0
46445,0
46446,1
46447,1
46448,1
46449,1
4645,1
46450,0
46451,0
46452,1
46453,1
46454,0
46455,1
46456,0
46457,0
46458,1
46459,0
4646,1
46460,0
46461,0
46462,0
46463,0
46464,0
46465,1
46466,0
46467,1
46468,0
46469,1
4647,1
46470,1
46471,1
46472,0
46473,0
46474,0
46475,0
46476,0
46477,0
46478,0
46479,0
4648,1
46480,1
46481,0
46482,1
46483,1
46484,0
46485,0
46486,0
46487,0
46488,0
46489,1
4649,1
46490,0
46491,0
46492,1
46493,0
46494,1
46495,0
46496,1
46497,0
46498,0
46499,1
465,1
4650,1
46500,0
46501,0
46502,0
46503,1
46504,0
46505,1
46506,0
46507,1
46508,1
46509,0
4651,1
46510,0
46511,1
46512,0
46513,0
46514,0
46515,0
46516,1
46517,0
46518,0
46519,1
4652,1
46520,0
46521,0
46522,0
46523,0
46524,0
46525,0
46526,1
46527,0
46528,0
46529,0
4653,1
46530,1
46531,1
46532,1
46533,0
46534,1
46535,0
46536,0
46537,0
46538,0
46539,1
4654,1
46540,0
46541,0
46542,1
46543,0
46544,0
46545,0
46546,1
46547,0
46548,1
46549,1
4655,1
46550,1
46551,0
46552,0
46553,1
46554,0
46555,1
46556,1
46557,0
46558,1
46559,0
4656,1
46560,1
46561,0
46562,1
46563,1
46564,0
46565,0
46566,0
46567,0
46568,0
46569,0
4657,1
46570,0
46571,0
46572,0
46573,0
46574,0
46575,1
46576,0
46577,1
46578,0
46579,1
4658,1
46580,0
46581,0
46582,0
46583,0
46584,1
46585,1
46586,1
46587,1
46588,0
46589,0
4659,1
46590,0
46591,1
46592,0
46593,0
46594,0
46595,1
46596,0
46597,1
46598,0
46599,1
466,1
4660,1
46600,1
46601,1
46602,0
46603,1
46604,0
46605,0
46606,0
46607,1
46608,0
46609,1
4661,1
46610,0
46611,0
46612,0
46613,1
46614,1
46615,1
46616,0
46617,1
46618,0
46619,1
4662,1
46620,0
46621,0
46622,0
46623,0
46624,1
46625,1
46626,1
46627,0
46628,0
46629,0
4663,1
46630,0
46631,0
46632,0
46633,1
46634,1
46635,1
46636,0
46637,0
46638,1
46639,1
4664,1
46640,0
46641,0
46642,0
46643,0
46644,0
46645,1
46646,0
46647,0
46648,1
46649,1
4665,1
46650,1
46651,0
46652,0
46653,0
46654,0
46655,1
46656,0
46657,1
46658,0
46659,1
4666,1
46660,1
46661,0
46662,1
46663,1
46664,0
46665,0
46666,0
46667,0
46668,1
46669,1
4667,1
46670,0
46671,0
46672,1
46673,0
46674,0
46675,0
46676,0
46677,0
46678,0
46679,0
4668,1
46680,1
46681,0
46682,1
46683,0
46684,0
46685,1
46686,1
46687,1
46688,0
46689,1
4669,1
46690,1
46691,1
46692,0
46693,0
46694,1
46695,1
46696,0
46697,0
46698,1
46699,1
467,1
4670,1
46700,0
46701,0
46702,1
46703,0
46704,0
46705,1
46706,1
46707,0
46708,0
46709,1
4671,1
46710,1
46711,1
46712,0
46713,0
46714,0
46715,0
46716,0
46717,1
46718,0
46719,0
4672,1
46720,0
46721,0
46722,0
46723,0
46724,0
46725,1
46726,0
46727,0
46728,0
46729,0
4673,1
46730,0
46731,0
46732,0
46733,1
46734,1
46735,0
46736,0
46737,0
46738,1
46739,1
4674,1
46740,0
46741,1
46742,0
46743,1
46744,1
46745,1
46746,1
46747,0
46748,0
46749,0
4675,1
46750,0
46751,0
46752,0
46753,1
46754,1
46755,1
46756,1
46757,0
46758,0
46759,0
4676,1
46760,0
46761,0
46762,0
46763,0
46764,1
46765,0
46766,0
46767,0
46768,1
46769,1
4677,1
46770,0
46771,0
46772,0
46773,1
46774,1
46775,0
46776,0
46777,0
46778,1
46779,0
4678,1
46780,0
46781,1
46782,0
46783,0
46784,0
46785,1
46786,1
46787,0
46788,0
46789,1
4679,1
46790,0
46791,0
46792,1
46793,0
46794,0
46795,0
46796,1
46797,1
46798,1
46799,1
468,1
4680,1
46800,1
46801,0
46802,1
46803,1
46804,0
46805,0
46806,0
46807,0
46808,1
46809,0
4681,1
46810,0
46811,0
46812,1
46813,0
46814,0
46815,0
46816,0
46817,0
46818,0
46819,0
4682,1
46820,1
46821,0
46822,1
46823,0
46824,1
46825,0
46826,0
46827,1
46828,1
46829,1
4683,1
46830,0
46831,1
46832,0
46833,0
46834,0
46835,0
46836,1
46837,1
46838,1
46839,0
4684,1
46840,0
46841,0
46842,1
46843,0
46844,0
46845,1
46846,1
46847,1
46848,0
46849,0
4685,1
46850,0
46851,0
46852,1
46853,0
46854,0
46855,0
46856,0
46857,0
46858,0
46859,1
4686,1
46860,1
46861,1
46862,1
46863,0
46864,0
46865,1
46866,0
46867,0
46868,0
46869,0
4687,1
46870,1
46871,0
46872,0
46873,0
46874,0
46875,1
46876,0
46877,0
46878,1
46879,0
4688,1
46880,1
46881,0
46882,1
46883,1
46884,0
46885,1
46886,0
46887,0
46888,1
46889,1
4689,1
46890,0
46891,0
46892,0
46893,0
46894,1
46895,1
46896,0
46897,0
46898,0
46899,1
469,1
4690,1
46900,0
46901,0
46902,0
46903,0
46904,1
46905,1
46906,0
46907,0
46908,0
46909,1
4691,1
46910,1
46911,1
46912,0
46913,0
46914,0
46915,0
46916,0
46917,1
46918,0
46919,1
4692,1
46920,1
46921,0
46922,1
46923,0
46924,0
46925,0
46926,1
46927,0
46928,0
46929,0
4693,1
46930,1
46931,0
46932,0
46933,1
46934,0
46935,0
46936,0
46937,1
46938,0
46939,0
4694,1
46940,1
46941,1
46942,0
46943,0
46944,0
46945,1
46946,1
46947,1
46948,0
46949,0
4695,1
46950,1
46951,0
46952,0
46953,0
46954,0
46955,0
46956,0
46957,0
46958,0
46959,0
4696,1
46960,0
46961,0
46962,1
46963,0
46964,1
46965,1
46966,1
46967,0
46968,0
46969,0
4697,1
46970,1
46971,1
46972,1
46973,0
46974,0
46975,1
46976,0
46977,0
46978,1
46979,0
4698,1
46980,0
46981,0
46982,0
46983,1
46984,1
46985,0
46986,0
46987,0
46988,0
46989,0
4699,1
46990,1
46991,0
46992,0
46993,0
46994,0
46995,0
46996,0
46997,1
46998,0
46999,0
47,1
470,1
4700,1
47000,1
47001,1
47002,1
47003,1
47004,0
47005,0
47006,0
47007,0
47008,0
47009,0
4701,1
47010,1
47011,1
47012,0
47013,0
47014,1
47015,0
47016,1
47017,0
47018,1
47019,1
4702,1
47020,1
47021,0
47022,0
47023,1
47024,1
47025,1
47026,0
47027,1
47028,0
47029,1
4703,1
47030,0
47031,1
47032,0
47033,1
47034,0
47035,0
47036,0
47037,0
47038,0
47039,1
4704,1
47040,1
47041,0
47042,0
47043,0
47044,0
47045,1
47046,0
47047,0
47048,0
47049,0
4705,1
47050,1
47051,0
47052,0
47053,0
47054,1
47055,0
47056,0
47057,0
47058,0
47059,0
4706,1
47060,1
47061,0
47062,1
47063,1
47064,1
47065,0
47066,1
47067,0
47068,0
47069,0
4707,1
47070,0
47071,1
47072,1
47073,0
47074,1
47075,1
47076,1
47077,0
47078,0
47079,0
4708,1
47080,0
47081,1
47082,1
47083,1
47084,0
47085,0
47086,0
47087,1
47088,1
47089,0
4709,1
47090,0
47091,0
47092,1
47093,1
47094,0
47095,1
47096,1
47097,1
47098,1
47099,0
471,1
4710,1
47100,0
47101,0
47102,1
47103,0
47104,0
47105,0
47106,1
47107,0
47108,1
47109,0
4711,1
47110,0
47111,1
47112,1
47113,0
47114,0
47115,0
47116,1
47117,1
47118,0
47119,0
4712,1
47120,0
47121,1
47122,0
47123,0
47124,1
47125,1
47126,0
47127,1
47128,1
47129,0
4713,1
47130,1
47131,0
47132,0
47133,1
47134,0
47135,1
47136,0
47137,1
47138,1
47139,0
4714,1
47140,1
47141,0
47142,0
47143,1
47144,1
47145,0
47146,0
47147,1
47148,1
47149,1
4715,1
47150,0
47151,1
47152,1
47153,0
47154,1
47155,0
47156,0
47157,1
47158,1
47159,1
4716,1
47160,0
47161,0
47162,0
47163,0
47164,0
47165,1
47166,0
47167,1
47168,1
47169,0
4717,1
47170,1
47171,1
47172,0
47173,0
47174,0
47175,0
47176,0
47177,1
47178,1
47179,0
4718,1
47180,0
47181,1
47182,0
47183,1
47184,1
47185,1
47186,0
47187,0
47188,0
47189,1
4719,1
47190,0
47191,0
47192,1
47193,0
47194,1
47195,0
47196,1
47197,1
47198,0
47199,0
472,1
4720,1
47200,1
47201,0
47202,1
47203,0
47204,0
47205,0
47206,1
47207,0
47208,1
47209,0
4721,1
47210,0
47211,1
47212,0
47213,0
47214,0
47215,0
47216,0
47217,0
47218,0
47219,1
4722,1
47220,0
47221,1
47222,1
47223,0
47224,0
47225,1
47226,0
47227,0
47228,1
47229,1
4723,1
47230,1
47231,1
47232,0
47233,0
47234,0
47235,0
47236,0
47237,0
47238,0
47239,1
4724,1
47240,1
47241,0
47242,1
47243,0
47244,1
47245,1
47246,0
47247,0
47248,1
47249,0
4725,1
47250,0
47251,0
47252,0
47253,1
47254,1
47255,0
47256,1
47257,0
47258,0
47259,0
4726,1
47260,1
47261,0
47262,0
47263,0
47264,0
47265,0
47266,1
47267,0
47268,0
47269,0
4727,1
47270,0
47271,1
47272,0
47273,0
47274,1
47275,0
47276,0
47277,0
47278,0
47279,0
4728,1
47280,1
47281,0
47282,0
47283,0
47284,0
47285,0
47286,0
47287,0
47288,0
47289,0
4729,1
47290,0
47291,1
47292,0
47293,1
47294,1
47295,0
47296,1
47297,0
47298,1
47299,1
473,1
4730,1
47300,0
47301,0
47302,1
47303,0
47304,0
47305,0
47306,0
47307,0
47308,0
47309,0
4731,1
47310,0
47311,0
47312,0
47313,1
47314,1
47315,0
47316,0
47317,0
47318,0
47319,1
4732,1
47320,1
47321,0
47322,0
47323,0
47324,0
47325,1
47326,0
47327,0
47328,0
47329,1
4733,1
47330,1
47331,0
47332,0
47333,0
47334,0
47335,0
47336,0
47337,0
47338,1
47339,0
4734,1
47340,0
47341,0
47342,1
47343,0
47344,0
47345,1
47346,0
47347,0
47348,0
47349,0
4735,1
47350,0
47351,1
47352,1
47353,0
47354,1
47355,0
47356,0
47357,0
47358,1
47359,0
4736,1
47360,0
47361,1
47362,0
47363,0
47364,1
47365,0
47366,0
47367,0
47368,1
47369,0
4737,1
47370,0
47371,0
47372,1
47373,0
47374,1
47375,0
47376,0
47377,0
47378,0
47379,1
4738,1
47380,0
47381,1
47382,1
47383,0
47384,0
47385,0
47386,0
47387,1
47388,0
47389,0
4739,1
47390,1
47391,0
47392,0
47393,0
47394,1
47395,0
47396,1
47397,0
47398,0
47399,1
474,1
4740,1
47400,0
47401,0
47402,1
47403,1
47404,0
47405,0
47406,1
47407,0
47408,1
47409,0
4741,1
47410,1
47411,0
47412,0
47413,0
47414,1
47415,1
47416,0
47417,1
47418,0
47419,1
4742,1
47420,1
47421,1
47422,0
47423,1
47424,1
47425,1
47426,0
47427,0
47428,0
47429,0
4743,1
47430,1
47431,0
47432,1
47433,0
47434,1
47435,0
47436,0
47437,1
47438,1
47439,0
4744,1
47440,1
47441,1
47442,0
47443,0
47444,0
47445,1
47446,1
47447,1
47448,0
47449,0
4745,1
47450,0
47451,0
47452,0
47453,1
47454,0
47455,0
47456,0
47457,0
47458,0
47459,0
4746,1
47460,0
47461,0
47462,1
47463,1
47464,1
47465,0
47466,1
47467,0
47468,0
47469,0
4747,1
47470,0
47471,1
47472,0
47473,0
47474,1
47475,0
47476,0
47477,0
47478,0
47479,1
4748,1
47480,0
47481,0
47482,0
47483,0
47484,0
47485,0
47486,1
47487,0
47488,0
47489,1
4749,1
47490,0
47491,0
47492,1
47493,0
47494,1
47495,1
47496,1
47497,0
47498,0
47499,1
475,1
4750,1
47500,0
47501,1
47502,1
47503,0
47504,0
47505,0
47506,0
47507,1
47508,1
47509,0
4751,1
47510,1
47511,0
47512,1
47513,0
47514,1
47515,1
47516,0
47517,1
47518,1
47519,1
4752,1
47520,0
47521,1
47522,1
47523,0
47524,0
47525,0
47526,0
47527,0
47528,1
47529,0
4753,1
47530,1
47531,0
47532,0
47533,0
47534,1
47535,1
47536,0
47537,0
47538,0
47539,0
4754,1
47540,0
47541,0
47542,0
47543,0
47544,0
47545,0
47546,1
47547,0
47548,0
47549,0
4755,1
47550,1
47551,0
47552,1
47553,0
47554,1
47555,0
47556,1
47557,0
47558,0
47559,1
4756,1
47560,0
47561,0
47562,1
47563,0
47564,0
47565,0
47566,0
47567,1
47568,0
47569,0
4757,1
47570,1
47571,1
47572,1
47573,0
47574,0
47575,0
47576,1
47577,1
47578,0
47579,0
4758,1
47580,0
47581,1
47582,0
47583,1
47584,1
47585,0
47586,0
47587,1
47588,1
47589,0
4759,1
47590,1
47591,1
47592,0
47593,0
47594,1
47595,0
47596,1
47597,0
47598,1
47599,1
476,1
4760,1
47600,0
47601,0
47602,0
47603,1
47604,1
47605,1
47606,0
47607,1
47608,0
47609,0
4761,1
47610,0
47611,1
47612,1
47613,0
47614,1
47615,0
47616,0
47617,1
47618,0
47619,0
4762,1
47620,0
47621,1
47622,1
47623,1
47624,1
47625,0
47626,0
47627,0
47628,1
47629,0
4763,1
47630,0
47631,0
47632,0
47633,0
47634,1
47635,1
47636,0
47637,1
47638,0
47639,1
4764,1
47640,0
47641,0
47642,1
47643,0
47644,0
47645,0
47646,0
47647,1
47648,1
47649,0
4765,1
47650,1
47651,0
47652,1
47653,0
47654,0
47655,0
47656,0
47657,1
47658,0
47659,0
4766,1
47660,1
47661,1
47662,1
47663,0
47664,1
47665,1
47666,0
47667,0
47668,1
47669,0
4767,1
47670,1
47671,0
47672,1
47673,0
47674,0
47675,1
47676,1
47677,1
47678,1
47679,0
4768,1
47680,0
47681,0
47682,0
47683,0
47684,0
47685,0
47686,1
47687,1
47688,0
47689,0
4769,1
47690,0
47691,1
47692,1
47693,1
47694,1
47695,0
47696,0
47697,0
47698,0
47699,1
477,1
4770,1
47700,0
47701,0
47702,1
47703,1
47704,0
47705,0
47706,1
47707,0
47708,1
47709,1
4771,1
47710,1
47711,0
47712,0
47713,0
47714,0
47715,1
47716,0
47717,1
47718,0
47719,0
4772,1
47720,0
47721,1
47722,0
47723,0
47724,1
47725,0
47726,0
47727,1
47728,1
47729,1
4773,1
47730,1
47731,0
47732,0
47733,0
47734,0
47735,0
47736,0
47737,1
47738,1
47739,1
4774,1
47740,1
47741,0
47742,1
47743,1
47744,1
47745,1
47746,1
47747,0
47748,0
47749,1
4775,1
47750,0
47751,0
47752,0
47753,0
47754,0
47755,1
47756,1
47757,0
47758,0
47759,0
4776,1
47760,0
47761,1
47762,1
47763,1
47764,0
47765,1
47766,1
47767,0
47768,0
47769,0
4777,1
47770,1
47771,0
47772,0
47773,1
47774,1
47775,1
47776,0
47777,0
47778,1
47779,1
4778,1
47780,0
47781,0
47782,1
47783,0
47784,1
47785,0
47786,0
47787,1
47788,1
47789,0
4779,1
47790,1
47791,0
47792,1
47793,1
47794,0
47795,0
47796,1
47797,0
47798,0
47799,0
478,1
4780,1
47800,0
47801,0
47802,1
47803,1
47804,0
47805,0
47806,0
47807,1
47808,0
47809,0
4781,1
47810,0
47811,0
47812,1
47813,0
47814,0
47815,1
47816,1
47817,0
47818,1
47819,0
4782,1
47820,1
47821,0
47822,0
47823,1
47824,0
47825,0
47826,0
47827,0
47828,0
47829,1
4783,1
47830,1
47831,0
47832,0
47833,0
47834,1
47835,0
47836,0
47837,0
47838,0
47839,0
4784,1
47840,1
47841,0
47842,1
47843,1
47844,0
47845,0
47846,0
47847,1
47848,0
47849,0
4785,1
47850,0
47851,0
47852,0
47853,0
47854,0
47855,1
47856,0
47857,1
47858,0
47859,0
4786,1
47860,1
47861,1
47862,0
47863,0
47864,0
47865,0
47866,1
47867,1
47868,1
47869,0
4787,1
47870,0
47871,0
47872,1
47873,1
47874,0
47875,0
47876,0
47877,0
47878,0
47879,0
4788,1
47880,1
47881,0
47882,1
47883,0
47884,0
47885,0
47886,0
47887,0
47888,1
47889,0
4789,1
47890,0
47891,1
47892,1
47893,1
47894,0
47895,0
47896,1
47897,0
47898,1
47899,0
479,1
4790,1
47900,0
47901,0
47902,1
47903,0
47904,1
47905,1
47906,0
47907,1
47908,1
47909,0
4791,1
47910,0
47911,0
47912,1
47913,0
47914,0
47915,0
47916,0
47917,0
47918,0
47919,0
4792,1
47920,0
47921,0
47922,1
47923,0
47924,0
47925,0
47926,0
47927,0
47928,0
47929,0
4793,1
47930,0
47931,0
47932,0
47933,0
47934,0
47935,0
47936,0
47937,1
47938,0
47939,0
4794,1
47940,1
47941,0
47942,1
47943,1
47944,1
47945,1
47946,1
47947,0
47948,1
47949,0
4795,1
47950,1
47951,0
47952,0
47953,1
47954,1
47955,1
47956,1
47957,0
47958,1
47959,1
4796,1
47960,1
47961,1
47962,0
47963,0
47964,0
47965,0
47966,0
47967,0
47968,1
47969,0
4797,1
47970,1
47971,1
47972,0
47973,0
47974,0
47975,0
47976,0
47977,0
47978,1
47979,1
4798,1
47980,1
47981,1
47982,1
47983,0
47984,0
47985,1
47986,1
47987,1
47988,0
47989,0
4799,1
47990,1
47991,0
47992,0
47993,0
47994,0
47995,1
47996,0
47997,1
47998,0
47999,1
48,1
480,1
4800,1
48000,0
48001,0
48002,0
48003,0
48004,1
48005,0
48006,0
48007,1
48008,1
48009,0
4801,1
48010,0
48011,0
48012,0
48013,1
48014,0
48015,0
48016,1
48017,0
48018,1
48019,1
4802,1
48020,0
48021,0
48022,1
48023,0
48024,0
48025,1
48026,0
48027,0
48028,0
48029,1
4803,1
48030,1
48031,0
48032,0
48033,0
48034,0
48035,0
48036,0
48037,0
48038,0
48039,0
4804,1
48040,1
48041,0
48042,0
48043,0
48044,0
48045,0
48046,1
48047,0
48048,0
48049,1
4805,1
48050,1
48051,1
48052,1
48053,1
48054,0
48055,0
48056,1
48057,0
48058,1
48059,1
4806,1
48060,0
48061,0
48062,1
48063,0
48064,1
48065,1
48066,0
48067,0
48068,1
48069,0
4807,1
48070,0
48071,0
48072,0
48073,0
48074,0
48075,0
48076,0
48077,0
48078,0
48079,0
4808,1
48080,0
48081,0
48082,1
48083,0
48084,0
48085,0
48086,0
48087,0
48088,0
48089,0
4809,1
48090,1
48091,1
48092,1
48093,1
48094,0
48095,0
48096,0
48097,1
48098,0
48099,0
481,1
4810,1
48100,1
48101,0
48102,0
48103,1
48104,1
48105,1
48106,1
48107,0
48108,0
48109,0
4811,1
48110,0
48111,0
48112,0
48113,0
48114,0
48115,0
48116,0
48117,0
48118,0
48119,0
4812,1
48120,0
48121,0
48122,0
48123,0
48124,1
48125,0
48126,0
48127,1
48128,1
48129,0
4813,1
48130,0
48131,1
48132,0
48133,0
48134,0
48135,0
48136,0
48137,0
48138,0
48139,0
4814,1
48140,0
48141,0
48142,0
48143,0
48144,0
48145,0
48146,1
48147,1
48148,0
48149,0
4815,1
48150,1
48151,0
48152,1
48153,0
48154,0
48155,1
48156,0
48157,0
48158,0
48159,0
4816,1
48160,0
48161,1
48162,0
48163,1
48164,0
48165,0
48166,0
48167,1
48168,1
48169,0
4817,1
48170,1
48171,0
48172,1
48173,0
48174,0
48175,0
48176,0
48177,0
48178,1
48179,0
4818,1
48180,0
48181,0
48182,1
48183,0
48184,0
48185,1
48186,0
48187,1
48188,0
48189,0
4819,1
48190,1
48191,0
48192,0
48193,0
48194,1
48195,1
48196,0
48197,0
48198,1
48199,0
482,1
4820,1
48200,1
48201,1
48202,0
48203,1
48204,1
48205,1
48206,0
48207,0
48208,0
48209,0
4821,1
48210,0
48211,0
48212,0
48213,0
48214,0
48215,0
48216,1
48217,0
48218,1
48219,1
4822,1
48220,0
48221,0
48222,1
48223,0
48224,0
48225,1
48226,0
48227,0
48228,1
48229,1
4823,1
48230,1
48231,1
48232,1
48233,1
48234,0
48235,1
48236,0
48237,1
48238,0
48239,0
4824,1
48240,0
48241,1
48242,1
48243,0
48244,1
48245,0
48246,0
48247,0
48248,1
48249,1
4825,1
48250,1
48251,0
48252,0
48253,0
48254,1
48255,0
48256,0
48257,1
48258,0
48259,1
4826,1
48260,0
48261,0
48262,0
48263,1
48264,0
48265,1
48266,0
48267,0
48268,0
48269,0
4827,1
48270,0
48271,0
48272,0
48273,0
48274,1
48275,0
48276,1
48277,1
48278,0
48279,0
4828,1
48280,0
48281,0
48282,1
48283,0
48284,0
48285,0
48286,0
48287,0
48288,1
48289,0
4829,1
48290,0
48291,0
48292,0
48293,0
48294,1
48295,0
48296,0
48297,0
48298,0
48299,0
483,1
4830,1
48300,1
48301,0
48302,0
48303,0
48304,0
48305,1
48306,1
48307,0
48308,0
48309,0
4831,1
48310,0
48311,1
48312,0
48313,1
48314,0
48315,0
48316,0
48317,0
48318,0
48319,0
4832,1
48320,1
48321,0
48322,0
48323,0
48324,1
48325,0
48326,1
48327,0
48328,1
48329,0
4833,1
48330,0
48331,0
48332,0
48333,0
48334,0
48335,0
48336,1
48337,1
48338,1
48339,0
4834,1
48340,0
48341,1
48342,1
48343,0
48344,1
48345,1
48346,0
48347,0
48348,0
48349,0
4835,1
48350,0
48351,0
48352,0
48353,0
48354,0
48355,0
48356,1
48357,1
48358,0
48359,1
4836,1
48360,0
48361,1
48362,0
48363,0
48364,1
48365,0
48366,0
48367,1
48368,1
48369,0
4837,1
48370,0
48371,1
48372,1
48373,0
48374,1
48375,0
48376,0
48377,0
48378,0
48379,0
4838,1
48380,0
48381,0
48382,0
48383,1
48384,1
48385,1
48386,0
48387,1
48388,0
48389,1
4839,1
48390,0
48391,0
48392,1
48393,1
48394,1
48395,1
48396,1
48397,0
48398,0
48399,0
484,1
4840,1
48400,0
48401,0
48402,0
48403,0
48404,0
48405,1
48406,1
48407,0
48408,1
48409,1
4841,1
48410,0
48411,0
48412,1
48413,0
48414,0
48415,1
48416,0
48417,1
48418,0
48419,0
4842,1
48420,0
48421,0
48422,1
48423,0
48424,0
48425,1
48426,0
48427,1
48428,0
48429,0
4843,1
48430,0
48431,0
48432,0
48433,0
48434,1
48435,1
48436,1
48437,0
48438,1
48439,0
4844,1
48440,0
48441,1
48442,0
48443,0
48444,0
48445,0
48446,0
48447,1
48448,1
48449,1
4845,1
48450,1
48451,0
48452,0
48453,0
48454,1
48455,0
48456,0
48457,0
48458,1
48459,1
4846,1
48460,0
48461,1
48462,1
48463,1
48464,1
48465,1
48466,0
48467,0
48468,0
48469,0
4847,1
48470,0
48471,0
48472,0
48473,0
48474,1
48475,0
48476,0
48477,0
48478,0
48479,0
4848,1
48480,1
48481,0
48482,0
48483,0
48484,0
48485,0
48486,1
48487,1
48488,0
48489,0
4849,1
48490,0
48491,1
48492,0
48493,0
48494,0
48495,1
48496,0
48497,1
48498,1
48499,0
485,1
4850,1
48500,1
48501,0
48502,1
48503,0
48504,0
48505,0
48506,0
48507,0
48508,1
48509,0
4851,1
48510,0
48511,1
48512,0
48513,1
48514,0
48515,0
48516,0
48517,0
48518,0
48519,1
4852,1
48520,0
48521,0
48522,0
48523,0
48524,0
48525,1
48526,1
48527,1
48528,0
48529,0
4853,1
48530,0
48531,1
48532,0
48533,1
48534,0
48535,0
48536,0
48537,0
48538,0
48539,0
4854,1
48540,0
48541,1
48542,0
48543,0
48544,1
48545,1
48546,1
48547,0
48548,1
48549,1
4855,1
48550,0
48551,0
48552,1
48553,1
48554,1
48555,1
48556,0
48557,1
48558,0
48559,0
4856,1
48560,0
48561,0
48562,1
48563,0
48564,1
48565,1
48566,0
48567,0
48568,1
48569,1
4857,1
48570,1
48571,1
48572,1
48573,1
48574,1
48575,0
48576,1
48577,1
48578,1
48579,0
4858,1
48580,0
48581,0
48582,1
48583,0
48584,0
48585,0
48586,0
48587,1
48588,0
48589,1
4859,1
48590,1
48591,1
48592,0
48593,1
48594,1
48595,0
48596,1
48597,0
48598,0
48599,1
486,1
4860,1
48600,1
48601,0
48602,1
48603,1
48604,0
48605,1
48606,0
48607,0
48608,0
48609,0
4861,1
48610,0
48611,1
48612,0
48613,0
48614,0
48615,0
48616,0
48617,0
48618,0
48619,1
4862,1
48620,0
48621,1
48622,1
48623,0
48624,0
48625,0
48626,0
48627,1
48628,0
48629,0
4863,1
48630,0
48631,1
48632,0
48633,1
48634,0
48635,0
48636,0
48637,1
48638,0
48639,1
4864,1
48640,0
48641,1
48642,0
48643,0
48644,0
48645,1
48646,0
48647,1
48648,0
48649,0
4865,1
48650,0
48651,1
48652,1
48653,0
48654,0
48655,0
48656,0
48657,0
48658,1
48659,0
4866,1
48660,0
48661,0
48662,1
48663,1
48664,0
48665,1
48666,1
48667,0
48668,0
48669,1
4867,1
48670,1
48671,0
48672,0
48673,0
48674,0
48675,1
48676,0
48677,0
48678,0
48679,1
4868,1
48680,0
48681,0
48682,0
48683,1
48684,0
48685,0
48686,0
48687,0
48688,0
48689,0
4869,1
48690,1
48691,1
48692,1
48693,1
48694,0
48695,0
48696,0
48697,0
48698,0
48699,0
487,1
4870,1
48700,1
48701,1
48702,0
48703,0
48704,0
48705,0
48706,0
48707,0
48708,0
48709,0
4871,1
48710,0
48711,1
48712,1
48713,1
48714,0
48715,1
48716,1
48717,0
48718,0
48719,0
4872,1
48720,0
48721,1
48722,0
48723,0
48724,1
48725,0
48726,1
48727,0
48728,1
48729,0
4873,1
48730,1
48731,1
48732,0
48733,1
48734,0
48735,1
48736,1
48737,1
48738,0
48739,0
4874,1
48740,0
48741,0
48742,1
48743,1
48744,0
48745,0
48746,0
48747,1
48748,0
48749,0
4875,1
48750,0
48751,1
48752,1
48753,0
48754,0
48755,0
48756,1
48757,0
48758,1
48759,0
4876,1
48760,1
48761,1
48762,1
48763,1
48764,1
48765,0
48766,1
48767,0
48768,0
48769,0
4877,1
48770,0
48771,0
48772,1
48773,0
48774,1
48775,0
48776,0
48777,0
48778,0
48779,1
4878,1
48780,1
48781,0
48782,0
48783,0
48784,0
48785,1
48786,1
48787,0
48788,1
48789,0
4879,1
48790,1
48791,1
48792,0
48793,0
48794,1
48795,1
48796,1
48797,0
48798,0
48799,0
488,1
4880,1
48800,0
48801,1
48802,0
48803,0
48804,0
48805,0
48806,0
48807,0
48808,0
48809,0
4881,1
48810,1
48811,0
48812,0
48813,0
48814,0
48815,0
48816,0
48817,0
48818,0
48819,0
4882,1
48820,1
48821,0
48822,0
48823,0
48824,1
48825,1
48826,1
48827,1
48828,0
48829,1
4883,1
48830,0
48831,1
48832,1
48833,0
48834,0
48835,1
48836,1
48837,1
48838,1
48839,0
4884,1
48840,1
48841,0
48842,0
48843,0
48844,0
48845,0
48846,1
48847,0
48848,0
48849,0
4885,1
48850,0
48851,0
48852,0
48853,1
48854,1
48855,0
48856,0
48857,1
48858,0
48859,0
4886,1
48860,1
48861,0
48862,1
48863,1
48864,1
48865,1
48866,1
48867,1
48868,0
48869,1
4887,1
48870,0
48871,0
48872,1
48873,1
48874,1
48875,0
48876,1
48877,0
48878,1
48879,0
4888,1
48880,0
48881,1
48882,0
48883,0
48884,1
48885,0
48886,1
48887,0
48888,0
48889,1
4889,1
48890,0
48891,0
48892,1
48893,0
48894,1
48895,1
48896,0
48897,0
48898,0
48899,1
489,1
4890,1
48900,1
48901,1
48902,0
48903,0
48904,1
48905,1
48906,0
48907,0
48908,0
48909,0
4891,1
48910,0
48911,1
48912,0
48913,0
48914,1
48915,0
48916,0
48917,0
48918,0
48919,1
4892,1
48920,1
48921,0
48922,1
48923,1
48924,0
48925,1
48926,1
48927,1
48928,0
48929,0
4893,1
48930,1
48931,1
48932,0
48933,1
48934,0
48935,0
48936,0
48937,0
48938,1
48939,0
4894,1
48940,0
48941,0
48942,0
48943,1
48944,1
48945,1
48946,1
48947,0
48948,1
48949,0
4895,1
48950,0
48951,0
48952,0
48953,1
48954,0
48955,1
48956,0
48957,1
48958,1
48959,1
4896,1
48960,0
48961,0
48962,0
48963,0
48964,1
48965,1
48966,1
48967,1
48968,0
48969,0
4897,1
48970,0
48971,0
48972,1
48973,0
48974,1
48975,1
48976,0
48977,1
48978,1
48979,1
4898,1
48980,0
48981,0
48982,1
48983,1
48984,0
48985,1
48986,1
48987,0
48988,1
48989,0
4899,1
48990,0
48991,0
48992,0
48993,1
48994,0
48995,1
48996,0
48997,0
48998,0
48999,0
49,1
490,1
4900,1
49000,0
49001,1
49002,0
49003,0
49004,0
49005,1
49006,0
49007,0
49008,0
49009,0
4901,1
49010,0
49011,1
49012,0
49013,1
49014,0
49015,1
49016,0
49017,0
49018,1
49019,0
4902,1
49020,1
49021,1
49022,0
49023,0
49024,0
49025,0
49026,1
49027,1
49028,0
49029,0
4903,1
49030,1
49031,0
49032,0
49033,0
49034,1
49035,0
49036,1
49037,1
49038,0
49039,0
4904,1
49040,0
49041,0
49042,0
49043,0
49044,1
49045,0
49046,0
49047,1
49048,0
49049,1
4905,1
49050,1
49051,0
49052,0
49053,0
49054,1
49055,0
49056,1
49057,0
49058,0
49059,0
4906,1
49060,1
49061,0
49062,0
49063,0
49064,0
49065,0
49066,0
49067,0
49068,0
49069,1
4907,1
49070,1
49071,0
49072,0
49073,1
49074,0
49075,0
49076,0
49077,0
49078,0
49079,1
4908,1
49080,1
49081,1
49082,0
49083,1
49084,1
49085,1
49086,0
49087,0
49088,0
49089,0
4909,1
49090,1
49091,1
49092,1
49093,0
49094,0
49095,1
49096,0
49097,1
49098,0
49099,0
491,1
4910,1
49100,0
49101,0
49102,0
49103,1
49104,0
49105,1
49106,0
49107,1
49108,0
49109,0
4911,1
49110,0
49111,1
49112,0
49113,1
49114,0
49115,1
49116,0
49117,0
49118,0
49119,1
4912,1
49120,0
49121,0
49122,0
49123,0
49124,1
49125,0
49126,1
49127,1
49128,0
49129,1
4913,1
49130,0
49131,1
49132,1
49133,0
49134,1
49135,0
49136,1
49137,0
49138,1
49139,0
4914,1
49140,1
49141,0
49142,0
49143,0
49144,0
49145,0
49146,0
49147,0
49148,0
49149,0
4915,1
49150,0
49151,1
49152,0
49153,1
49154,0
49155,1
49156,0
49157,1
49158,0
49159,0
4916,1
49160,1
49161,1
49162,0
49163,0
49164,1
49165,1
49166,0
49167,0
49168,1
49169,0
4917,1
49170,0
49171,0
49172,0
49173,0
49174,1
49175,0
49176,0
49177,0
49178,0
49179,0
4918,1
49180,1
49181,1
49182,0
49183,1
49184,1
49185,0
49186,0
49187,0
49188,1
49189,0
4919,1
49190,0
49191,0
49192,0
49193,0
49194,0
49195,0
49196,1
49197,1
49198,0
49199,1
492,1
4920,1
49200,0
49201,0
49202,0
49203,1
49204,1
49205,0
49206,0
49207,1
49208,0
49209,1
4921,1
49210,1
49211,0
49212,1
49213,1
49214,0
49215,0
49216,1
49217,0
49218,0
49219,0
4922,1
49220,0
49221,0
49222,1
49223,0
49224,1
49225,0
49226,0
49227,0
49228,0
49229,0
4923,1
49230,0
49231,0
49232,0
49233,1
49234,0
49235,0
49236,1
49237,0
49238,0
49239,0
4924,1
49240,0
49241,1
49242,0
49243,0
49244,0
49245,0
49246,1
49247,0
49248,0
49249,1
4925,1
49250,0
49251,1
49252,0
49253,0
49254,0
49255,0
49256,1
49257,1
49258,0
49259,1
4926,1
49260,0
49261,0
49262,0
49263,0
49264,1
49265,1
49266,1
49267,0
49268,0
49269,1
4927,1
49270,0
49271,0
49272,1
49273,1
49274,0
49275,0
49276,0
49277,0
49278,0
49279,0
4928,1
49280,1
49281,0
49282,1
49283,1
49284,1
49285,0
49286,0
49287,0
49288,0
49289,0
4929,1
49290,0
49291,1
49292,1
49293,1
49294,1
49295,0
49296,0
49297,0
49298,0
49299,0
493,1
4930,1
49300,0
49301,0
49302,0
49303,1
49304,0
49305,1
49306,1
49307,1
49308,0
49309,0
4931,1
49310,1
49311,1
49312,0
49313,0
49314,0
49315,0
49316,0
49317,0
49318,1
49319,0
4932,1
49320,0
49321,0
49322,0
49323,0
49324,1
49325,1
49326,0
49327,1
49328,0
49329,0
4933,1
49330,1
49331,0
49332,0
49333,1
49334,1
49335,1
49336,0
49337,1
49338,1
49339,0
4934,1
49340,0
49341,1
49342,0
49343,0
49344,0
49345,0
49346,1
49347,1
49348,0
49349,0
4935,1
49350,0
49351,0
49352,1
49353,1
49354,0
49355,0
49356,0
49357,0
49358,1
49359,0
4936,1
49360,1
49361,1
49362,1
49363,0
49364,1
49365,1
49366,0
49367,1
49368,0
49369,0
4937,1
49370,0
49371,0
49372,0
49373,0
49374,0
49375,0
49376,0
49377,0
49378,1
49379,0
4938,1
49380,0
49381,0
49382,0
49383,1
49384,1
49385,1
49386,0
49387,0
49388,0
49389,0
4939,1
49390,0
49391,0
49392,1
49393,1
49394,0
49395,0
49396,0
49397,0
49398,1
49399,1
494,1
4940,1
49400,1
49401,1
49402,0
49403,1
49404,0
49405,0
49406,0
49407,1
49408,0
49409,0
4941,1
49410,0
49411,0
49412,0
49413,0
49414,0
49415,0
49416,0
49417,0
49418,0
49419,0
4942,1
49420,0
49421,0
49422,0
49423,1
49424,0
49425,0
49426,0
49427,1
49428,0
49429,0
4943,1
49430,0
49431,0
49432,0
49433,1
49434,1
49435,0
49436,0
49437,1
49438,0
49439,0
4944,1
49440,0
49441,0
49442,0
49443,1
49444,0
49445,0
49446,0
49447,0
49448,1
49449,0
4945,1
49450,0
49451,0
49452,0
49453,1
49454,0
49455,0
49456,0
49457,1
49458,0
49459,1
4946,1
49460,0
49461,0
49462,1
49463,0
49464,0
49465,0
49466,0
49467,0
49468,1
49469,1
4947,1
49470,1
49471,1
49472,1
49473,0
49474,0
49475,1
49476,1
49477,1
49478,0
49479,0
4948,1
49480,0
49481,1
49482,1
49483,0
49484,0
49485,1
49486,0
49487,0
49488,1
49489,0
4949,1
49490,1
49491,0
49492,1
49493,0
49494,0
49495,0
49496,0
49497,0
49498,0
49499,0
495,1
4950,1
49500,1
49501,0
49502,1
49503,0
49504,0
49505,1
49506,0
49507,0
49508,0
49509,0
4951,1
49510,1
49511,0
49512,1
49513,0
49514,0
49515,0
49516,0
49517,1
49518,0
49519,0
4952,1
49520,1
49521,0
49522,1
49523,0
49524,0
49525,1
49526,0
49527,1
49528,0
49529,1
4953,1
49530,1
49531,0
49532,0
49533,1
49534,0
49535,0
49536,0
49537,1
49538,0
49539,0
4954,1
49540,1
49541,0
49542,1
49543,0
49544,0
49545,1
49546,1
49547,0
49548,1
49549,0
4955,1
49550,0
49551,1
49552,0
49553,1
49554,0
49555,0
49556,1
49557,0
49558,0
49559,0
4956,1
49560,0
49561,1
49562,1
49563,0
49564,0
49565,0
49566,0
49567,0
49568,1
49569,0
4957,1
49570,0
49571,0
49572,0
49573,1
49574,1
49575,0
49576,0
49577,0
49578,0
49579,0
4958,1
49580,0
49581,1
49582,1
49583,0
49584,0
49585,1
49586,1
49587,1
49588,0
49589,0
4959,1
49590,0
49591,1
49592,0
49593,0
49594,0
49595,1
49596,1
49597,0
49598,0
49599,0
496,1
4960,1
49600,0
49601,1
49602,1
49603,0
49604,1
49605,1
49606,0
49607,0
49608,1
49609,0
4961,1
49610,1
49611,1
49612,0
49613,0
49614,0
49615,1
49616,0
49617,0
49618,0
49619,1
4962,1
49620,1
49621,1
49622,1
49623,0
49624,0
49625,0
49626,1
49627,1
49628,0
49629,0
4963,1
49630,1
49631,0
49632,1
49633,0
49634,1
49635,0
49636,1
49637,0
49638,1
49639,0
4964,1
49640,0
49641,0
49642,0
49643,0
49644,0
49645,0
49646,1
49647,0
49648,0
49649,0
4965,1
49650,0
49651,0
49652,1
49653,0
49654,0
49655,0
49656,1
49657,0
49658,1
49659,1
4966,1
49660,0
49661,0
49662,0
49663,0
49664,1
49665,1
49666,0
49667,1
49668,0
49669,1
4967,1
49670,0
49671,1
49672,0
49673,1
49674,0
49675,1
49676,0
49677,0
49678,1
49679,0
4968,1
49680,0
49681,0
49682,1
49683,0
49684,0
49685,0
49686,1
49687,0
49688,0
49689,0
4969,1
49690,1
49691,0
49692,1
49693,1
49694,0
49695,0
49696,1
49697,0
49698,0
49699,0
497,1
4970,1
49700,0
49701,0
49702,0
49703,0
49704,0
49705,0
49706,1
49707,1
49708,1
49709,0
4971,1
49710,1
49711,0
49712,0
49713,0
49714,1
49715,1
49716,0
49717,1
49718,0
49719,1
4972,1
49720,1
49721,0
49722,0
49723,0
49724,0
49725,1
49726,0
49727,0
49728,0
49729,1
4973,1
49730,0
49731,1
49732,0
49733,0
49734,1
49735,1
49736,1
49737,0
49738,0
49739,0
4974,1
49740,1
49741,0
49742,1
49743,0
49744,1
49745,1
49746,0
49747,0
49748,1
49749,1
4975,1
49750,0
49751,0
49752,1
49753,1
49754,0
49755,1
49756,1
49757,1
49758,1
49759,0
4976,1
49760,1
49761,1
49762,1
49763,1
49764,0
49765,0
49766,0
49767,0
49768,0
49769,1
4977,1
49770,1
49771,0
49772,0
49773,0
49774,0
49775,1
49776,0
49777,0
49778,0
49779,1
4978,1
49780,1
49781,1
49782,0
49783,0
49784,0
49785,1
49786,0
49787,0
49788,0
49789,0
4979,1
49790,1
49791,0
49792,0
49793,0
49794,0
49795,0
49796,1
49797,1
49798,0
49799,1
498,1
4980,1
49800,0
49801,1
49802,0
49803,0
49804,0
49805,0
49806,0
49807,0
49808,0
49809,0
4981,1
49810,0
49811,0
49812,0
49813,0
49814,1
49815,0
49816,0
49817,1
49818,1
49819,1
4982,1
49820,1
49821,1
49822,0
49823,0
49824,0
49825,1
49826,0
49827,0
49828,1
49829,0
4983,1
49830,0
49831,0
49832,0
49833,0
49834,0
49835,0
49836,0
49837,0
49838,1
49839,0
4984,1
49840,0
49841,0
49842,1
49843,0
49844,0
49845,0
49846,0
49847,0
49848,1
49849,1
4985,1
49850,0
49851,0
49852,1
49853,0
49854,1
49855,1
49856,0
49857,0
49858,0
49859,0
4986,1
49860,0
49861,1
49862,1
49863,1
49864,0
49865,0
49866,1
49867,0
49868,0
49869,1
4987,1
49870,1
49871,0
49872,0
49873,1
49874,0
49875,0
49876,0
49877,1
49878,0
49879,0
4988,1
49880,0
49881,1
49882,1
49883,0
49884,0
49885,0
49886,1
49887,0
49888,0
49889,0
4989,1
49890,0
49891,0
49892,0
49893,0
49894,0
49895,1
49896,0
49897,1
49898,0
49899,0
499,1
4990,1
49900,1
49901,0
49902,0
49903,1
49904,0
49905,1
49906,1
49907,0
49908,1
49909,0
4991,1
49910,0
49911,0
49912,0
49913,1
49914,0
49915,0
49916,0
49917,0
49918,0
49919,0
4992,1
49920,1
49921,0
49922,0
49923,1
49924,0
49925,1
49926,0
49927,0
49928,0
49929,1
4993,1
49930,1
49931,0
49932,1
49933,1
49934,0
49935,1
49936,1
49937,1
49938,0
49939,1
4994,1
49940,1
49941,0
49942,0
49943,1
49944,0
49945,0
49946,1
49947,0
49948,0
49949,0
4995,1
49950,0
49951,1
49952,0
49953,0
49954,0
49955,0
49956,1
49957,1
49958,0
49959,1
4996,1
49960,1
49961,1
49962,1
49963,0
49964,0
49965,0
49966,1
49967,0
49968,1
49969,0
4997,1
49970,0
49971,0
49972,0
49973,0
49974,0
49975,1
49976,0
49977,1
49978,0
49979,1
4998,1
49980,0
49981,0
49982,1
49983,0
49984,0
49985,0
49986,0
49987,0
49988,0
49989,0
4999,1
49990,0
49991,1
49992,0
49993,0
49994,1
49995,1
49996,0
49997,0
49998,0
49999,0
5,0
50,1
500,1
5000,1
50000,0
50001,0
50002,1
50003,0
50004,0
50005,0
50006,1
50007,0
50008,1
50009,0
5001,1
50010,1
50011,1
50012,0
50013,0
50014,0
50015,0
50016,0
50017,0
50018,0
50019,0
5002,1
50020,0
50021,0
50022,0
50023,1
50024,1
50025,0
50026,1
50027,1
50028,1
50029,1
5003,1
50030,0
50031,0
50032,0
50033,0
50034,1
50035,0
50036,1
50037,1
50038,1
50039,0
5004,1
50040,0
50041,1
50042,0
50043,0
50044,1
50045,0
50046,0
50047,1
50048,0
50049,1
5005,1
50050,0
50051,1
50052,0
50053,0
50054,0
50055,0
50056,0
50057,0
50058,0
50059,0
5006,1
50060,1
50061,0
50062,1
50063,1
50064,0
50065,0
50066,1
50067,1
50068,0
50069,0
5007,1
50070,0
50071,0
50072,0
50073,0
50074,1
50075,1
50076,1
50077,1
50078,0
50079,0
5008,1
50080,0
50081,1
50082,1
50083,1
50084,1
50085,0
50086,0
50087,0
50088,0
50089,1
5009,1
50090,1
50091,0
50092,0
50093,1
50094,1
50095,0
50096,0
50097,1
50098,1
50099,0
501,1
5010,1
50100,1
50101,1
50102,0
50103,1
50104,0
50105,0
50106,0
50107,0
50108,1
50109,1
5011,1
50110,1
50111,0
50112,1
50113,1
50114,1
50115,0
50116,0
50117,0
50118,0
50119,1
5012,1
50120,0
50121,0
50122,0
50123,0
50124,1
50125,0
50126,0
50127,1
50128,0
50129,0
5013,1
50130,1
50131,0
50132,1
50133,0
50134,1
50135,1
50136,0
50137,1
50138,0
50139,0
5014,0
50140,1
50141,0
50142,1
50143,0
50144,0
50145,0
50146,0
50147,1
50148,0
50149,0
5015,1
50150,0
50151,1
50152,0
50153,0
50154,0
50155,0
50156,0
50157,1
50158,0
50159,1
5016,1
50160,0
50161,1
50162,0
50163,0
50164,0
50165,0
50166,0
50167,1
50168,1
50169,0
5017,1
50170,0
50171,1
50172,0
50173,0
50174,0
50175,0
50176,0
50177,0
50178,0
50179,0
5018,1
50180,1
50181,0
50182,1
50183,0
50184,1
50185,1
50186,0
50187,0
50188,0
50189,0
5019,1
50190,0
50191,1
50192,0
50193,1
50194,0
50195,1
50196,1
50197,0
50198,0
50199,0
502,1
5020,1
50200,1
50201,1
50202,0
50203,0
50204,0
50205,0
50206,1
50207,1
50208,1
50209,0
5021,1
50210,0
50211,0
50212,0
50213,0
50214,0
50215,0
50216,0
50217,0
50218,0
50219,0
5022,1
50220,0
50221,1
50222,1
50223,1
50224,0
50225,0
50226,0
50227,1
50228,0
50229,0
5023,1
50230,0
50231,0
50232,1
50233,0
50234,0
50235,0
50236,0
50237,0
50238,0
50239,0
5024,1
50240,1
50241,0
50242,0
50243,0
50244,0
50245,0
50246,1
50247,0
50248,0
50249,0
5025,1
50250,0
50251,1
50252,1
50253,0
50254,0
50255,0
50256,1
50257,0
50258,0
50259,0
5026,1
50260,0
50261,0
50262,0
50263,0
50264,0
50265,0
50266,0
50267,0
50268,0
50269,0
5027,1
50270,1
50271,0
50272,1
50273,0
50274,0
50275,0
50276,1
50277,1
50278,1
50279,0
5028,1
50280,1
50281,0
50282,0
50283,1
50284,1
50285,0
50286,1
50287,0
50288,0
50289,0
5029,1
50290,0
50291,0
50292,0
50293,1
50294,1
50295,1
50296,0
50297,0
50298,0
50299,1
503,1
5030,1
50300,0
50301,0
50302,1
50303,1
50304,0
50305,1
50306,1
50307,0
50308,0
50309,0
5031,1
50310,0
50311,0
50312,1
50313,1
50314,0
50315,0
50316,0
50317,0
50318,1
50319,0
5032,1
50320,1
50321,1
50322,0
50323,0
50324,0
50325,0
50326,0
50327,0
50328,1
50329,0
5033,1
50330,0
50331,1
50332,0
50333,1
50334,0
50335,0
50336,0
50337,0
50338,0
50339,1
5034,1
50340,0
50341,0
50342,0
50343,0
50344,0
50345,0
50346,1
50347,0
50348,1
50349,1
5035,1
50350,1
50351,0
50352,0
50353,0
50354,0
50355,0
50356,0
50357,0
50358,0
50359,0
5036,1
50360,1
50361,1
50362,0
50363,0
50364,0
50365,1
50366,1
50367,0
50368,1
50369,0
5037,1
50370,0
50371,1
50372,1
50373,0
50374,0
50375,0
50376,0
50377,0
50378,1
50379,0
5038,1
50380,1
50381,1
50382,0
50383,1
50384,0
50385,0
50386,0
50387,0
50388,1
50389,0
5039,1
50390,0
50391,1
50392,1
50393,0
50394,0
50395,0
50396,0
50397,0
50398,0
50399,0
504,1
5040,1
50400,0
50401,0
50402,1
50403,0
50404,0
50405,1
50406,0
50407,1
50408,0
50409,0
5041,1
50410,1
50411,1
50412,0
50413,0
50414,0
50415,0
50416,1
50417,0
50418,0
50419,0
5042,1
50420,1
50421,0
50422,0
50423,1
50424,1
50425,0
50426,0
50427,1
50428,1
50429,0
5043,1
50430,1
50431,0
50432,0
50433,0
50434,0
50435,0
50436,1
50437,0
50438,1
50439,1
5044,1
50440,0
50441,0
50442,0
50443,1
50444,1
50445,1
50446,1
50447,0
50448,0
50449,0
5045,1
50450,1
50451,0
50452,1
50453,0
50454,0
50455,0
50456,0
50457,0
50458,1
50459,1
5046,1
50460,1
50461,0
50462,0
50463,0
50464,0
50465,1
50466,1
50467,1
50468,0
50469,0
5047,1
50470,1
50471,1
50472,0
50473,0
50474,0
50475,0
50476,0
50477,1
50478,0
50479,0
5048,1
50480,0
50481,1
50482,0
50483,1
50484,0
50485,1
50486,0
50487,0
50488,0
50489,0
5049,1
50490,0
50491,1
50492,1
50493,0
50494,0
50495,0
50496,0
50497,0
50498,0
50499,1
505,1
5050,1
50500,1
50501,0
50502,1
50503,1
50504,0
50505,0
50506,1
50507,0
50508,0
50509,0
5051,1
50510,0
50511,1
50512,0
50513,0
50514,0
50515,1
50516,0
50517,0
50518,1
50519,0
5052,1
50520,0
50521,0
50522,1
50523,1
50524,1
50525,0
50526,0
50527,0
50528,1
50529,1
5053,1
50530,1
50531,0
50532,1
50533,0
50534,0
50535,1
50536,1
50537,1
50538,0
50539,0
5054,1
50540,1
50541,1
50542,0
50543,0
50544,0
50545,0
50546,1
50547,1
50548,0
50549,0
5055,1
50550,1
50551,0
50552,0
50553,1
50554,1
50555,0
50556,1
50557,1
50558,1
50559,0
5056,1
50560,0
50561,0
50562,0
50563,1
50564,1
50565,1
50566,0
50567,1
50568,1
50569,0
5057,1
50570,0
50571,0
50572,0
50573,1
50574,0
50575,1
50576,1
50577,0
50578,0
50579,1
5058,1
50580,0
50581,0
50582,1
50583,1
50584,0
50585,0
50586,0
50587,1
50588,0
50589,0
5059,1
50590,1
50591,0
50592,1
50593,0
50594,0
50595,1
50596,1
50597,0
50598,1
50599,0
506,0
5060,1
50600,0
50601,0
50602,1
50603,0
50604,0
50605,0
50606,1
50607,0
50608,0
50609,0
5061,1
50610,0
50611,0
50612,0
50613,0
50614,0
50615,1
50616,1
50617,1
50618,1
50619,0
5062,1
50620,0
50621,0
50622,1
50623,0
50624,1
50625,0
50626,0
50627,0
50628,0
50629,0
5063,1
50630,0
50631,0
50632,0
50633,0
50634,0
50635,0
50636,0
50637,1
50638,0
50639,1
5064,1
50640,0
50641,0
50642,0
50643,0
50644,1
50645,0
50646,1
50647,0
50648,0
50649,0
5065,1
50650,0
50651,1
50652,0
50653,0
50654,1
50655,1
50656,0
50657,1
50658,1
50659,0
5066,1
50660,0
50661,1
50662,1
50663,0
50664,1
50665,1
50666,1
50667,0
50668,0
50669,0
5067,1
50670,1
50671,1
50672,0
50673,0
50674,0
50675,0
50676,1
50677,0
50678,1
50679,1
5068,1
50680,0
50681,0
50682,0
50683,0
50684,1
50685,1
50686,0
50687,0
50688,1
50689,0
5069,1
50690,1
50691,0
50692,1
50693,0
50694,0
50695,0
50696,0
50697,1
50698,0
50699,0
507,1
5070,1
50700,0
50701,1
50702,0
50703,0
50704,0
50705,1
50706,0
50707,1
50708,0
50709,1
5071,1
50710,0
50711,1
50712,0
50713,0
50714,1
50715,1
50716,0
50717,0
50718,1
50719,0
5072,1
50720,1
50721,0
50722,0
50723,1
50724,0
50725,1
50726,0
50727,1
50728,0
50729,0
5073,1
50730,0
50731,0
50732,1
50733,1
50734,1
50735,1
50736,0
50737,0
50738,1
50739,0
5074,1
50740,1
50741,1
50742,0
50743,1
50744,1
50745,0
50746,0
50747,0
50748,0
50749,1
5075,1
50750,0
50751,0
50752,0
50753,1
50754,1
50755,0
50756,0
50757,0
50758,1
50759,1
5076,1
50760,0
50761,1
50762,1
50763,1
50764,0
50765,0
50766,1
50767,0
50768,0
50769,0
5077,1
50770,0
50771,0
50772,0
50773,1
50774,0
50775,0
50776,1
50777,0
50778,1
50779,0
5078,1
50780,1
50781,0
50782,1
50783,1
50784,0
50785,1
50786,1
50787,0
50788,1
50789,1
5079,1
50790,0
50791,0
50792,1
50793,1
50794,0
50795,1
50796,1
50797,0
50798,0
50799,0
508,1
5080,1
50800,0
50801,1
50802,0
50803,0
50804,0
50805,1
50806,0
50807,1
50808,0
50809,1
5081,1
50810,1
50811,0
50812,1
50813,0
50814,1
50815,1
50816,0
50817,1
50818,1
50819,1
5082,1
50820,1
50821,0
50822,1
50823,0
50824,1
50825,1
50826,0
50827,1
50828,0
50829,0
5083,1
50830,0
50831,1
50832,0
50833,1
50834,1
50835,0
50836,0
50837,0
50838,1
50839,1
5084,1
50840,1
50841,0
50842,0
50843,1
50844,1
50845,1
50846,0
50847,0
50848,0
50849,0
5085,1
50850,1
50851,1
50852,0
50853,0
50854,1
50855,1
50856,0
50857,1
50858,1
50859,0
5086,1
50860,0
50861,0
50862,0
50863,1
50864,1
50865,0
50866,0
50867,1
50868,0
50869,0
5087,1
50870,0
50871,0
50872,0
50873,1
50874,1
50875,0
50876,0
50877,1
50878,0
50879,0
5088,1
50880,0
50881,1
50882,0
50883,0
50884,1
50885,1
50886,0
50887,1
50888,1
50889,1
5089,1
50890,1
50891,1
50892,1
50893,1
50894,0
50895,0
50896,0
50897,0
50898,1
50899,0
509,1
5090,1
50900,1
50901,0
50902,0
50903,0
50904,0
50905,0
50906,1
50907,0
50908,1
50909,0
5091,1
50910,0
50911,1
50912,0
50913,0
50914,0
50915,0
50916,0
50917,1
50918,0
50919,0
5092,1
50920,1
50921,1
50922,0
50923,0
50924,1
50925,0
50926,0
50927,1
50928,0
50929,0
5093,1
50930,0
50931,1
50932,1
50933,1
50934,0
50935,0
50936,0
50937,1
50938,0
50939,0
5094,1
50940,0
50941,0
50942,0
50943,1
50944,1
50945,1
50946,0
50947,1
50948,1
50949,0
5095,1
50950,1
50951,1
50952,1
50953,1
50954,0
50955,0
50956,0
50957,0
50958,1
50959,0
5096,1
50960,1
50961,0
50962,0
50963,0
50964,0
50965,0
50966,1
50967,0
50968,0
50969,0
5097,1
50970,0
50971,0
50972,0
50973,0
50974,0
50975,0
50976,0
50977,0
50978,0
50979,0
5098,1
50980,0
50981,1
50982,1
50983,1
50984,0
50985,0
50986,1
50987,0
50988,0
50989,0
5099,1
50990,0
50991,1
50992,0
50993,0
50994,1
50995,0
50996,0
50997,1
50998,1
50999,0
51,1
510,1
5100,1
51000,0
51001,0
51002,0
51003,0
51004,0
51005,1
51006,1
51007,0
51008,0
51009,1
5101,1
51010,0
51011,0
51012,0
51013,0
51014,1
51015,1
51016,1
51017,0
51018,0
51019,0
5102,1
51020,0
51021,0
51022,0
51023,0
51024,1
51025,0
51026,0
51027,0
51028,0
51029,1
5103,1
51030,1
51031,1
51032,0
51033,1
51034,1
51035,1
51036,0
51037,1
51038,0
51039,0
5104,1
51040,0
51041,0
51042,0
51043,1
51044,1
51045,0
51046,1
51047,0
51048,0
51049,1
5105,1
51050,0
51051,1
51052,0
51053,0
51054,1
51055,1
51056,1
51057,0
51058,1
51059,0
5106,1
51060,0
51061,0
51062,0
51063,0
51064,0
51065,0
51066,1
51067,0
51068,1
51069,1
5107,1
51070,0
51071,0
51072,0
51073,0
51074,1
51075,1
51076,1
51077,0
51078,0
51079,0
5108,1
51080,1
51081,1
51082,0
51083,1
51084,0
51085,0
51086,0
51087,1
51088,0
51089,0
5109,1
51090,0
51091,1
51092,0
51093,1
51094,1
51095,0
51096,0
51097,0
51098,0
51099,1
511,1
5110,1
51100,1
51101,0
51102,0
51103,0
51104,1
51105,0
51106,1
51107,1
51108,0
51109,1
5111,1
51110,0
51111,1
51112,1
51113,0
51114,0
51115,0
51116,1
51117,0
51118,0
51119,0
5112,1
51120,0
51121,1
51122,0
51123,0
51124,1
51125,1
51126,0
51127,0
51128,1
51129,1
5113,1
51130,1
51131,1
51132,0
51133,0
51134,0
51135,0
51136,1
51137,1
51138,1
51139,1
5114,1
51140,0
51141,0
51142,1
51143,1
51144,1
51145,0
51146,0
51147,0
51148,0
51149,0
5115,1
51150,1
51151,0
51152,0
51153,0
51154,0
51155,0
51156,1
51157,0
51158,1
51159,1
5116,1
51160,1
51161,1
51162,1
51163,0
51164,1
51165,0
51166,0
51167,1
51168,0
51169,0
5117,1
51170,0
51171,0
51172,0
51173,0
51174,0
51175,0
51176,1
51177,0
51178,0
51179,0
5118,1
51180,1
51181,1
51182,1
51183,0
51184,0
51185,1
51186,0
51187,1
51188,1
51189,0
5119,1
51190,1
51191,0
51192,1
51193,1
51194,0
51195,0
51196,1
51197,0
51198,0
51199,0
512,1
5120,1
51200,0
51201,1
51202,0
51203,0
51204,0
51205,1
51206,0
51207,0
51208,0
51209,0
5121,1
51210,1
51211,0
51212,0
51213,0
51214,1
51215,0
51216,1
51217,1
51218,0
51219,0
5122,1
51220,0
51221,0
51222,1
51223,0
51224,1
51225,0
51226,1
51227,0
51228,0
51229,1
5123,1
51230,0
51231,0
51232,1
51233,0
51234,1
51235,0
51236,0
51237,1
51238,1
51239,0
5124,1
51240,0
51241,1
51242,1
51243,1
51244,0
51245,0
51246,1
51247,0
51248,0
51249,0
5125,1
51250,0
51251,0
51252,0
51253,0
51254,1
51255,0
51256,1
51257,1
51258,0
51259,1
5126,1
51260,0
51261,1
51262,0
51263,1
51264,0
51265,0
51266,0
51267,0
51268,0
51269,1
5127,1
51270,1
51271,1
51272,1
51273,0
51274,0
51275,1
51276,0
51277,1
51278,0
51279,0
5128,1
51280,0
51281,1
51282,0
51283,0
51284,0
51285,0
51286,0
51287,0
51288,0
51289,1
5129,1
51290,0
51291,0
51292,0
51293,1
51294,1
51295,1
51296,1
51297,0
51298,0
51299,1
513,1
5130,1
51300,0
51301,0
51302,1
51303,1
51304,1
51305,0
51306,0
51307,1
51308,0
51309,1
5131,1
51310,0
51311,0
51312,0
51313,1
51314,0
51315,0
51316,1
51317,0
51318,0
51319,1
5132,1
51320,1
51321,0
51322,0
51323,0
51324,1
51325,1
51326,0
51327,0
51328,0
51329,0
5133,1
51330,1
51331,1
51332,0
51333,0
51334,1
51335,0
51336,0
51337,0
51338,0
51339,0
5134,1
51340,0
51341,0
51342,0
51343,0
51344,1
51345,1
51346,0
51347,0
51348,0
51349,1
5135,1
51350,0
51351,0
51352,0
51353,0
51354,0
51355,1
51356,0
51357,0
51358,0
51359,1
5136,1
51360,1
51361,1
51362,0
51363,0
51364,1
51365,0
51366,0
51367,1
51368,0
51369,0
5137,1
51370,0
51371,0
51372,0
51373,1
51374,1
51375,0
51376,0
51377,1
51378,1
51379,1
5138,1
51380,0
51381,0
51382,0
51383,0
51384,0
51385,1
51386,1
51387,1
51388,1
51389,0
5139,1
51390,0
51391,0
51392,0
51393,1
51394,0
51395,0
51396,0
51397,0
51398,0
51399,1
514,1
5140,1
51400,0
51401,0
51402,0
51403,1
51404,1
51405,1
51406,1
51407,0
51408,0
51409,1
5141,1
51410,0
51411,0
51412,0
51413,0
51414,1
51415,0
51416,0
51417,0
51418,1
51419,0
5142,1
51420,1
51421,0
51422,0
51423,0
51424,0
51425,0
51426,0
51427,0
51428,1
51429,0
5143,1
51430,0
51431,0
51432,0
51433,1
51434,0
51435,0
51436,0
51437,0
51438,1
51439,0
5144,1
51440,0
51441,1
51442,0
51443,0
51444,0
51445,0
51446,1
51447,0
51448,1
51449,1
5145,1
51450,0
51451,1
51452,0
51453,0
51454,1
51455,1
51456,0
51457,0
51458,1
51459,0
5146,1
51460,0
51461,0
51462,0
51463,0
51464,0
51465,1
51466,1
51467,0
51468,0
51469,0
5147,1
51470,0
51471,1
51472,0
51473,0
51474,1
51475,1
51476,0
51477,0
51478,0
51479,0
5148,1
51480,1
51481,0
51482,0
51483,0
51484,0
51485,0
51486,0
51487,0
51488,1
51489,0
5149,1
51490,0
51491,1
51492,0
51493,0
51494,0
51495,0
51496,0
51497,1
51498,0
51499,1
515,1
5150,1
51500,1
51501,0
51502,0
51503,0
51504,0
51505,0
51506,0
51507,1
51508,1
51509,1
5151,1
51510,1
51511,0
51512,0
51513,0
51514,0
51515,0
51516,1
51517,1
51518,1
51519,1
5152,1
51520,1
51521,1
51522,1
51523,0
51524,0
51525,0
51526,0
51527,0
51528,0
51529,0
5153,1
51530,1
51531,0
51532,0
51533,0
51534,1
51535,0
51536,1
51537,1
51538,1
51539,1
5154,1
51540,0
51541,0
51542,0
51543,0
51544,0
51545,0
51546,0
51547,0
51548,1
51549,0
5155,1
51550,0
51551,0
51552,0
51553,0
51554,1
51555,1
51556,0
51557,0
51558,1
51559,0
5156,1
51560,0
51561,0
51562,0
51563,0
51564,1
51565,0
51566,1
51567,0
51568,1
51569,0
5157,1
51570,0
51571,1
51572,0
51573,0
51574,0
51575,1
51576,0
51577,1
51578,0
51579,1
5158,1
51580,0
51581,0
51582,0
51583,0
51584,0
51585,0
51586,0
51587,0
51588,1
51589,0
5159,1
51590,1
51591,1
51592,0
51593,1
51594,1
51595,0
51596,1
51597,1
51598,1
51599,0
516,1
5160,1
51600,0
51601,0
51602,0
51603,1
51604,0
51605,1
51606,0
51607,1
51608,1
51609,0
5161,1
51610,0
51611,0
51612,1
51613,0
51614,0
51615,0
51616,0
51617,1
51618,0
51619,1
5162,1
51620,0
51621,0
51622,0
51623,0
51624,1
51625,1
51626,1
51627,1
51628,0
51629,0
5163,1
51630,1
51631,0
51632,0
51633,1
51634,0
51635,0
51636,0
51637,0
51638,1
51639,0
5164,1
51640,0
51641,1
51642,0
51643,1
51644,0
51645,1
51646,0
51647,0
51648,0
51649,0
5165,1
51650,0
51651,0
51652,0
51653,1
51654,1
51655,0
51656,1
51657,0
51658,1
51659,0
5166,1
51660,0
51661,0
51662,0
51663,0
51664,0
51665,0
51666,0
51667,0
51668,0
51669,0
5167,1
51670,1
51671,0
51672,0
51673,0
51674,0
51675,0
51676,0
51677,0
51678,0
51679,1
5168,1
51680,0
51681,0
51682,0
51683,0
51684,1
51685,0
51686,1
51687,0
51688,1
51689,1
5169,1
51690,0
51691,0
51692,1
51693,0
51694,0
51695,1
51696,0
51697,0
51698,1
51699,1
517,1
5170,1
51700,0
51701,1
51702,1
51703,0
51704,0
51705,1
51706,0
51707,1
51708,0
51709,0
5171,1
51710,0
51711,1
51712,0
51713,1
51714,0
51715,1
51716,0
51717,0
51718,0
51719,1
5172,1
51720,1
51721,0
51722,0
51723,0
51724,0
51725,0
51726,0
51727,0
51728,1
51729,1
5173,1
51730,0
51731,0
51732,1
51733,1
51734,1
51735,1
51736,1
51737,1
51738,0
51739,0
5174,1
51740,0
51741,1
51742,0
51743,0
51744,0
51745,0
51746,0
51747,0
51748,0
51749,0
5175,1
51750,0
51751,0
51752,0
51753,1
51754,1
51755,0
51756,1
51757,1
51758,0
51759,1
5176,1
51760,0
51761,1
51762,1
51763,0
51764,0
51765,0
51766,0
51767,1
51768,1
51769,1
5177,1
51770,0
51771,1
51772,0
51773,0
51774,0
51775,0
51776,0
51777,1
51778,1
51779,0
5178,1
51780,1
51781,1
51782,0
51783,1
51784,0
51785,1
51786,0
51787,1
51788,0
51789,1
5179,1
51790,0
51791,0
51792,0
51793,1
51794,0
51795,1
51796,1
51797,1
51798,0
51799,1
518,1
5180,1
51800,0
51801,0
51802,1
51803,0
51804,0
51805,0
51806,1
51807,0
51808,1
51809,0
5181,1
51810,1
51811,1
51812,0
51813,0
51814,1
51815,0
51816,1
51817,0
51818,1
51819,0
5182,1
51820,0
51821,1
51822,1
51823,1
51824,0
51825,1
51826,1
51827,0
51828,0
51829,0
5183,1
51830,0
51831,0
51832,0
51833,1
51834,0
51835,1
51836,0
51837,0
51838,1
51839,0
5184,1
51840,1
51841,1
51842,0
51843,0
51844,0
51845,0
51846,0
51847,0
51848,0
51849,0
5185,1
51850,0
51851,1
51852,0
51853,0
51854,0
51855,0
51856,0
51857,0
51858,1
51859,1
5186,1
51860,0
51861,0
51862,0
51863,0
51864,0
51865,1
51866,1
51867,1
51868,0
51869,1
5187,1
51870,1
51871,0
51872,0
51873,0
51874,1
51875,1
51876,0
51877,1
51878,0
51879,1
5188,1
51880,1
51881,0
51882,1
51883,1
51884,1
51885,1
51886,1
51887,1
51888,0
51889,0
5189,1
51890,0
51891,0
51892,1
51893,1
51894,1
51895,0
51896,1
51897,1
51898,0
51899,0
519,1
5190,1
51900,1
51901,1
51902,0
51903,0
51904,1
51905,0
51906,0
51907,0
51908,1
51909,0
5191,1
51910,0
51911,0
51912,1
51913,1
51914,1
51915,0
51916,1
51917,0
51918,0
51919,1
5192,1
51920,1
51921,0
51922,0
51923,1
51924,1
51925,0
51926,0
51927,1
51928,1
51929,0
5193,1
51930,0
51931,1
51932,0
51933,0
51934,1
51935,0
51936,1
51937,0
51938,1
51939,1
5194,1
51940,1
51941,1
51942,0
51943,0
51944,0
51945,1
51946,0
51947,1
51948,0
51949,0
5195,1
51950,0
51951,1
51952,0
51953,0
51954,1
51955,0
51956,0
51957,0
51958,0
51959,0
5196,1
51960,0
51961,0
51962,1
51963,1
51964,1
51965,0
51966,1
51967,0
51968,0
51969,0
5197,1
51970,0
51971,1
51972,1
51973,0
51974,0
51975,0
51976,1
51977,0
51978,0
51979,1
5198,1
51980,0
51981,1
51982,0
51983,0
51984,0
51985,0
51986,1
51987,0
51988,0
51989,0
5199,1
51990,0
51991,0
51992,1
51993,1
51994,1
51995,0
51996,0
51997,1
51998,1
51999,0
52,1
520,1
5200,1
52000,1
52001,0
52002,0
52003,0
52004,1
52005,1
52006,0
52007,0
52008,0
52009,0
5201,1
52010,0
52011,0
52012,0
52013,1
52014,1
52015,0
52016,0
52017,1
52018,1
52019,0
5202,1
52020,0
52021,0
52022,0
52023,0
52024,1
52025,0
52026,0
52027,0
52028,0
52029,1
5203,1
52030,0
52031,1
52032,0
52033,1
52034,0
52035,1
52036,0
52037,1
52038,0
52039,0
5204,1
52040,0
52041,1
52042,1
52043,0
52044,1
52045,1
52046,1
52047,1
52048,1
52049,1
5205,1
52050,0
52051,0
52052,0
52053,0
52054,0
52055,0
52056,0
52057,1
52058,0
52059,1
5206,1
52060,0
52061,0
52062,1
52063,1
52064,0
52065,1
52066,1
52067,0
52068,1
52069,0
5207,1
52070,1
52071,0
52072,0
52073,1
52074,0
52075,0
52076,0
52077,0
52078,0
52079,0
5208,1
52080,1
52081,1
52082,0
52083,0
52084,1
52085,0
52086,0
52087,0
52088,0
52089,0
5209,1
52090,0
52091,0
52092,1
52093,0
52094,1
52095,1
52096,0
52097,1
52098,1
52099,0
521,1
5210,1
52100,0
52101,0
52102,0
52103,1
52104,0
52105,1
52106,0
52107,0
52108,1
52109,0
5211,1
52110,0
52111,1
52112,1
52113,1
52114,1
52115,0
52116,0
52117,0
52118,0
52119,1
5212,1
52120,1
52121,0
52122,0
52123,0
52124,1
52125,0
52126,0
52127,0
52128,0
52129,0
5213,1
52130,1
52131,1
52132,1
52133,1
52134,0
52135,0
52136,0
52137,0
52138,1
52139,0
5214,1
52140,0
52141,0
52142,0
52143,1
52144,1
52145,0
52146,1
52147,0
52148,0
52149,0
5215,1
52150,0
52151,0
52152,0
52153,0
52154,0
52155,0
52156,0
52157,1
52158,1
52159,0
5216,1
52160,0
52161,1
52162,0
52163,1
52164,0
52165,0
52166,0
52167,1
52168,0
52169,0
5217,1
52170,1
52171,0
52172,0
52173,0
52174,0
52175,0
52176,1
52177,0
52178,1
52179,0
5218,1
52180,0
52181,1
52182,0
52183,1
52184,0
52185,0
52186,1
52187,0
52188,1
52189,1
5219,1
52190,0
52191,0
52192,1
52193,0
52194,1
52195,1
52196,1
52197,0
52198,0
52199,0
522,1
5220,1
52200,1
52201,1
52202,0
52203,1
52204,0
52205,0
52206,1
52207,0
52208,1
52209,0
5221,1
52210,1
52211,0
52212,0
52213,1
52214,0
52215,0
52216,0
52217,1
52218,0
52219,0
5222,1
52220,0
52221,0
52222,0
52223,0
52224,0
52225,1
52226,1
52227,0
52228,1
52229,0
5223,1
52230,0
52231,1
52232,0
52233,0
52234,1
52235,0
52236,0
52237,0
52238,1
52239,1
5224,1
52240,0
52241,0
52242,0
52243,0
52244,0
52245,0
52246,0
52247,0
52248,0
52249,1
5225,1
52250,0
52251,0
52252,0
52253,1
52254,0
52255,0
52256,0
52257,1
52258,0
52259,0
5226,1
52260,0
52261,0
52262,0
52263,1
52264,1
52265,0
52266,0
52267,1
52268,0
52269,0
5227,1
52270,1
52271,0
52272,0
52273,0
52274,0
52275,1
52276,0
52277,0
52278,0
52279,1
5228,1
52280,1
52281,1
52282,0
52283,1
52284,0
52285,0
52286,1
52287,1
52288,0
52289,0
5229,1
52290,0
52291,0
52292,1
52293,0
52294,0
52295,0
52296,0
52297,0
52298,0
52299,0
523,1
5230,1
52300,1
52301,0
52302,1
52303,1
52304,0
52305,0
52306,0
52307,0
52308,0
52309,1
5231,1
52310,1
52311,0
52312,1
52313,0
52314,0
52315,0
52316,1
52317,1
52318,0
52319,0
5232,1
52320,1
52321,1
52322,0
52323,0
52324,0
52325,1
52326,0
52327,0
52328,0
52329,0
5233,1
52330,1
52331,1
52332,0
52333,0
52334,0
52335,1
52336,1
52337,0
52338,1
52339,0
5234,1
52340,0
52341,0
52342,0
52343,1
52344,0
52345,0
52346,0
52347,0
52348,1
52349,1
5235,1
52350,0
52351,1
52352,0
52353,1
52354,0
52355,0
52356,1
52357,0
52358,0
52359,1
5236,1
52360,0
52361,0
52362,1
52363,0
52364,0
52365,1
52366,1
52367,0
52368,0
52369,0
5237,1
52370,0
52371,1
52372,0
52373,1
52374,0
52375,1
52376,0
52377,1
52378,0
52379,1
5238,1
52380,1
52381,0
52382,0
52383,0
52384,1
52385,1
52386,0
52387,0
52388,0
52389,0
5239,1
52390,0
52391,1
52392,1
52393,0
52394,0
52395,1
52396,0
52397,0
52398,1
52399,0
524,1
5240,1
52400,1
52401,1
52402,1
52403,1
52404,0
52405,0
52406,0
52407,0
52408,1
52409,1
5241,1
52410,1
52411,0
52412,0
52413,1
52414,1
52415,0
52416,0
52417,0
52418,1
52419,0
5242,1
52420,0
52421,0
52422,0
52423,0
52424,0
52425,0
52426,0
52427,1
52428,0
52429,0
5243,1
52430,0
52431,0
52432,0
52433,0
52434,0
52435,0
52436,0
52437,1
52438,1
52439,1
5244,1
52440,1
52441,1
52442,0
52443,1
52444,1
52445,1
52446,1
52447,0
52448,0
52449,1
5245,1
52450,1
52451,0
52452,1
52453,1
52454,1
52455,0
52456,0
52457,0
52458,1
52459,1
5246,1
52460,0
52461,0
52462,0
52463,0
52464,1
52465,0
52466,0
52467,1
52468,0
52469,0
5247,1
52470,1
52471,0
52472,0
52473,1
52474,1
52475,1
52476,1
52477,0
52478,0
52479,1
5248,1
52480,1
52481,0
52482,0
52483,1
52484,0
52485,0
52486,0
52487,0
52488,1
52489,1
5249,1
52490,0
52491,0
52492,1
52493,0
52494,1
52495,0
52496,0
52497,1
52498,0
52499,0
525,1
5250,1
52500,0
52501,0
52502,1
52503,0
52504,0
52505,0
52506,0
52507,0
52508,0
52509,1
5251,1
52510,0
52511,1
52512,1
52513,1
52514,0
52515,0
52516,1
52517,0
52518,0
52519,1
5252,1
52520,0
52521,0
52522,0
52523,0
52524,0
52525,0
52526,1
52527,0
52528,0
52529,1
5253,1
52530,0
52531,0
52532,1
52533,1
52534,0
52535,1
52536,1
52537,0
52538,0
52539,1
5254,1
52540,0
52541,1
52542,1
52543,0
52544,1
52545,1
52546,0
52547,0
52548,0
52549,1
5255,1
52550,1
52551,0
52552,1
52553,1
52554,1
52555,0
52556,0
52557,0
52558,1
52559,0
5256,1
52560,0
52561,0
52562,0
52563,0
52564,0
52565,0
52566,0
52567,0
52568,0
52569,0
5257,1
52570,1
52571,0
52572,0
52573,1
52574,0
52575,0
52576,0
52577,0
52578,0
52579,0
5258,1
52580,0
52581,0
52582,0
52583,0
52584,1
52585,1
52586,1
52587,1
52588,0
52589,0
5259,1
52590,1
52591,0
52592,0
52593,1
52594,0
52595,0
52596,0
52597,1
52598,1
52599,0
526,1
5260,1
52600,0
52601,0
52602,0
52603,0
52604,0
52605,0
52606,0
52607,1
52608,1
52609,0
5261,1
52610,0
52611,0
52612,0
52613,0
52614,1
52615,0
52616,1
52617,1
52618,0
52619,0
5262,1
52620,1
52621,1
52622,0
52623,0
52624,0
52625,1
52626,0
52627,0
52628,1
52629,1
5263,1
52630,1
52631,0
52632,1
52633,0
52634,0
52635,0
52636,0
52637,0
52638,0
52639,0
5264,1
52640,0
52641,1
52642,0
52643,1
52644,1
52645,1
52646,1
52647,1
52648,0
52649,0
5265,1
52650,1
52651,0
52652,0
52653,0
52654,1
52655,0
52656,0
52657,0
52658,0
52659,1
5266,1
52660,0
52661,0
52662,0
52663,1
52664,1
52665,1
52666,1
52667,0
52668,1
52669,0
5267,1
52670,0
52671,0
52672,1
52673,1
52674,1
52675,0
52676,0
52677,0
52678,1
52679,0
5268,1
52680,0
52681,0
52682,1
52683,0
52684,0
52685,0
52686,0
52687,1
52688,1
52689,1
5269,1
52690,0
52691,1
52692,1
52693,0
52694,1
52695,1
52696,0
52697,1
52698,1
52699,0
527,1
5270,1
52700,1
52701,0
52702,0
52703,0
52704,1
52705,1
52706,0
52707,1
52708,0
52709,0
5271,1
52710,1
52711,0
52712,0
52713,0
52714,1
52715,0
52716,0
52717,0
52718,1
52719,1
5272,1
52720,0
52721,0
52722,0
52723,0
52724,1
52725,0
52726,1
52727,0
52728,0
52729,0
5273,1
52730,1
52731,0
52732,0
52733,0
52734,0
52735,1
52736,0
52737,1
52738,1
52739,0
5274,1
52740,1
52741,0
52742,0
52743,0
52744,0
52745,1
52746,1
52747,0
52748,0
52749,1
5275,1
52750,0
52751,1
52752,0
52753,0
52754,1
52755,0
52756,1
52757,1
52758,0
52759,0
5276,1
52760,0
52761,0
52762,0
52763,1
52764,1
52765,1
52766,1
52767,0
52768,0
52769,1
5277,1
52770,1
52771,0
52772,0
52773,0
52774,1
52775,1
52776,0
52777,1
52778,0
52779,1
5278,1
52780,1
52781,0
52782,0
52783,0
52784,0
52785,0
52786,0
52787,1
52788,0
52789,0
5279,1
52790,0
52791,0
52792,0
52793,0
52794,0
52795,0
52796,1
52797,0
52798,0
52799,0
528,1
5280,1
52800,1
52801,0
52802,1
52803,0
52804,0
52805,0
52806,0
52807,0
52808,0
52809,0
5281,1
52810,1
52811,0
52812,0
52813,1
52814,1
52815,0
52816,0
52817,1
52818,0
52819,0
5282,1
52820,0
52821,1
52822,0
52823,0
52824,0
52825,0
52826,1
52827,1
52828,1
52829,0
5283,1
52830,1
52831,1
52832,1
52833,0
52834,0
52835,0
52836,1
52837,0
52838,0
52839,0
5284,1
52840,0
52841,0
52842,0
52843,0
52844,0
52845,0
52846,1
52847,1
52848,0
52849,0
5285,1
52850,1
52851,0
52852,0
52853,1
52854,0
52855,0
52856,0
52857,0
52858,0
52859,0
5286,1
52860,0
52861,0
52862,1
52863,0
52864,0
52865,1
52866,1
52867,0
52868,0
52869,0
5287,1
52870,0
52871,0
52872,0
52873,0
52874,1
52875,1
52876,0
52877,1
52878,1
52879,1
5288,1
52880,0
52881,1
52882,0
52883,0
52884,0
52885,1
52886,1
52887,1
52888,1
52889,0
5289,1
52890,0
52891,1
52892,0
52893,0
52894,0
52895,0
52896,0
52897,0
52898,0
52899,0
529,1
5290,1
52900,0
52901,0
52902,0
52903,1
52904,1
52905,1
52906,1
52907,0
52908,1
52909,0
5291,1
52910,0
52911,1
52912,1
52913,0
52914,0
52915,0
52916,0
52917,1
52918,0
52919,0
5292,1
52920,0
52921,1
52922,0
52923,0
52924,0
52925,0
52926,0
52927,0
52928,1
52929,0
5293,1
52930,0
52931,0
52932,1
52933,0
52934,0
52935,1
52936,0
52937,0
52938,0
52939,0
5294,1
52940,0
52941,0
52942,1
52943,0
52944,0
52945,0
52946,1
52947,0
52948,1
52949,0
5295,1
52950,0
52951,0
52952,0
52953,0
52954,0
52955,0
52956,1
52957,1
52958,0
52959,0
5296,1
52960,1
52961,1
52962,1
52963,1
52964,1
52965,0
52966,1
52967,0
52968,0
52969,1
5297,1
52970,1
52971,0
52972,1
52973,0
52974,1
52975,0
52976,0
52977,1
52978,0
52979,0
5298,1
52980,0
52981,0
52982,0
52983,0
52984,1
52985,1
52986,1
52987,0
52988,1
52989,0
5299,1
52990,0
52991,1
52992,1
52993,0
52994,1
52995,1
52996,0
52997,1
52998,0
52999,1
53,1
530,1
5300,1
53000,0
53001,0
53002,0
53003,0
53004,0
53005,0
53006,1
53007,0
53008,1
53009,0
5301,1
53010,1
53011,0
53012,1
53013,0
53014,0
53015,0
53016,1
53017,1
53018,1
53019,0
5302,1
53020,1
53021,0
53022,0
53023,1
53024,0
53025,1
53026,0
53027,0
53028,1
53029,0
5303,1
53030,1
53031,1
53032,0
53033,0
53034,1
53035,1
53036,1
53037,0
53038,0
53039,0
5304,1
53040,0
53041,0
53042,0
53043,1
53044,0
53045,1
53046,1
53047,0
53048,1
53049,1
5305,1
53050,1
53051,0
53052,0
53053,1
53054,1
53055,0
53056,0
53057,0
53058,1
53059,1
5306,1
53060,1
53061,0
53062,0
53063,0
53064,0
53065,1
53066,0
53067,0
53068,1
53069,0
5307,1
53070,1
53071,0
53072,0
53073,0
53074,0
53075,1
53076,0
53077,0
53078,0
53079,0
5308,1
53080,0
53081,1
53082,1
53083,0
53084,0
53085,0
53086,0
53087,0
53088,0
53089,0
5309,1
53090,0
53091,0
53092,0
53093,0
53094,1
53095,0
53096,0
53097,0
53098,0
53099,0
531,1
5310,1
53100,1
53101,1
53102,1
53103,0
53104,0
53105,1
53106,0
53107,0
53108,0
53109,0
5311,1
53110,0
53111,1
53112,0
53113,1
53114,0
53115,0
53116,1
53117,1
53118,1
53119,1
5312,1
53120,1
53121,0
53122,1
53123,1
53124,0
53125,0
53126,0
53127,0
53128,0
53129,0
5313,1
53130,0
53131,0
53132,1
53133,1
53134,0
53135,1
53136,0
53137,1
53138,1
53139,0
5314,1
53140,1
53141,0
53142,0
53143,1
53144,0
53145,0
53146,0
53147,1
53148,0
53149,0
5315,1
53150,0
53151,1
53152,1
53153,1
53154,0
53155,1
53156,1
53157,1
53158,0
53159,0
5316,1
53160,0
53161,0
53162,1
53163,0
53164,0
53165,0
53166,1
53167,0
53168,0
53169,0
5317,1
53170,0
53171,0
53172,1
53173,1
53174,0
53175,0
53176,0
53177,0
53178,0
53179,1
5318,1
53180,0
53181,0
53182,1
53183,0
53184,0
53185,0
53186,1
53187,0
53188,0
53189,1
5319,1
53190,0
53191,0
53192,0
53193,0
53194,0
53195,0
53196,1
53197,1
53198,1
53199,0
532,1
5320,1
53200,1
53201,1
53202,1
53203,0
53204,1
53205,0
53206,0
53207,0
53208,1
53209,1
5321,1
53210,0
53211,1
53212,0
53213,0
53214,1
53215,0
53216,1
53217,0
53218,0
53219,0
5322,1
53220,1
53221,1
53222,0
53223,1
53224,1
53225,0
53226,1
53227,0
53228,1
53229,0
5323,1
53230,1
53231,0
53232,0
53233,0
53234,1
53235,0
53236,0
53237,1
53238,1
53239,1
5324,1
53240,0
53241,1
53242,0
53243,0
53244,1
53245,0
53246,1
53247,0
53248,0
53249,0
5325,1
53250,1
53251,0
53252,0
53253,0
53254,1
53255,0
53256,0
53257,0
53258,0
53259,1
5326,1
53260,0
53261,0
53262,1
53263,0
53264,1
53265,0
53266,1
53267,0
53268,0
53269,1
5327,1
53270,1
53271,0
53272,1
53273,0
53274,0
53275,1
53276,0
53277,1
53278,1
53279,1
5328,1
53280,0
53281,1
53282,0
53283,1
53284,1
53285,0
53286,0
53287,0
53288,0
53289,0
5329,1
53290,1
53291,0
53292,0
53293,0
53294,1
53295,0
53296,1
53297,1
53298,0
53299,0
533,1
5330,1
53300,0
53301,1
53302,1
53303,1
53304,1
53305,0
53306,0
53307,0
53308,1
53309,0
5331,1
53310,0
53311,0
53312,1
53313,0
53314,0
53315,1
53316,1
53317,0
53318,1
53319,1
5332,1
53320,1
53321,0
53322,0
53323,0
53324,1
53325,0
53326,0
53327,0
53328,0
53329,0
5333,1
53330,0
53331,0
53332,0
53333,0
53334,1
53335,0
53336,0
53337,0
53338,0
53339,0
5334,1
53340,0
53341,0
53342,0
53343,0
53344,0
53345,0
53346,0
53347,1
53348,1
53349,1
5335,1
53350,0
53351,0
53352,0
53353,1
53354,1
53355,0
53356,0
53357,0
53358,1
53359,1
5336,1
53360,0
53361,1
53362,1
53363,0
53364,0
53365,1
53366,0
53367,1
53368,0
53369,0
5337,1
53370,0
53371,0
53372,0
53373,0
53374,0
53375,0
53376,0
53377,0
53378,1
53379,0
5338,1
53380,1
53381,0
53382,0
53383,1
53384,0
53385,0
53386,0
53387,0
53388,0
53389,0
5339,1
53390,1
53391,0
53392,0
53393,0
53394,1
53395,1
53396,0
53397,0
53398,0
53399,0
534,1
5340,1
53400,0
53401,1
53402,0
53403,0
53404,0
53405,1
53406,0
53407,1
53408,0
53409,1
5341,1
53410,1
53411,1
53412,0
53413,0
53414,0
53415,0
53416,0
53417,1
53418,0
53419,0
5342,1
53420,1
53421,1
53422,1
53423,1
53424,0
53425,0
53426,1
53427,1
53428,0
53429,1
5343,1
53430,0
53431,1
53432,1
53433,0
53434,0
53435,0
53436,1
53437,1
53438,1
53439,1
5344,1
53440,1
53441,1
53442,1
53443,0
53444,1
53445,0
53446,0
53447,1
53448,0
53449,0
5345,1
53450,1
53451,1
53452,0
53453,0
53454,0
53455,0
53456,0
53457,0
53458,1
53459,0
5346,1
53460,0
53461,1
53462,1
53463,0
53464,0
53465,1
53466,1
53467,0
53468,1
53469,1
5347,1
53470,0
53471,0
53472,1
53473,0
53474,0
53475,1
53476,1
53477,0
53478,0
53479,0
5348,1
53480,1
53481,1
53482,1
53483,1
53484,1
53485,0
53486,0
53487,1
53488,0
53489,0
5349,1
53490,1
53491,0
53492,1
53493,0
53494,0
53495,0
53496,1
53497,0
53498,0
53499,0
535,0
5350,1
53500,0
53501,0
53502,0
53503,0
53504,0
53505,0
53506,1
53507,0
53508,0
53509,0
5351,1
53510,1
53511,0
53512,1
53513,0
53514,0
53515,0
53516,0
53517,0
53518,0
53519,0
5352,1
53520,0
53521,1
53522,0
53523,0
53524,0
53525,0
53526,0
53527,0
53528,1
53529,0
5353,1
53530,0
53531,0
53532,0
53533,1
53534,0
53535,1
53536,0
53537,1
53538,1
53539,0
5354,1
53540,0
53541,1
53542,1
53543,0
53544,1
53545,0
53546,0
53547,0
53548,0
53549,0
5355,1
53550,0
53551,0
53552,0
53553,0
53554,0
53555,0
53556,1
53557,1
53558,0
53559,1
5356,1
53560,0
53561,0
53562,0
53563,1
53564,1
53565,0
53566,1
53567,1
53568,0
53569,1
5357,1
53570,1
53571,0
53572,0
53573,1
53574,1
53575,1
53576,1
53577,0
53578,0
53579,0
5358,1
53580,0
53581,0
53582,0
53583,0
53584,1
53585,0
53586,1
53587,1
53588,0
53589,1
5359,1
53590,1
53591,0
53592,0
53593,0
53594,1
53595,0
53596,1
53597,0
53598,1
53599,0
536,1
5360,1
53600,0
53601,1
53602,0
53603,0
53604,0
53605,0
53606,0
53607,0
53608,1
53609,0
5361,1
53610,1
53611,0
53612,0
53613,1
53614,0
53615,0
53616,0
53617,1
53618,0
53619,1
5362,1
53620,0
53621,0
53622,0
53623,0
53624,0
53625,0
53626,1
53627,0
53628,0
53629,0
5363,1
53630,0
53631,0
53632,1
53633,0
53634,0
53635,1
53636,0
53637,1
53638,0
53639,0
5364,1
53640,0
53641,1
53642,0
53643,1
53644,0
53645,0
53646,0
53647,1
53648,0
53649,1
5365,0
53650,0
53651,1
53652,1
53653,0
53654,1
53655,0
53656,1
53657,0
53658,0
53659,0
5366,1
53660,0
53661,0
53662,0
53663,0
53664,1
53665,1
53666,0
53667,0
53668,0
53669,0
5367,1
53670,0
53671,1
53672,0
53673,1
53674,0
53675,1
53676,0
53677,1
53678,1
53679,0
5368,1
53680,1
53681,1
53682,0
53683,0
53684,1
53685,0
53686,0
53687,1
53688,0
53689,0
5369,1
53690,0
53691,0
53692,0
53693,0
53694,1
53695,0
53696,1
53697,1
53698,0
53699,0
537,1
5370,1
53700,0
53701,0
53702,1
53703,1
53704,0
53705,1
53706,1
53707,0
53708,1
53709,1
5371,1
53710,1
53711,0
53712,1
53713,1
53714,0
53715,0
53716,0
53717,1
53718,1
53719,1
5372,1
53720,0
53721,0
53722,1
53723,0
53724,0
53725,0
53726,1
53727,0
53728,0
53729,1
5373,1
53730,1
53731,0
53732,0
53733,0
53734,0
53735,0
53736,0
53737,0
53738,0
53739,1
5374,1
53740,0
53741,1
53742,1
53743,0
53744,1
53745,0
53746,1
53747,1
53748,0
53749,0
5375,1
53750,0
53751,0
53752,0
53753,0
53754,0
53755,1
53756,0
53757,0
53758,0
53759,0
5376,1
53760,0
53761,0
53762,0
53763,1
53764,1
53765,0
53766,0
53767,0
53768,0
53769,0
5377,1
53770,0
53771,1
53772,1
53773,1
53774,1
53775,1
53776,0
53777,0
53778,0
53779,0
5378,1
53780,1
53781,0
53782,0
53783,0
53784,0
53785,0
53786,0
53787,0
53788,1
53789,0
5379,1
53790,0
53791,0
53792,1
53793,0
53794,0
53795,0
53796,1
53797,0
53798,0
53799,0
538,1
5380,1
53800,0
53801,0
53802,1
53803,0
53804,0
53805,0
53806,0
53807,1
53808,0
53809,0
5381,1
53810,0
53811,0
53812,1
53813,0
53814,1
53815,1
53816,0
53817,0
53818,0
53819,1
5382,1
53820,1
53821,0
53822,1
53823,1
53824,0
53825,0
53826,0
53827,0
53828,0
53829,0
5383,1
53830,0
53831,1
53832,0
53833,0
53834,0
53835,0
53836,0
53837,1
53838,1
53839,1
5384,1
53840,1
53841,0
53842,1
53843,0
53844,1
53845,0
53846,0
53847,0
53848,0
53849,0
5385,1
53850,1
53851,1
53852,0
53853,0
53854,0
53855,0
53856,0
53857,0
53858,0
53859,1
5386,1
53860,0
53861,0
53862,1
53863,0
53864,0
53865,0
53866,0
53867,0
53868,1
53869,1
5387,1
53870,1
53871,0
53872,0
53873,0
53874,1
53875,1
53876,0
53877,1
53878,0
53879,0
5388,1
53880,1
53881,0
53882,0
53883,0
53884,0
53885,0
53886,0
53887,0
53888,0
53889,0
5389,1
53890,1
53891,0
53892,0
53893,0
53894,0
53895,0
53896,0
53897,0
53898,0
53899,0
539,1
5390,1
53900,0
53901,0
53902,0
53903,1
53904,0
53905,1
53906,0
53907,1
53908,0
53909,1
5391,1
53910,0
53911,0
53912,0
53913,0
53914,1
53915,1
53916,0
53917,1
53918,0
53919,1
5392,1
53920,0
53921,1
53922,1
53923,0
53924,0
53925,0
53926,0
53927,1
53928,0
53929,0
5393,1
53930,1
53931,1
53932,0
53933,1
53934,0
53935,0
53936,1
53937,0
53938,1
53939,1
5394,1
53940,0
53941,0
53942,0
53943,1
53944,0
53945,0
53946,1
53947,0
53948,0
53949,1
5395,1
53950,0
53951,1
53952,1
53953,0
53954,1
53955,1
53956,1
53957,0
53958,0
53959,0
5396,1
53960,1
53961,0
53962,0
53963,0
53964,1
53965,1
53966,0
53967,0
53968,1
53969,1
5397,1
53970,0
53971,1
53972,1
53973,1
53974,0
53975,0
53976,0
53977,0
53978,0
53979,1
5398,1
53980,0
53981,0
53982,0
53983,0
53984,1
53985,1
53986,1
53987,1
53988,0
53989,0
5399,1
53990,0
53991,0
53992,1
53993,0
53994,0
53995,0
53996,0
53997,1
53998,0
53999,1
54,1
540,1
5400,1
54000,1
54001,1
54002,0
54003,0
54004,1
54005,0
54006,0
54007,0
54008,0
54009,0
5401,1
54010,1
54011,0
54012,1
54013,0
54014,0
54015,1
54016,1
54017,0
54018,0
54019,0
5402,1
54020,1
54021,1
54022,1
54023,0
54024,0
54025,1
54026,1
54027,0
54028,1
54029,0
5403,1
54030,0
54031,0
54032,1
54033,0
54034,0
54035,0
54036,0
54037,0
54038,1
54039,0
5404,1
54040,0
54041,0
54042,0
54043,1
54044,1
54045,1
54046,0
54047,1
54048,1
54049,0
5405,1
54050,0
54051,1
54052,0
54053,1
54054,1
54055,1
54056,1
54057,1
54058,0
54059,1
5406,1
54060,1
54061,0
54062,1
54063,1
54064,1
54065,0
54066,0
54067,0
54068,1
54069,0
5407,1
54070,0
54071,0
54072,1
54073,0
54074,1
54075,1
54076,0
54077,0
54078,1
54079,1
5408,0
54080,0
54081,0
54082,0
54083,1
54084,1
54085,1
54086,0
54087,1
54088,1
54089,0
5409,1
54090,0
54091,0
54092,1
54093,0
54094,1
54095,0
54096,0
54097,1
54098,0
54099,0
541,1
5410,1
54100,0
54101,1
54102,0
54103,1
54104,1
54105,1
54106,0
54107,0
54108,0
54109,1
5411,0
54110,0
54111,0
54112,1
54113,0
54114,0
54115,1
54116,0
54117,0
54118,0
54119,0
5412,1
54120,0
54121,0
54122,0
54123,1
54124,1
54125,1
54126,0
54127,0
54128,1
54129,1
5413,1
54130,0
54131,1
54132,0
54133,0
54134,0
54135,0
54136,0
54137,1
54138,0
54139,0
5414,1
54140,0
54141,0
54142,1
54143,0
54144,0
54145,0
54146,0
54147,1
54148,0
54149,0
5415,1
54150,1
54151,1
54152,0
54153,1
54154,0
54155,0
54156,1
54157,0
54158,0
54159,0
5416,1
54160,1
54161,1
54162,0
54163,1
54164,0
54165,1
54166,0
54167,0
54168,1
54169,0
5417,1
54170,0
54171,0
54172,0
54173,0
54174,0
54175,1
54176,0
54177,1
54178,1
54179,0
5418,1
54180,1
54181,0
54182,0
54183,0
54184,0
54185,0
54186,0
54187,0
54188,0
54189,0
5419,1
54190,1
54191,0
54192,0
54193,1
54194,1
54195,1
54196,0
54197,0
54198,0
54199,0
542,1
5420,1
54200,0
54201,0
54202,0
54203,1
54204,0
54205,1
54206,0
54207,0
54208,1
54209,0
5421,1
54210,1
54211,1
54212,1
54213,1
54214,0
54215,1
54216,1
54217,0
54218,0
54219,1
5422,1
54220,1
54221,1
54222,0
54223,1
54224,0
54225,0
54226,0
54227,1
54228,1
54229,0
5423,1
54230,1
54231,1
54232,0
54233,0
54234,0
54235,0
54236,0
54237,0
54238,1
54239,0
5424,1
54240,0
54241,0
54242,1
54243,0
54244,0
54245,0
54246,1
54247,0
54248,0
54249,1
5425,1
54250,0
54251,0
54252,1
54253,0
54254,0
54255,0
54256,1
54257,1
54258,0
54259,0
5426,1
54260,1
54261,0
54262,0
54263,0
54264,1
54265,0
54266,0
54267,1
54268,1
54269,0
5427,1
54270,0
54271,0
54272,1
54273,0
54274,1
54275,0
54276,0
54277,0
54278,0
54279,0
5428,1
54280,0
54281,0
54282,1
54283,1
54284,0
54285,0
54286,0
54287,0
54288,0
54289,1
5429,1
54290,1
54291,0
54292,0
54293,0
54294,0
54295,1
54296,0
54297,0
54298,1
54299,0
543,1
5430,1
54300,0
54301,1
54302,1
54303,1
54304,1
54305,0
54306,1
54307,1
54308,0
54309,1
5431,1
54310,0
54311,0
54312,0
54313,0
54314,1
54315,0
54316,1
54317,1
54318,0
54319,0
5432,1
54320,1
54321,0
54322,0
54323,1
54324,1
54325,1
54326,0
54327,0
54328,0
54329,0
5433,1
54330,0
54331,0
54332,0
54333,0
54334,0
54335,0
54336,0
54337,1
54338,1
54339,0
5434,1
54340,1
54341,1
54342,0
54343,1
54344,0
54345,0
54346,0
54347,0
54348,1
54349,0
5435,1
54350,0
54351,0
54352,1
54353,1
54354,0
54355,0
54356,1
54357,0
54358,0
54359,0
5436,1
54360,0
54361,1
54362,0
54363,0
54364,0
54365,0
54366,0
54367,1
54368,0
54369,0
5437,1
54370,0
54371,0
54372,0
54373,1
54374,0
54375,0
54376,0
54377,0
54378,0
54379,0
5438,1
54380,1
54381,0
54382,0
54383,1
54384,1
54385,1
54386,0
54387,0
54388,0
54389,0
5439,1
54390,0
54391,0
54392,0
54393,1
54394,0
54395,1
54396,0
54397,0
54398,1
54399,1
544,1
5440,1
54400,0
54401,1
54402,1
54403,1
54404,0
54405,1
54406,0
54407,0
54408,0
54409,1
5441,1
54410,0
54411,1
54412,1
54413,0
54414,0
54415,0
54416,0
54417,0
54418,0
54419,1
5442,1
54420,1
54421,0
54422,0
54423,0
54424,0
54425,0
54426,1
54427,0
54428,0
54429,0
5443,1
54430,0
54431,0
54432,0
54433,0
54434,1
54435,1
54436,1
54437,1
54438,0
54439,0
5444,1
54440,0
54441,0
54442,1
54443,0
54444,1
54445,0
54446,0
54447,0
54448,0
54449,0
5445,1
54450,1
54451,1
54452,0
54453,1
54454,0
54455,0
54456,1
54457,1
54458,1
54459,0
5446,1
54460,1
54461,1
54462,0
54463,1
54464,0
54465,0
54466,1
54467,1
54468,0
54469,1
5447,1
54470,1
54471,1
54472,1
54473,1
54474,0
54475,1
54476,0
54477,1
54478,0
54479,1
5448,1
54480,0
54481,1
54482,0
54483,0
54484,1
54485,1
54486,0
54487,1
54488,0
54489,0
5449,1
54490,1
54491,0
54492,0
54493,0
54494,1
54495,1
54496,1
54497,0
54498,1
54499,1
545,1
5450,1
54500,1
54501,1
54502,1
54503,1
54504,0
54505,1
54506,1
54507,0
54508,0
54509,0
5451,1
54510,1
54511,0
54512,0
54513,0
54514,0
54515,1
54516,0
54517,1
54518,1
54519,1
5452,1
54520,0
54521,0
54522,1
54523,0
54524,0
54525,0
54526,0
54527,1
54528,0
54529,0
5453,1
54530,0
54531,0
54532,0
54533,1
54534,1
54535,0
54536,0
54537,1
54538,0
54539,1
5454,1
54540,0
54541,1
54542,0
54543,0
54544,0
54545,0
54546,0
54547,0
54548,0
54549,0
5455,1
54550,0
54551,0
54552,1
54553,1
54554,1
54555,0
54556,1
54557,0
54558,0
54559,0
5456,1
54560,0
54561,0
54562,0
54563,1
54564,1
54565,1
54566,0
54567,1
54568,1
54569,1
5457,1
54570,0
54571,0
54572,1
54573,0
54574,0
54575,0
54576,0
54577,0
54578,0
54579,0
5458,1
54580,1
54581,1
54582,0
54583,1
54584,0
54585,0
54586,0
54587,1
54588,0
54589,1
5459,1
54590,0
54591,0
54592,0
54593,1
54594,1
54595,0
54596,0
54597,0
54598,0
54599,0
546,1
5460,1
54600,0
54601,0
54602,0
54603,1
54604,0
54605,1
54606,0
54607,0
54608,0
54609,1
5461,1
54610,0
54611,0
54612,1
54613,1
54614,0
54615,0
54616,1
54617,1
54618,0
54619,1
5462,1
54620,1
54621,0
54622,0
54623,1
54624,1
54625,0
54626,1
54627,1
54628,0
54629,1
5463,1
54630,0
54631,0
54632,1
54633,0
54634,0
54635,1
54636,0
54637,1
54638,0
54639,1
5464,1
54640,1
54641,0
54642,1
54643,0
54644,1
54645,0
54646,0
54647,1
54648,0
54649,0
5465,1
54650,0
54651,0
54652,0
54653,0
54654,0
54655,0
54656,0
54657,1
54658,0
54659,0
5466,1
54660,1
54661,0
54662,0
54663,0
54664,1
54665,0
54666,1
54667,0
54668,0
54669,1
5467,1
54670,0
54671,1
54672,1
54673,0
54674,0
54675,1
54676,1
54677,1
54678,1
54679,0
5468,1
54680,1
54681,1
54682,0
54683,1
54684,1
54685,0
54686,1
54687,0
54688,0
54689,0
5469,1
54690,0
54691,0
54692,0
54693,0
54694,0
54695,0
54696,0
54697,0
54698,1
54699,1
547,1
5470,1
54700,0
54701,0
54702,0
54703,1
54704,1
54705,1
54706,1
54707,0
54708,1
54709,1
5471,1
54710,0
54711,0
54712,0
54713,0
54714,1
54715,1
54716,1
54717,1
54718,0
54719,0
5472,1
54720,1
54721,1
54722,0
54723,1
54724,0
54725,1
54726,0
54727,1
54728,1
54729,0
5473,1
54730,0
54731,1
54732,1
54733,1
54734,0
54735,0
54736,0
54737,0
54738,1
54739,0
5474,1
54740,0
54741,0
54742,0
54743,1
54744,0
54745,0
54746,0
54747,0
54748,0
54749,1
5475,1
54750,1
54751,0
54752,0
54753,0
54754,0
54755,0
54756,0
54757,0
54758,0
54759,0
5476,1
54760,1
54761,0
54762,1
54763,1
54764,0
54765,0
54766,0
54767,1
54768,1
54769,1
5477,1
54770,1
54771,1
54772,0
54773,0
54774,0
54775,1
54776,1
54777,0
54778,0
54779,1
5478,1
54780,1
54781,0
54782,1
54783,0
54784,0
54785,1
54786,1
54787,1
54788,0
54789,1
5479,1
54790,0
54791,0
54792,0
54793,0
54794,1
54795,1
54796,0
54797,0
54798,0
54799,0
548,1
5480,1
54800,1
54801,0
54802,1
54803,1
54804,0
54805,0
54806,0
54807,1
54808,0
54809,0
5481,1
54810,1
54811,0
54812,0
54813,0
54814,0
54815,1
54816,0
54817,0
54818,0
54819,0
5482,1
54820,1
54821,1
54822,1
54823,0
54824,0
54825,1
54826,0
54827,0
54828,0
54829,0
5483,1
54830,1
54831,0
54832,1
54833,0
54834,1
54835,1
54836,0
54837,1
54838,1
54839,1
5484,1
54840,1
54841,0
54842,1
54843,1
54844,1
54845,0
54846,1
54847,0
54848,0
54849,1
5485,1
54850,0
54851,1
54852,1
54853,1
54854,1
54855,1
54856,0
54857,0
54858,1
54859,1
5486,1
54860,0
54861,0
54862,0
54863,0
54864,0
54865,1
54866,0
54867,0
54868,0
54869,0
5487,1
54870,0
54871,0
54872,0
54873,1
54874,1
54875,1
54876,0
54877,0
54878,0
54879,1
5488,1
54880,0
54881,0
54882,0
54883,0
54884,0
54885,0
54886,0
54887,0
54888,0
54889,0
5489,1
54890,0
54891,0
54892,0
54893,0
54894,1
54895,0
54896,1
54897,1
54898,1
54899,0
549,1
5490,1
54900,0
54901,0
54902,0
54903,0
54904,0
54905,0
54906,0
54907,1
54908,1
54909,0
5491,1
54910,0
54911,0
54912,1
54913,0
54914,1
54915,0
54916,1
54917,0
54918,1
54919,0
5492,1
54920,1
54921,1
54922,0
54923,1
54924,1
54925,1
54926,0
54927,0
54928,0
54929,0
5493,1
54930,0
54931,0
54932,0
54933,0
54934,1
54935,0
54936,0
54937,1
54938,1
54939,0
5494,1
54940,0
54941,1
54942,1
54943,1
54944,1
54945,1
54946,1
54947,1
54948,0
54949,0
5495,1
54950,1
54951,1
54952,0
54953,1
54954,0
54955,1
54956,0
54957,1
54958,1
54959,0
5496,1
54960,0
54961,1
54962,1
54963,0
54964,0
54965,0
54966,0
54967,0
54968,1
54969,0
5497,1
54970,0
54971,0
54972,1
54973,0
54974,0
54975,1
54976,0
54977,0
54978,1
54979,1
5498,1
54980,1
54981,1
54982,1
54983,0
54984,0
54985,1
54986,0
54987,1
54988,0
54989,1
5499,1
54990,0
54991,0
54992,0
54993,0
54994,0
54995,1
54996,0
54997,1
54998,0
54999,0
55,1
550,1
5500,1
55000,0
55001,1
55002,0
55003,0
55004,1
55005,0
55006,1
55007,1
55008,0
55009,1
5501,1
55010,0
55011,0
55012,0
55013,1
55014,1
55015,0
55016,0
55017,0
55018,1
55019,1
5502,1
55020,1
55021,0
55022,0
55023,0
55024,1
55025,1
55026,0
55027,0
55028,1
55029,0
5503,1
55030,0
55031,1
55032,0
55033,1
55034,0
55035,1
55036,0
55037,0
55038,0
55039,1
5504,1
55040,1
55041,0
55042,0
55043,0
55044,0
55045,0
55046,0
55047,1
55048,0
55049,0
5505,1
55050,0
55051,0
55052,0
55053,1
55054,0
55055,1
55056,1
55057,0
55058,0
55059,0
5506,1
55060,1
55061,0
55062,0
55063,1
55064,0
55065,0
55066,0
55067,1
55068,0
55069,0
5507,1
55070,0
55071,1
55072,0
55073,1
55074,0
55075,0
55076,0
55077,0
55078,1
55079,0
5508,1
55080,0
55081,1
55082,0
55083,1
55084,0
55085,1
55086,0
55087,0
55088,0
55089,0
5509,1
55090,0
55091,0
55092,1
55093,0
55094,1
55095,0
55096,0
55097,1
55098,1
55099,0
551,1
5510,1
55100,1
55101,0
55102,0
55103,1
55104,0
55105,0
55106,1
55107,0
55108,0
55109,1
5511,1
55110,0
55111,1
55112,0
55113,1
55114,1
55115,0
55116,1
55117,0
55118,0
55119,0
5512,1
55120,1
55121,0
55122,0
55123,1
55124,1
55125,0
55126,0
55127,0
55128,1
55129,0
5513,1
55130,1
55131,1
55132,1
55133,1
55134,1
55135,0
55136,0
55137,0
55138,0
55139,1
5514,1
55140,0
55141,0
55142,1
55143,0
55144,0
55145,0
55146,0
55147,0
55148,0
55149,0
5515,1
55150,1
55151,0
55152,1
55153,0
55154,0
55155,0
55156,0
55157,0
55158,0
55159,0
5516,1
55160,0
55161,1
55162,1
55163,1
55164,0
55165,0
55166,1
55167,0
55168,1
55169,1
5517,1
55170,0
55171,1
55172,1
55173,1
55174,0
55175,0
55176,0
55177,0
55178,0
55179,0
5518,1
55180,0
55181,0
55182,1
55183,1
55184,0
55185,0
55186,1
55187,0
55188,0
55189,1
5519,1
55190,0
55191,0
55192,0
55193,0
55194,1
55195,1
55196,0
55197,1
55198,1
55199,1
552,1
5520,1
55200,0
55201,1
55202,0
55203,0
55204,0
55205,0
55206,0
55207,0
55208,1
55209,1
5521,1
55210,0
55211,0
55212,1
55213,1
55214,0
55215,1
55216,0
55217,0
55218,0
55219,1
5522,1
55220,0
55221,0
55222,1
55223,0
55224,0
55225,0
55226,0
55227,1
55228,0
55229,0
5523,1
55230,0
55231,0
55232,1
55233,1
55234,1
55235,0
55236,1
55237,0
55238,0
55239,1
5524,1
55240,1
55241,1
55242,0
55243,0
55244,1
55245,1
55246,0
55247,1
55248,0
55249,0
5525,1
55250,0
55251,0
55252,0
55253,1
55254,1
55255,0
55256,1
55257,0
55258,1
55259,0
5526,1
55260,0
55261,0
55262,0
55263,0
55264,0
55265,1
55266,0
55267,0
55268,0
55269,0
5527,1
55270,0
55271,1
55272,0
55273,1
55274,1
55275,0
55276,1
55277,0
55278,1
55279,0
5528,1
55280,0
55281,0
55282,1
55283,0
55284,1
55285,0
55286,0
55287,0
55288,0
55289,0
5529,1
55290,0
55291,1
55292,1
55293,0
55294,0
55295,1
55296,0
55297,0
55298,1
55299,0
553,1
5530,1
55300,0
55301,1
55302,0
55303,0
55304,0
55305,0
55306,0
55307,0
55308,1
55309,1
5531,1
55310,1
55311,1
55312,1
55313,0
55314,0
55315,1
55316,0
55317,0
55318,1
55319,1
5532,1
55320,0
55321,0
55322,0
55323,1
55324,0
55325,1
55326,0
55327,0
55328,0
55329,1
5533,1
55330,0
55331,0
55332,0
55333,0
55334,0
55335,0
55336,0
55337,0
55338,0
55339,1
5534,1
55340,1
55341,0
55342,0
55343,1
55344,0
55345,1
55346,1
55347,0
55348,1
55349,0
5535,1
55350,0
55351,1
55352,1
55353,0
55354,0
55355,0
55356,0
55357,0
55358,1
55359,0
5536,1
55360,1
55361,0
55362,0
55363,1
55364,0
55365,0
55366,0
55367,1
55368,0
55369,1
5537,1
55370,0
55371,0
55372,1
55373,1
55374,0
55375,0
55376,0
55377,0
55378,0
55379,0
5538,1
55380,1
55381,0
55382,0
55383,0
55384,1
55385,1
55386,1
55387,0
55388,0
55389,0
5539,1
55390,1
55391,0
55392,0
55393,0
55394,1
55395,0
55396,1
55397,0
55398,1
55399,0
554,1
5540,1
55400,0
55401,0
55402,0
55403,0
55404,1
55405,1
55406,1
55407,0
55408,0
55409,0
5541,1
55410,0
55411,0
55412,0
55413,0
55414,0
55415,1
55416,0
55417,0
55418,0
55419,0
5542,1
55420,0
55421,1
55422,0
55423,0
55424,1
55425,0
55426,0
55427,0
55428,0
55429,0
5543,1
55430,0
55431,0
55432,1
55433,0
55434,0
55435,0
55436,1
55437,0
55438,1
55439,0
5544,1
55440,0
55441,0
55442,1
55443,1
55444,0
55445,1
55446,0
55447,0
55448,1
55449,1
5545,1
55450,0
55451,0
55452,0
55453,0
55454,1
55455,1
55456,0
55457,0
55458,0
55459,1
5546,1
55460,1
55461,1
55462,0
55463,1
55464,1
55465,0
55466,0
55467,1
55468,0
55469,1
5547,1
55470,0
55471,0
55472,0
55473,1
55474,1
55475,1
55476,0
55477,0
55478,1
55479,0
5548,1
55480,0
55481,0
55482,0
55483,1
55484,0
55485,1
55486,0
55487,0
55488,0
55489,0
5549,1
55490,0
55491,1
55492,0
55493,0
55494,0
55495,0
55496,1
55497,1
55498,0
55499,1
555,1
5550,1
55500,1
55501,1
55502,0
55503,1
55504,1
55505,1
55506,1
55507,0
55508,0
55509,0
5551,1
55510,0
55511,1
55512,1
55513,0
55514,0
55515,0
55516,0
55517,0
55518,1
55519,1
5552,1
55520,1
55521,0
55522,0
55523,0
55524,0
55525,1
55526,0
55527,0
55528,0
55529,0
5553,1
55530,1
55531,0
55532,1
55533,0
55534,1
55535,1
55536,0
55537,0
55538,1
55539,0
5554,1
55540,1
55541,0
55542,0
55543,0
55544,0
55545,1
55546,0
55547,0
55548,0
55549,0
5555,1
55550,0
55551,1
55552,0
55553,0
55554,1
55555,0
55556,1
55557,0
55558,1
55559,0
5556,1
55560,0
55561,0
55562,0
55563,0
55564,1
55565,0
55566,0
55567,0
55568,0
55569,0
5557,1
55570,1
55571,0
55572,0
55573,0
55574,0
55575,1
55576,0
55577,0
55578,1
55579,0
5558,1
55580,0
55581,1
55582,0
55583,1
55584,0
55585,1
55586,0
55587,0
55588,0
55589,0
5559,0
55590,0
55591,1
55592,1
55593,1
55594,0
55595,1
55596,0
55597,0
55598,1
55599,1
556,0
5560,1
55600,0
55601,0
55602,1
55603,1
55604,1
55605,1
55606,0
55607,0
55608,0
55609,0
5561,1
55610,1
55611,0
55612,0
55613,0
55614,0
55615,0
55616,0
55617,1
55618,1
55619,0
5562,1
55620,0
55621,0
55622,0
55623,1
55624,0
55625,0
55626,0
55627,1
55628,0
55629,1
5563,1
55630,0
55631,1
55632,0
55633,0
55634,0
55635,0
55636,0
55637,0
55638,1
55639,0
5564,1
55640,1
55641,1
55642,0
55643,0
55644,1
55645,0
55646,0
55647,0
55648,0
55649,1
5565,1
55650,0
55651,0
55652,0
55653,0
55654,0
55655,0
55656,0
55657,0
55658,1
55659,0
5566,1
55660,0
55661,1
55662,0
55663,0
55664,0
55665,0
55666,1
55667,1
55668,0
55669,0
5567,1
55670,1
55671,0
55672,0
55673,0
55674,1
55675,0
55676,0
55677,0
55678,1
55679,1
5568,1
55680,1
55681,0
55682,0
55683,1
55684,0
55685,1
55686,0
55687,0
55688,1
55689,0
5569,1
55690,1
55691,0
55692,0
55693,0
55694,0
55695,1
55696,1
55697,0
55698,0
55699,0
557,0
5570,1
55700,1
55701,0
55702,0
55703,0
55704,1
55705,0
55706,1
55707,0
55708,1
55709,0
5571,1
55710,0
55711,0
55712,0
55713,0
55714,0
55715,1
55716,0
55717,1
55718,0
55719,0
5572,1
55720,1
55721,0
55722,0
55723,0
55724,1
55725,0
55726,1
55727,0
55728,0
55729,0
5573,1
55730,0
55731,1
55732,0
55733,0
55734,0
55735,1
55736,1
55737,0
55738,1
55739,1
5574,1
55740,0
55741,1
55742,0
55743,1
55744,0
55745,0
55746,0
55747,0
55748,1
55749,1
5575,1
55750,0
55751,1
55752,0
55753,0
55754,0
55755,0
55756,0
55757,1
55758,0
55759,1
5576,1
55760,0
55761,1
55762,0
55763,0
55764,1
55765,0
55766,1
55767,1
55768,0
55769,0
5577,1
55770,0
55771,0
55772,0
55773,1
55774,1
55775,1
55776,0
55777,0
55778,1
55779,0
5578,1
55780,0
55781,0
55782,0
55783,1
55784,0
55785,0
55786,0
55787,0
55788,0
55789,1
5579,1
55790,0
55791,0
55792,1
55793,1
55794,0
55795,0
55796,0
55797,1
55798,0
55799,0
558,1
5580,1
55800,1
55801,0
55802,0
55803,0
55804,0
55805,0
55806,0
55807,0
55808,1
55809,0
5581,1
55810,0
55811,0
55812,1
55813,1
55814,1
55815,0
55816,1
55817,1
55818,0
55819,1
5582,1
55820,0
55821,0
55822,0
55823,0
55824,1
55825,1
55826,0
55827,0
55828,1
55829,0
5583,1
55830,1
55831,1
55832,0
55833,0
55834,0
55835,0
55836,0
55837,0
55838,0
55839,0
5584,1
55840,1
55841,0
55842,0
55843,0
55844,0
55845,0
55846,1
55847,0
55848,1
55849,0
5585,1
55850,1
55851,0
55852,1
55853,0
55854,1
55855,0
55856,0
55857,1
55858,1
55859,1
5586,1
55860,0
55861,0
55862,0
55863,0
55864,0
55865,0
55866,1
55867,0
55868,0
55869,0
5587,1
55870,1
55871,0
55872,1
55873,0
55874,0
55875,0
55876,0
55877,1
55878,1
55879,1
5588,1
55880,0
55881,1
55882,0
55883,1
55884,1
55885,0
55886,0
55887,0
55888,0
55889,1
5589,1
55890,1
55891,0
55892,0
55893,1
55894,1
55895,0
55896,1
55897,1
55898,0
55899,0
559,1
5590,1
55900,0
55901,0
55902,1
55903,0
55904,1
55905,0
55906,0
55907,0
55908,1
55909,0
5591,1
55910,0
55911,1
55912,0
55913,1
55914,0
55915,1
55916,0
55917,0
55918,1
55919,1
5592,1
55920,0
55921,0
55922,1
55923,1
55924,0
55925,0
55926,1
55927,1
55928,0
55929,0
5593,1
55930,1
55931,1
55932,1
55933,0
55934,1
55935,0
55936,1
55937,1
55938,0
55939,0
5594,1
55940,0
55941,1
55942,0
55943,0
55944,0
55945,0
55946,0
55947,0
55948,0
55949,0
5595,1
55950,0
55951,0
55952,1
55953,1
55954,0
55955,0
55956,1
55957,0
55958,0
55959,0
5596,1
55960,1
55961,0
55962,0
55963,0
55964,0
55965,1
55966,0
55967,1
55968,0
55969,0
5597,1
55970,0
55971,0
55972,0
55973,0
55974,1
55975,0
55976,0
55977,0
55978,0
55979,0
5598,1
55980,1
55981,1
55982,0
55983,0
55984,0
55985,0
55986,0
55987,0
55988,1
55989,0
5599,1
55990,0
55991,0
55992,0
55993,0
55994,0
55995,0
55996,0
55997,0
55998,1
55999,0
56,1
560,1
5600,1
56000,0
56001,0
56002,1
56003,1
56004,0
56005,0
56006,0
56007,1
56008,1
56009,1
5601,1
56010,1
56011,1
56012,0
56013,0
56014,0
56015,0
56016,0
56017,1
56018,0
56019,1
5602,1
56020,1
56021,0
56022,0
56023,0
56024,0
56025,0
56026,1
56027,0
56028,0
56029,1
5603,1
56030,0
56031,0
56032,0
56033,1
56034,0
56035,1
56036,0
56037,1
56038,1
56039,1
5604,1
56040,0
56041,1
56042,0
56043,0
56044,0
56045,0
56046,0
56047,0
56048,1
56049,1
5605,1
56050,0
56051,1
56052,1
56053,1
56054,0
56055,0
56056,0
56057,0
56058,0
56059,0
5606,1
56060,0
56061,1
56062,1
56063,0
56064,0
56065,1
56066,1
56067,1
56068,1
56069,1
5607,1
56070,1
56071,0
56072,0
56073,0
56074,1
56075,0
56076,0
56077,0
56078,0
56079,0
5608,1
56080,0
56081,0
56082,1
56083,0
56084,1
56085,0
56086,1
56087,0
56088,0
56089,1
5609,1
56090,0
56091,0
56092,0
56093,0
56094,0
56095,0
56096,1
56097,1
56098,0
56099,0
561,1
5610,1
56100,1
56101,0
56102,0
56103,0
56104,1
56105,1
56106,1
56107,0
56108,0
56109,0
5611,1
56110,0
56111,0
56112,0
56113,0
56114,1
56115,1
56116,1
56117,0
56118,0
56119,1
5612,1
56120,0
56121,1
56122,0
56123,0
56124,0
56125,1
56126,0
56127,0
56128,0
56129,0
5613,1
56130,1
56131,0
56132,1
56133,1
56134,0
56135,0
56136,0
56137,1
56138,0
56139,0
5614,0
56140,0
56141,1
56142,0
56143,0
56144,0
56145,1
56146,0
56147,0
56148,1
56149,1
5615,1
56150,0
56151,1
56152,0
56153,0
56154,1
56155,0
56156,0
56157,0
56158,1
56159,1
5616,1
56160,1
56161,0
56162,0
56163,1
56164,1
56165,0
56166,1
56167,0
56168,1
56169,1
5617,1
56170,0
56171,1
56172,1
56173,0
56174,0
56175,0
56176,0
56177,1
56178,0
56179,0
5618,1
56180,0
56181,0
56182,0
56183,1
56184,0
56185,0
56186,0
56187,0
56188,0
56189,0
5619,1
56190,1
56191,1
56192,0
56193,0
56194,0
56195,0
56196,1
56197,1
56198,0
56199,0
562,1
5620,1
56200,1
56201,1
56202,1
56203,0
56204,1
56205,0
56206,0
56207,1
56208,0
56209,1
5621,1
56210,0
56211,0
56212,0
56213,0
56214,1
56215,0
56216,1
56217,0
56218,0
56219,1
5622,1
56220,0
56221,1
56222,0
56223,0
56224,0
56225,0
56226,1
56227,0
56228,0
56229,0
5623,1
56230,0
56231,1
56232,0
56233,0
56234,0
56235,1
56236,0
56237,0
56238,0
56239,0
5624,1
56240,0
56241,0
56242,0
56243,1
56244,0
56245,0
56246,1
56247,0
56248,0
56249,0
5625,1
56250,1
56251,0
56252,1
56253,0
56254,0
56255,1
56256,0
56257,0
56258,0
56259,0
5626,1
56260,1
56261,1
56262,0
56263,1
56264,0
56265,0
56266,0
56267,0
56268,0
56269,0
5627,1
56270,1
56271,0
56272,1
56273,1
56274,1
56275,0
56276,1
56277,0
56278,0
56279,1
5628,1
56280,1
56281,0
56282,0
56283,0
56284,1
56285,0
56286,0
56287,0
56288,0
56289,0
5629,1
56290,0
56291,0
56292,1
56293,0
56294,1
56295,0
56296,0
56297,0
56298,0
56299,1
563,1
5630,1
56300,1
56301,1
56302,0
56303,1
56304,0
56305,0
56306,0
56307,0
56308,1
56309,1
5631,1
56310,0
56311,0
56312,1
56313,0
56314,1
56315,0
56316,0
56317,1
56318,1
56319,0
5632,1
56320,0
56321,1
56322,0
56323,0
56324,0
56325,0
56326,0
56327,0
56328,0
56329,0
5633,1
56330,1
56331,1
56332,0
56333,0
56334,0
56335,0
56336,1
56337,0
56338,0
56339,0
5634,1
56340,1
56341,1
56342,0
56343,0
56344,0
56345,0
56346,1
56347,0
56348,0
56349,0
5635,1
56350,0
56351,1
56352,0
56353,0
56354,1
56355,1
56356,0
56357,0
56358,0
56359,0
5636,1
56360,1
56361,0
56362,0
56363,0
56364,1
56365,1
56366,0
56367,0
56368,1
56369,1
5637,1
56370,0
56371,0
56372,0
56373,0
56374,0
56375,1
56376,1
56377,1
56378,1
56379,0
5638,1
56380,0
56381,1
56382,0
56383,1
56384,0
56385,1
56386,0
56387,0
56388,1
56389,0
5639,1
56390,0
56391,0
56392,0
56393,0
56394,1
56395,1
56396,1
56397,1
56398,0
56399,0
564,1
5640,1
56400,1
56401,0
56402,1
56403,0
56404,0
56405,0
56406,1
56407,0
56408,1
56409,1
5641,1
56410,0
56411,0
56412,0
56413,1
56414,0
56415,0
56416,1
56417,1
56418,0
56419,0
5642,1
56420,0
56421,0
56422,0
56423,0
56424,1
56425,0
56426,0
56427,0
56428,1
56429,1
5643,1
56430,1
56431,0
56432,1
56433,0
56434,1
56435,0
56436,0
56437,0
56438,1
56439,0
5644,1
56440,0
56441,0
56442,1
56443,0
56444,1
56445,0
56446,1
56447,0
56448,0
56449,1
5645,1
56450,0
56451,0
56452,0
56453,0
56454,1
56455,0
56456,0
56457,1
56458,1
56459,0
5646,1
56460,0
56461,0
56462,0
56463,0
56464,0
56465,0
56466,0
56467,1
56468,1
56469,0
5647,1
56470,1
56471,1
56472,0
56473,0
56474,1
56475,0
56476,0
56477,0
56478,0
56479,1
5648,1
56480,1
56481,1
56482,0
56483,0
56484,1
56485,0
56486,1
56487,0
56488,0
56489,1
5649,1
56490,1
56491,0
56492,0
56493,1
56494,0
56495,1
56496,0
56497,1
56498,1
56499,0
565,0
5650,1
56500,0
56501,0
56502,0
56503,0
56504,0
56505,0
56506,1
56507,0
56508,0
56509,0
5651,1
56510,0
56511,0
56512,0
56513,1
56514,0
56515,0
56516,0
56517,1
56518,0
56519,0
5652,1
56520,0
56521,0
56522,1
56523,0
56524,0
56525,0
56526,0
56527,0
56528,0
56529,1
5653,1
56530,0
56531,1
56532,0
56533,0
56534,1
56535,1
56536,1
56537,0
56538,0
56539,1
5654,1
56540,1
56541,1
56542,1
56543,0
56544,0
56545,0
56546,1
56547,0
56548,1
56549,0
5655,1
56550,0
56551,0
56552,0
56553,1
56554,0
56555,0
56556,0
56557,0
56558,0
56559,1
5656,1
56560,0
56561,0
56562,0
56563,0
56564,1
56565,0
56566,1
56567,0
56568,0
56569,1
5657,1
56570,0
56571,0
56572,1
56573,0
56574,0
56575,0
56576,0
56577,0
56578,1
56579,0
5658,1
56580,1
56581,0
56582,0
56583,0
56584,0
56585,1
56586,0
56587,0
56588,0
56589,0
5659,1
56590,1
56591,0
56592,0
56593,0
56594,0
56595,0
56596,1
56597,0
56598,0
56599,1
566,1
5660,1
56600,0
56601,1
56602,0
56603,0
56604,1
56605,0
56606,0
56607,1
56608,0
56609,1
5661,1
56610,1
56611,0
56612,0
56613,0
56614,1
56615,1
56616,1
56617,0
56618,1
56619,0
5662,1
56620,1
56621,0
56622,1
56623,0
56624,0
56625,0
56626,1
56627,0
56628,1
56629,1
5663,1
56630,0
56631,1
56632,1
56633,0
56634,0
56635,1
56636,1
56637,0
56638,0
56639,0
5664,1
56640,0
56641,1
56642,0
56643,0
56644,0
56645,0
56646,1
56647,0
56648,0
56649,1
5665,1
56650,0
56651,1
56652,0
56653,1
56654,1
56655,1
56656,1
56657,1
56658,0
56659,0
5666,1
56660,0
56661,0
56662,1
56663,0
56664,1
56665,0
56666,0
56667,1
56668,0
56669,0
5667,1
56670,0
56671,1
56672,1
56673,1
56674,1
56675,0
56676,1
56677,1
56678,1
56679,1
5668,1
56680,1
56681,0
56682,0
56683,0
56684,1
56685,1
56686,0
56687,1
56688,0
56689,0
5669,1
56690,1
56691,1
56692,0
56693,1
56694,0
56695,1
56696,0
56697,0
56698,0
56699,0
567,1
5670,1
56700,0
56701,0
56702,0
56703,1
56704,1
56705,1
56706,0
56707,1
56708,0
56709,0
5671,1
56710,1
56711,1
56712,1
56713,1
56714,0
56715,0
56716,0
56717,1
56718,1
56719,1
5672,1
56720,0
56721,1
56722,0
56723,0
56724,1
56725,0
56726,0
56727,1
56728,0
56729,0
5673,1
56730,0
56731,1
56732,0
56733,1
56734,1
56735,1
56736,0
56737,0
56738,1
56739,0
5674,1
56740,0
56741,1
56742,1
56743,0
56744,1
56745,1
56746,0
56747,1
56748,0
56749,0
5675,1
56750,0
56751,0
56752,0
56753,0
56754,0
56755,1
56756,0
56757,1
56758,1
56759,1
5676,1
56760,1
56761,0
56762,0
56763,0
56764,1
56765,0
56766,0
56767,0
56768,0
56769,0
5677,1
56770,1
56771,1
56772,0
56773,0
56774,1
56775,0
56776,1
56777,0
56778,1
56779,1
5678,1
56780,1
56781,0
56782,1
56783,0
56784,0
56785,1
56786,0
56787,1
56788,1
56789,0
5679,1
56790,0
56791,1
56792,0
56793,1
56794,0
56795,0
56796,1
56797,0
56798,1
56799,1
568,1
5680,1
56800,1
56801,0
56802,1
56803,0
56804,0
56805,1
56806,1
56807,0
56808,0
56809,1
5681,1
56810,0
56811,1
56812,0
56813,0
56814,1
56815,0
56816,0
56817,0
56818,1
56819,1
5682,1
56820,0
56821,1
56822,0
56823,0
56824,0
56825,0
56826,0
56827,1
56828,1
56829,0
5683,1
56830,1
56831,0
56832,1
56833,0
56834,0
56835,1
56836,0
56837,0
56838,0
56839,1
5684,1
56840,0
56841,1
56842,0
56843,0
56844,1
56845,0
56846,1
56847,0
56848,0
56849,0
5685,1
56850,0
56851,1
56852,1
56853,1
56854,0
56855,1
56856,0
56857,0
56858,1
56859,1
5686,1
56860,0
56861,0
56862,0
56863,0
56864,0
56865,0
56866,0
56867,1
56868,0
56869,1
5687,1
56870,0
56871,1
56872,0
56873,0
56874,0
56875,1
56876,1
56877,0
56878,1
56879,0
5688,1
56880,0
56881,0
56882,1
56883,0
56884,0
56885,1
56886,0
56887,0
56888,1
56889,1
5689,1
56890,0
56891,0
56892,0
56893,0
56894,0
56895,0
56896,0
56897,0
56898,1
56899,0
569,1
5690,1
56900,0
56901,1
56902,1
56903,0
56904,1
56905,1
56906,0
56907,1
56908,1
56909,0
5691,1
56910,1
56911,1
56912,1
56913,0
56914,0
56915,1
56916,0
56917,0
56918,0
56919,0
5692,1
56920,0
56921,0
56922,1
56923,0
56924,1
56925,1
56926,1
56927,0
56928,0
56929,0
5693,1
56930,1
56931,0
56932,0
56933,1
56934,1
56935,0
56936,0
56937,0
56938,0
56939,1
5694,1
56940,1
56941,0
56942,0
56943,0
56944,0
56945,1
56946,1
56947,1
56948,0
56949,0
5695,1
56950,0
56951,1
56952,0
56953,0
56954,0
56955,1
56956,0
56957,0
56958,1
56959,1
5696,1
56960,0
56961,0
56962,1
56963,0
56964,1
56965,0
56966,0
56967,0
56968,0
56969,0
5697,1
56970,1
56971,1
56972,1
56973,1
56974,1
56975,0
56976,0
56977,0
56978,0
56979,0
5698,1
56980,1
56981,1
56982,0
56983,0
56984,1
56985,0
56986,1
56987,1
56988,0
56989,1
5699,1
56990,0
56991,0
56992,1
56993,0
56994,1
56995,1
56996,1
56997,0
56998,1
56999,1
57,1
570,1
5700,1
57000,0
57001,0
57002,1
57003,0
57004,1
57005,1
57006,0
57007,0
57008,0
57009,1
5701,1
57010,1
57011,0
57012,0
57013,0
57014,1
57015,1
57016,0
57017,0
57018,0
57019,0
5702,1
57020,0
57021,1
57022,1
57023,0
57024,0
57025,0
57026,0
57027,0
57028,1
57029,0
5703,1
57030,1
57031,0
57032,0
57033,0
57034,0
57035,1
57036,1
57037,1
57038,0
57039,0
5704,1
57040,0
57041,1
57042,1
57043,0
57044,1
57045,0
57046,1
57047,1
57048,1
57049,0
5705,1
57050,0
57051,0
57052,1
57053,0
57054,1
57055,1
57056,1
57057,1
57058,0
57059,1
5706,1
57060,1
57061,1
57062,0
57063,1
57064,1
57065,1
57066,0
57067,0
57068,0
57069,0
5707,1
57070,0
57071,1
57072,1
57073,0
57074,1
57075,1
57076,0
57077,1
57078,0
57079,0
5708,1
57080,1
57081,1
57082,1
57083,0
57084,0
57085,0
57086,0
57087,0
57088,1
57089,0
5709,1
57090,0
57091,0
57092,0
57093,0
57094,0
57095,0
57096,0
57097,0
57098,1
57099,0
571,1
5710,1
57100,0
57101,0
57102,0
57103,0
57104,1
57105,1
57106,1
57107,0
57108,1
57109,0
5711,1
57110,1
57111,0
57112,0
57113,0
57114,0
57115,0
57116,0
57117,0
57118,0
57119,1
5712,1
57120,0
57121,0
57122,0
57123,0
57124,1
57125,1
57126,1
57127,1
57128,1
57129,0
5713,1
57130,1
57131,0
57132,0
57133,1
57134,0
57135,0
57136,1
57137,1
57138,0
57139,0
5714,1
57140,1
57141,1
57142,1
57143,0
57144,1
57145,0
57146,0
57147,0
57148,0
57149,0
5715,1
57150,0
57151,1
57152,0
57153,1
57154,0
57155,1
57156,1
57157,0
57158,0
57159,1
5716,1
57160,1
57161,0
57162,0
57163,0
57164,0
57165,1
57166,1
57167,0
57168,0
57169,1
5717,1
57170,0
57171,0
57172,1
57173,0
57174,1
57175,0
57176,0
57177,1
57178,1
57179,1
5718,1
57180,1
57181,0
57182,1
57183,0
57184,1
57185,0
57186,1
57187,0
57188,0
57189,1
5719,1
57190,1
57191,1
57192,0
57193,0
57194,0
57195,0
57196,0
57197,1
57198,0
57199,0
572,1
5720,1
57200,0
57201,0
57202,0
57203,1
57204,1
57205,0
57206,0
57207,0
57208,1
57209,0
5721,1
57210,1
57211,0
57212,0
57213,1
57214,1
57215,0
57216,0
57217,0
57218,1
57219,0
5722,1
57220,0
57221,1
57222,0
57223,1
57224,0
57225,0
57226,1
57227,0
57228,1
57229,1
5723,1
57230,0
57231,0
57232,0
57233,0
57234,0
57235,1
57236,0
57237,0
57238,1
57239,0
5724,1
57240,0
57241,0
57242,0
57243,0
57244,0
57245,0
57246,0
57247,1
57248,1
57249,1
5725,1
57250,0
57251,0
57252,0
57253,1
57254,0
57255,1
57256,0
57257,1
57258,0
57259,1
5726,1
57260,0
57261,1
57262,0
57263,0
57264,0
57265,1
57266,1
57267,0
57268,1
57269,0
5727,1
57270,0
57271,1
57272,0
57273,1
57274,0
57275,0
57276,0
57277,0
57278,0
57279,1
5728,1
57280,0
57281,1
57282,1
57283,0
57284,1
57285,0
57286,1
57287,1
57288,0
57289,0
5729,1
57290,1
57291,0
57292,1
57293,0
57294,0
57295,1
57296,0
57297,0
57298,0
57299,0
573,1
5730,1
57300,0
57301,0
57302,0
57303,0
57304,1
57305,0
57306,0
57307,1
57308,1
57309,0
5731,1
57310,0
57311,1
57312,1
57313,0
57314,0
57315,1
57316,1
57317,1
57318,1
57319,0
5732,1
57320,1
57321,1
57322,0
57323,0
57324,0
57325,1
57326,0
57327,1
57328,0
57329,1
5733,0
57330,0
57331,0
57332,0
57333,0
57334,0
57335,0
57336,0
57337,0
57338,0
57339,1
5734,1
57340,0
57341,0
57342,0
57343,0
57344,1
57345,0
57346,0
57347,0
57348,0
57349,0
5735,1
57350,1
57351,1
57352,1
57353,1
57354,1
57355,1
57356,1
57357,0
57358,0
57359,0
5736,1
57360,0
57361,0
57362,1
57363,0
57364,0
57365,1
57366,0
57367,0
57368,0
57369,1
5737,1
57370,0
57371,1
57372,0
57373,0
57374,0
57375,1
57376,0
57377,0
57378,0
57379,1
5738,1
57380,1
57381,0
57382,0
57383,0
57384,0
57385,1
57386,1
57387,0
57388,0
57389,1
5739,0
57390,0
57391,0
57392,1
57393,1
57394,1
57395,1
57396,1
57397,0
57398,1
57399,0
574,1
5740,1
57400,1
57401,1
57402,1
57403,0
57404,0
57405,1
57406,0
57407,0
57408,0
57409,0
5741,1
57410,1
57411,0
57412,0
57413,1
57414,0
57415,1
57416,0
57417,1
57418,0
57419,1
5742,1
57420,0
57421,0
57422,1
57423,0
57424,1
57425,0
57426,0
57427,1
57428,0
57429,1
5743,1
57430,0
57431,1
57432,1
57433,0
57434,1
57435,1
57436,1
57437,0
57438,0
57439,1
5744,1
57440,1
57441,0
57442,1
57443,0
57444,1
57445,1
57446,1
57447,0
57448,0
57449,0
5745,1
57450,1
57451,1
57452,0
57453,1
57454,1
57455,0
57456,1
57457,0
57458,0
57459,1
5746,1
57460,1
57461,0
57462,1
57463,0
57464,0
57465,1
57466,0
57467,0
57468,0
57469,1
5747,1
57470,0
57471,0
57472,1
57473,0
57474,0
57475,1
57476,0
57477,1
57478,0
57479,0
5748,1
57480,0
57481,1
57482,0
57483,0
57484,0
57485,0
57486,1
57487,0
57488,1
57489,1
5749,1
57490,0
57491,0
57492,0
57493,1
57494,1
57495,1
57496,0
57497,0
57498,1
57499,0
575,1
5750,1
57500,0
57501,0
57502,0
57503,1
57504,1
57505,1
57506,0
57507,0
57508,1
57509,0
5751,1
57510,0
57511,1
57512,0
57513,0
57514,0
57515,0
57516,0
57517,0
57518,1
57519,1
5752,1
57520,0
57521,0
57522,1
57523,0
57524,0
57525,0
57526,1
57527,0
57528,0
57529,1
5753,1
57530,1
57531,1
57532,0
57533,1
57534,1
57535,0
57536,0
57537,0
57538,0
57539,0
5754,1
57540,0
57541,0
57542,1
57543,0
57544,0
57545,0
57546,0
57547,0
57548,0
57549,0
5755,1
57550,1
57551,1
57552,0
57553,1
57554,0
57555,1
57556,0
57557,0
57558,0
57559,0
5756,1
57560,0
57561,0
57562,0
57563,0
57564,1
57565,0
57566,0
57567,0
57568,0
57569,1
5757,1
57570,0
57571,1
57572,1
57573,1
57574,0
57575,1
57576,0
57577,0
57578,1
57579,0
5758,1
57580,0
57581,0
57582,0
57583,0
57584,0
57585,1
57586,0
57587,0
57588,1
57589,0
5759,1
57590,0
57591,1
57592,1
57593,0
57594,0
57595,0
57596,0
57597,0
57598,0
57599,0
576,1
5760,1
57600,0
57601,0
57602,0
57603,0
57604,1
57605,1
57606,1
57607,0
57608,0
57609,0
5761,1
57610,1
57611,0
57612,0
57613,1
57614,1
57615,0
57616,0
57617,0
57618,0
57619,0
5762,1
57620,0
57621,0
57622,1
57623,1
57624,1
57625,0
57626,0
57627,1
57628,1
57629,0
5763,1
57630,0
57631,1
57632,0
57633,1
57634,0
57635,0
57636,0
57637,0
57638,1
57639,0
5764,1
57640,1
57641,1
57642,1
57643,0
57644,0
57645,1
57646,1
57647,0
57648,0
57649,0
5765,1
57650,0
57651,0
57652,0
57653,0
57654,0
57655,0
57656,0
57657,0
57658,0
57659,0
5766,1
57660,1
57661,0
57662,0
57663,1
57664,1
57665,0
57666,0
57667,0
57668,1
57669,0
5767,1
57670,1
57671,0
57672,0
57673,0
57674,0
57675,0
57676,0
57677,0
57678,1
57679,1
5768,1
57680,0
57681,1
57682,0
57683,1
57684,1
57685,0
57686,1
57687,1
57688,1
57689,1
5769,1
57690,0
57691,1
57692,0
57693,0
57694,1
57695,0
57696,0
57697,0
57698,0
57699,0
577,1
5770,1
57700,0
57701,0
57702,1
57703,0
57704,1
57705,1
57706,1
57707,0
57708,1
57709,1
5771,1
57710,1
57711,0
57712,0
57713,1
57714,0
57715,0
57716,0
57717,1
57718,0
57719,1
5772,1
57720,1
57721,0
57722,0
57723,0
57724,1
57725,0
57726,0
57727,0
57728,0
57729,0
5773,1
57730,0
57731,1
57732,0
57733,0
57734,1
57735,0
57736,1
57737,1
57738,1
57739,1
5774,1
57740,1
57741,0
57742,0
57743,0
57744,0
57745,0
57746,1
57747,1
57748,1
57749,0
5775,1
57750,0
57751,1
57752,0
57753,0
57754,0
57755,0
57756,0
57757,0
57758,0
57759,1
5776,1
57760,0
57761,0
57762,1
57763,0
57764,0
57765,0
57766,0
57767,0
57768,0
57769,1
5777,1
57770,1
57771,1
57772,1
57773,0
57774,1
57775,0
57776,0
57777,0
57778,0
57779,0
5778,1
57780,0
57781,0
57782,0
57783,0
57784,1
57785,1
57786,0
57787,0
57788,0
57789,1
5779,1
57790,0
57791,1
57792,0
57793,0
57794,0
57795,0
57796,0
57797,0
57798,1
57799,1
578,1
5780,1
57800,0
57801,0
57802,0
57803,0
57804,0
57805,0
57806,1
57807,0
57808,0
57809,1
5781,1
57810,0
57811,0
57812,0
57813,0
57814,0
57815,1
57816,0
57817,1
57818,0
57819,1
5782,1
57820,0
57821,0
57822,0
57823,0
57824,0
57825,1
57826,1
57827,0
57828,0
57829,1
5783,1
57830,1
57831,1
57832,1
57833,0
57834,1
57835,1
57836,1
57837,0
57838,0
57839,1
5784,1
57840,0
57841,0
57842,0
57843,0
57844,0
57845,0
57846,0
57847,0
57848,0
57849,1
5785,1
57850,1
57851,0
57852,0
57853,1
57854,0
57855,0
57856,0
57857,0
57858,0
57859,1
5786,1
57860,1
57861,1
57862,0
57863,0
57864,0
57865,0
57866,1
57867,0
57868,0
57869,1
5787,1
57870,0
57871,0
57872,0
57873,0
57874,0
57875,0
57876,1
57877,0
57878,1
57879,0
5788,1
57880,0
57881,0
57882,0
57883,0
57884,1
57885,0
57886,0
57887,1
57888,1
57889,0
5789,1
57890,0
57891,1
57892,0
57893,1
57894,1
57895,0
57896,0
57897,0
57898,1
57899,0
579,1
5790,1
57900,0
57901,0
57902,0
57903,0
57904,0
57905,0
57906,0
57907,0
57908,1
57909,0
5791,1
57910,1
57911,0
57912,0
57913,1
57914,0
57915,1
57916,0
57917,0
57918,1
57919,1
5792,1
57920,0
57921,0
57922,1
57923,1
57924,0
57925,0
57926,0
57927,1
57928,0
57929,0
5793,1
57930,1
57931,0
57932,0
57933,0
57934,1
57935,0
57936,1
57937,0
57938,1
57939,0
5794,1
57940,0
57941,1
57942,1
57943,1
57944,0
57945,0
57946,1
57947,0
57948,0
57949,1
5795,1
57950,0
57951,1
57952,0
57953,1
57954,0
57955,1
57956,0
57957,0
57958,0
57959,0
5796,1
57960,1
57961,0
57962,0
57963,0
57964,0
57965,1
57966,0
57967,0
57968,1
57969,0
5797,1
57970,0
57971,0
57972,0
57973,0
57974,0
57975,0
57976,1
57977,1
57978,1
57979,0
5798,1
57980,0
57981,0
57982,0
57983,0
57984,0
57985,0
57986,0
57987,1
57988,0
57989,1
5799,1
57990,0
57991,0
57992,0
57993,0
57994,0
57995,1
57996,0
57997,0
57998,0
57999,1
58,1
580,1
5800,1
58000,0
58001,0
58002,0
58003,0
58004,1
58005,1
58006,0
58007,0
58008,0
58009,1
5801,1
58010,1
58011,1
58012,0
58013,1
58014,0
58015,1
58016,0
58017,0
58018,0
58019,0
5802,1
58020,0
58021,0
58022,0
58023,0
58024,0
58025,0
58026,0
58027,0
58028,0
58029,0
5803,1
58030,1
58031,1
58032,0
58033,1
58034,0
58035,0
58036,0
58037,0
58038,0
58039,0
5804,1
58040,1
58041,1
58042,0
58043,0
58044,1
58045,1
58046,0
58047,0
58048,0
58049,1
5805,1
58050,0
58051,0
58052,0
58053,0
58054,0
58055,0
58056,0
58057,0
58058,0
58059,0
5806,1
58060,0
58061,0
58062,1
58063,1
58064,1
58065,0
58066,0
58067,0
58068,0
58069,0
5807,1
58070,0
58071,1
58072,0
58073,0
58074,0
58075,0
58076,0
58077,0
58078,1
58079,0
5808,1
58080,1
58081,0
58082,1
58083,1
58084,1
58085,0
58086,0
58087,0
58088,0
58089,1
5809,1
58090,0
58091,0
58092,0
58093,0
58094,0
58095,1
58096,1
58097,0
58098,1
58099,0
581,1
5810,1
58100,0
58101,1
58102,0
58103,0
58104,1
58105,0
58106,1
58107,0
58108,0
58109,1
5811,1
58110,1
58111,0
58112,0
58113,1
58114,0
58115,0
58116,0
58117,0
58118,1
58119,0
5812,1
58120,0
58121,1
58122,1
58123,0
58124,0
58125,0
58126,1
58127,0
58128,0
58129,0
5813,1
58130,0
58131,1
58132,1
58133,0
58134,0
58135,1
58136,0
58137,1
58138,0
58139,1
5814,1
58140,1
58141,0
58142,1
58143,1
58144,1
58145,0
58146,0
58147,1
58148,1
58149,1
5815,1
58150,0
58151,0
58152,1
58153,0
58154,0
58155,1
58156,0
58157,1
58158,0
58159,1
5816,1
58160,0
58161,0
58162,1
58163,0
58164,0
58165,0
58166,1
58167,0
58168,1
58169,1
5817,1
58170,1
58171,1
58172,1
58173,0
58174,1
58175,1
58176,1
58177,1
58178,1
58179,1
5818,1
58180,0
58181,1
58182,0
58183,0
58184,0
58185,0
58186,1
58187,0
58188,0
58189,0
5819,1
58190,0
58191,1
58192,0
58193,1
58194,0
58195,0
58196,0
58197,0
58198,1
58199,0
582,1
5820,1
58200,0
58201,0
58202,0
58203,1
58204,0
58205,1
58206,0
58207,0
58208,0
58209,0
5821,1
58210,0
58211,0
58212,0
58213,0
58214,1
58215,1
58216,1
58217,1
58218,0
58219,1
5822,1
58220,1
58221,0
58222,0
58223,0
58224,0
58225,1
58226,1
58227,0
58228,0
58229,0
5823,1
58230,0
58231,0
58232,0
58233,0
58234,1
58235,1
58236,0
58237,0
58238,1
58239,0
5824,1
58240,1
58241,0
58242,0
58243,0
58244,0
58245,0
58246,1
58247,1
58248,0
58249,0
5825,1
58250,1
58251,0
58252,1
58253,1
58254,0
58255,0
58256,1
58257,0
58258,0
58259,0
5826,1
58260,1
58261,1
58262,0
58263,1
58264,1
58265,0
58266,0
58267,1
58268,0
58269,0
5827,1
58270,0
58271,0
58272,0
58273,1
58274,1
58275,1
58276,1
58277,0
58278,0
58279,0
5828,1
58280,1
58281,0
58282,0
58283,0
58284,0
58285,0
58286,0
58287,0
58288,0
58289,1
5829,1
58290,0
58291,0
58292,1
58293,1
58294,0
58295,0
58296,0
58297,1
58298,0
58299,0
583,1
5830,1
58300,0
58301,0
58302,0
58303,0
58304,0
58305,1
58306,0
58307,0
58308,0
58309,0
5831,1
58310,0
58311,0
58312,1
58313,0
58314,1
58315,1
58316,0
58317,1
58318,0
58319,0
5832,1
58320,0
58321,0
58322,1
58323,1
58324,0
58325,0
58326,0
58327,1
58328,0
58329,0
5833,1
58330,0
58331,0
58332,0
58333,1
58334,0
58335,0
58336,0
58337,0
58338,1
58339,0
5834,1
58340,0
58341,0
58342,0
58343,1
58344,0
58345,0
58346,0
58347,0
58348,0
58349,1
5835,1
58350,0
58351,1
58352,0
58353,1
58354,0
58355,1
58356,0
58357,1
58358,0
58359,1
5836,0
58360,0
58361,0
58362,0
58363,0
58364,0
58365,0
58366,0
58367,0
58368,0
58369,0
5837,1
58370,0
58371,0
58372,0
58373,0
58374,1
58375,0
58376,1
58377,0
58378,1
58379,0
5838,1
58380,1
58381,0
58382,0
58383,1
58384,0
58385,1
58386,1
58387,1
58388,0
58389,0
5839,1
58390,1
58391,1
58392,0
58393,1
58394,0
58395,0
58396,0
58397,0
58398,1
58399,0
584,1
5840,1
58400,1
58401,0
58402,0
58403,1
58404,0
58405,0
58406,0
58407,0
58408,0
58409,1
5841,1
58410,0
58411,1
58412,1
58413,1
58414,0
58415,1
58416,1
58417,0
58418,0
58419,1
5842,1
58420,0
58421,0
58422,1
58423,0
58424,0
58425,0
58426,1
58427,0
58428,1
58429,0
5843,1
58430,0
58431,0
58432,1
58433,1
58434,1
58435,0
58436,0
58437,0
58438,1
58439,1
5844,1
58440,1
58441,0
58442,1
58443,1
58444,0
58445,0
58446,0
58447,0
58448,1
58449,0
5845,1
58450,0
58451,0
58452,0
58453,1
58454,1
58455,0
58456,1
58457,0
58458,0
58459,0
5846,1
58460,0
58461,0
58462,0
58463,0
58464,1
58465,0
58466,1
58467,1
58468,0
58469,0
5847,1
58470,0
58471,0
58472,0
58473,0
58474,0
58475,0
58476,0
58477,0
58478,0
58479,0
5848,1
58480,0
58481,0
58482,0
58483,0
58484,0
58485,0
58486,1
58487,1
58488,0
58489,1
5849,1
58490,0
58491,0
58492,0
58493,0
58494,1
58495,1
58496,0
58497,0
58498,0
58499,1
585,1
5850,1
58500,0
58501,1
58502,0
58503,1
58504,0
58505,0
58506,0
58507,0
58508,0
58509,0
5851,1
58510,1
58511,0
58512,1
58513,1
58514,1
58515,0
58516,1
58517,0
58518,0
58519,0
5852,1
58520,1
58521,0
58522,1
58523,0
58524,1
58525,0
58526,0
58527,1
58528,0
58529,0
5853,1
58530,0
58531,0
58532,0
58533,0
58534,0
58535,0
58536,0
58537,0
58538,0
58539,0
5854,0
58540,0
58541,0
58542,0
58543,1
58544,0
58545,0
58546,0
58547,1
58548,1
58549,0
5855,1
58550,1
58551,0
58552,1
58553,0
58554,1
58555,1
58556,1
58557,0
58558,0
58559,1
5856,1
58560,0
58561,1
58562,0
58563,0
58564,1
58565,1
58566,0
58567,0
58568,0
58569,0
5857,1
58570,1
58571,0
58572,0
58573,1
58574,0
58575,0
58576,1
58577,0
58578,0
58579,1
5858,1
58580,1
58581,0
58582,0
58583,0
58584,0
58585,0
58586,1
58587,0
58588,1
58589,0
5859,1
58590,1
58591,1
58592,0
58593,0
58594,1
58595,0
58596,0
58597,0
58598,0
58599,0
586,1
5860,1
58600,0
58601,0
58602,0
58603,1
58604,0
58605,0
58606,1
58607,1
58608,0
58609,0
5861,1
58610,1
58611,0
58612,0
58613,0
58614,0
58615,0
58616,0
58617,0
58618,0
58619,0
5862,1
58620,0
58621,1
58622,0
58623,1
58624,1
58625,0
58626,0
58627,0
58628,1
58629,0
5863,1
58630,0
58631,0
58632,1
58633,0
58634,0
58635,1
58636,0
58637,0
58638,1
58639,1
5864,1
58640,0
58641,0
58642,1
58643,1
58644,1
58645,0
58646,0
58647,1
58648,0
58649,0
5865,1
58650,1
58651,0
58652,0
58653,0
58654,0
58655,1
58656,1
58657,0
58658,0
58659,0
5866,1
58660,0
58661,1
58662,0
58663,1
58664,0
58665,1
58666,0
58667,1
58668,1
58669,0
5867,1
58670,1
58671,0
58672,0
58673,0
58674,0
58675,1
58676,0
58677,0
58678,0
58679,1
5868,1
58680,1
58681,0
58682,0
58683,1
58684,0
58685,1
58686,1
58687,0
58688,1
58689,0
5869,1
58690,1
58691,1
58692,0
58693,0
58694,1
58695,1
58696,0
58697,0
58698,0
58699,0
587,0
5870,1
58700,0
58701,0
58702,1
58703,0
58704,0
58705,1
58706,0
58707,0
58708,0
58709,0
5871,1
58710,0
58711,0
58712,0
58713,1
58714,1
58715,0
58716,1
58717,0
58718,0
58719,0
5872,1
58720,0
58721,0
58722,1
58723,0
58724,0
58725,0
58726,1
58727,1
58728,0
58729,1
5873,1
58730,0
58731,1
58732,1
58733,1
58734,0
58735,0
58736,1
58737,0
58738,0
58739,0
5874,1
58740,0
58741,0
58742,0
58743,0
58744,0
58745,0
58746,1
58747,1
58748,1
58749,0
5875,1
58750,1
58751,0
58752,0
58753,1
58754,0
58755,0
58756,0
58757,1
58758,1
58759,0
5876,1
58760,0
58761,0
58762,0
58763,1
58764,0
58765,0
58766,0
58767,1
58768,1
58769,0
5877,1
58770,0
58771,0
58772,1
58773,1
58774,0
58775,1
58776,1
58777,1
58778,0
58779,0
5878,1
58780,0
58781,0
58782,0
58783,0
58784,0
58785,1
58786,0
58787,0
58788,0
58789,1
5879,1
58790,0
58791,1
58792,0
58793,1
58794,0
58795,0
58796,0
58797,0
58798,1
58799,1
588,1
5880,1
58800,0
58801,1
58802,1
58803,0
58804,0
58805,1
58806,1
58807,0
58808,1
58809,0
5881,1
58810,1
58811,1
58812,0
58813,0
58814,1
58815,0
58816,1
58817,0
58818,0
58819,0
5882,1
58820,0
58821,0
58822,1
58823,1
58824,0
58825,0
58826,1
58827,0
58828,0
58829,0
5883,1
58830,1
58831,1
58832,1
58833,0
58834,1
58835,0
58836,0
58837,1
58838,1
58839,0
5884,1
58840,0
58841,0
58842,1
58843,0
58844,0
58845,0
58846,1
58847,0
58848,0
58849,1
5885,1
58850,0
58851,0
58852,0
58853,1
58854,0
58855,0
58856,1
58857,1
58858,1
58859,0
5886,1
58860,1
58861,1
58862,0
58863,1
58864,0
58865,0
58866,0
58867,0
58868,0
58869,0
5887,1
58870,1
58871,0
58872,0
58873,0
58874,0
58875,0
58876,1
58877,0
58878,0
58879,0
5888,1
58880,0
58881,0
58882,1
58883,1
58884,1
58885,0
58886,1
58887,0
58888,0
58889,0
5889,1
58890,0
58891,0
58892,0
58893,0
58894,1
58895,1
58896,0
58897,0
58898,1
58899,0
589,1
5890,1
58900,0
58901,1
58902,1
58903,0
58904,1
58905,0
58906,0
58907,0
58908,1
58909,0
5891,1
58910,1
58911,0
58912,0
58913,0
58914,0
58915,1
58916,1
58917,0
58918,1
58919,0
5892,1
58920,0
58921,0
58922,1
58923,0
58924,0
58925,0
58926,0
58927,1
58928,1
58929,0
5893,1
58930,1
58931,1
58932,1
58933,1
58934,1
58935,1
58936,1
58937,1
58938,0
58939,0
5894,1
58940,0
58941,1
58942,0
58943,0
58944,0
58945,0
58946,1
58947,1
58948,0
58949,0
5895,1
58950,0
58951,1
58952,1
58953,1
58954,0
58955,0
58956,0
58957,0
58958,0
58959,0
5896,1
58960,0
58961,0
58962,1
58963,1
58964,0
58965,1
58966,1
58967,0
58968,0
58969,1
5897,1
58970,0
58971,1
58972,0
58973,0
58974,0
58975,0
58976,0
58977,0
58978,1
58979,0
5898,1
58980,1
58981,0
58982,1
58983,0
58984,0
58985,0
58986,0
58987,1
58988,0
58989,0
5899,1
58990,0
58991,0
58992,0
58993,0
58994,1
58995,0
58996,0
58997,0
58998,0
58999,0
59,1
590,1
5900,1
59000,0
59001,0
59002,0
59003,1
59004,0
59005,1
59006,0
59007,0
59008,1
59009,1
5901,1
59010,0
59011,0
59012,0
59013,0
59014,1
59015,0
59016,0
59017,0
59018,0
59019,1
5902,1
59020,1
59021,0
59022,1
59023,0
59024,0
59025,0
59026,0
59027,0
59028,0
59029,1
5903,1
59030,0
59031,0
59032,1
59033,1
59034,0
59035,1
59036,1
59037,1
59038,0
59039,0
5904,1
59040,0
59041,1
59042,1
59043,0
59044,0
59045,1
59046,0
59047,0
59048,0
59049,1
5905,1
59050,0
59051,0
59052,0
59053,0
59054,0
59055,0
59056,0
59057,0
59058,0
59059,0
5906,1
59060,0
59061,1
59062,0
59063,1
59064,0
59065,1
59066,0
59067,0
59068,0
59069,1
5907,1
59070,0
59071,1
59072,0
59073,0
59074,0
59075,0
59076,0
59077,1
59078,0
59079,1
5908,1
59080,1
59081,1
59082,1
59083,1
59084,1
59085,1
59086,0
59087,1
59088,0
59089,0
5909,1
59090,0
59091,1
59092,0
59093,0
59094,1
59095,0
59096,0
59097,1
59098,0
59099,0
591,1
5910,1
59100,0
59101,0
59102,0
59103,0
59104,1
59105,1
59106,0
59107,0
59108,1
59109,1
5911,1
59110,0
59111,0
59112,1
59113,1
59114,0
59115,0
59116,0
59117,1
59118,0
59119,0
5912,1
59120,0
59121,1
59122,0
59123,1
59124,1
59125,0
59126,0
59127,0
59128,1
59129,0
5913,1
59130,1
59131,0
59132,1
59133,0
59134,1
59135,1
59136,1
59137,0
59138,1
59139,1
5914,1
59140,0
59141,0
59142,0
59143,0
59144,0
59145,1
59146,0
59147,0
59148,0
59149,1
5915,1
59150,0
59151,0
59152,0
59153,0
59154,1
59155,0
59156,0
59157,0
59158,1
59159,0
5916,1
59160,0
59161,1
59162,0
59163,1
59164,1
59165,0
59166,1
59167,1
59168,0
59169,0
5917,1
59170,1
59171,0
59172,1
59173,0
59174,0
59175,0
59176,0
59177,0
59178,0
59179,0
5918,1
59180,0
59181,0
59182,1
59183,1
59184,0
59185,0
59186,1
59187,0
59188,0
59189,1
5919,1
59190,0
59191,0
59192,0
59193,0
59194,1
59195,0
59196,0
59197,1
59198,1
59199,1
592,1
5920,1
59200,0
59201,1
59202,1
59203,0
59204,1
59205,0
59206,0
59207,0
59208,0
59209,1
5921,1
59210,1
59211,0
59212,1
59213,1
59214,1
59215,0
59216,0
59217,1
59218,0
59219,1
5922,1
59220,1
59221,0
59222,0
59223,0
59224,0
59225,0
59226,0
59227,0
59228,0
59229,1
5923,1
59230,0
59231,0
59232,0
59233,1
59234,0
59235,0
59236,0
59237,0
59238,0
59239,1
5924,1
59240,1
59241,1
59242,0
59243,0
59244,1
59245,1
59246,0
59247,1
59248,0
59249,0
5925,1
59250,0
59251,0
59252,0
59253,0
59254,0
59255,0
59256,1
59257,1
59258,1
59259,0
5926,1
59260,1
59261,1
59262,0
59263,0
59264,1
59265,0
59266,0
59267,1
59268,1
59269,1
5927,1
59270,0
59271,0
59272,0
59273,0
59274,0
59275,0
59276,0
59277,0
59278,1
59279,0
5928,1
59280,1
59281,0
59282,1
59283,1
59284,0
59285,1
59286,1
59287,1
59288,0
59289,0
5929,1
59290,0
59291,0
59292,1
59293,0
59294,1
59295,0
59296,0
59297,0
59298,0
59299,1
593,1
5930,1
59300,1
59301,0
59302,1
59303,0
59304,1
59305,1
59306,0
59307,0
59308,0
59309,1
5931,1
59310,0
59311,0
59312,0
59313,0
59314,0
59315,0
59316,0
59317,1
59318,1
59319,0
5932,1
59320,0
59321,0
59322,1
59323,0
59324,0
59325,0
59326,0
59327,0
59328,0
59329,0
5933,1
59330,0
59331,1
59332,1
59333,0
59334,1
59335,0
59336,1
59337,1
59338,1
59339,0
5934,1
59340,0
59341,0
59342,0
59343,0
59344,0
59345,1
59346,1
59347,1
59348,0
59349,1
5935,1
59350,1
59351,0
59352,1
59353,0
59354,1
59355,1
59356,0
59357,0
59358,1
59359,1
5936,1
59360,0
59361,0
59362,0
59363,1
59364,0
59365,1
59366,0
59367,0
59368,0
59369,0
5937,1
59370,0
59371,0
59372,1
59373,0
59374,0
59375,1
59376,1
59377,1
59378,0
59379,1
5938,1
59380,1
59381,0
59382,0
59383,0
59384,0
59385,1
59386,1
59387,0
59388,0
59389,0
5939,1
59390,0
59391,1
59392,1
59393,0
59394,0
59395,0
59396,1
59397,1
59398,1
59399,1
594,0
5940,1
59400,1
59401,0
59402,1
59403,0
59404,1
59405,0
59406,0
59407,0
59408,0
59409,1
5941,1
59410,1
59411,0
59412,0
59413,0
59414,1
59415,1
59416,0
59417,0
59418,1
59419,1
5942,1
59420,0
59421,0
59422,0
59423,1
59424,0
59425,1
59426,1
59427,0
59428,0
59429,1
5943,1
59430,1
59431,0
59432,0
59433,0
59434,0
59435,0
59436,0
59437,0
59438,1
59439,0
5944,1
59440,1
59441,0
59442,0
59443,0
59444,1
59445,1
59446,1
59447,0
59448,1
59449,0
5945,1
59450,0
59451,1
59452,0
59453,0
59454,0
59455,0
59456,1
59457,0
59458,0
59459,0
5946,1
59460,0
59461,0
59462,0
59463,0
59464,0
59465,1
59466,1
59467,1
59468,0
59469,1
5947,1
59470,0
59471,0
59472,1
59473,0
59474,0
59475,0
59476,1
59477,0
59478,0
59479,1
5948,1
59480,0
59481,0
59482,1
59483,1
59484,1
59485,0
59486,0
59487,0
59488,1
59489,1
5949,1
59490,0
59491,1
59492,0
59493,0
59494,1
59495,0
59496,0
59497,1
59498,1
59499,1
595,1
5950,1
59500,1
59501,0
59502,0
59503,1
59504,1
59505,0
59506,1
59507,0
59508,0
59509,0
5951,1
59510,0
59511,0
59512,0
59513,1
59514,1
59515,0
59516,0
59517,1
59518,0
59519,0
5952,1
59520,1
59521,0
59522,0
59523,0
59524,1
59525,0
59526,0
59527,0
59528,0
59529,0
5953,1
59530,0
59531,1
59532,0
59533,1
59534,1
59535,1
59536,0
59537,1
59538,0
59539,0
5954,1
59540,0
59541,0
59542,0
59543,0
59544,0
59545,0
59546,0
59547,1
59548,0
59549,1
5955,1
59550,1
59551,0
59552,0
59553,0
59554,0
59555,0
59556,0
59557,0
59558,1
59559,0
5956,1
59560,0
59561,0
59562,0
59563,1
59564,1
59565,0
59566,0
59567,1
59568,0
59569,0
5957,1
59570,0
59571,1
59572,0
59573,0
59574,1
59575,1
59576,0
59577,0
59578,0
59579,1
5958,1
59580,0
59581,1
59582,0
59583,0
59584,0
59585,0
59586,0
59587,0
59588,0
59589,1
5959,1
59590,0
59591,0
59592,1
59593,0
59594,1
59595,0
59596,0
59597,1
59598,0
59599,1
596,1
5960,1
59600,1
59601,0
59602,1
59603,1
59604,1
59605,1
59606,1
59607,1
59608,0
59609,0
5961,1
59610,1
59611,0
59612,0
59613,0
59614,0
59615,0
59616,0
59617,0
59618,1
59619,0
5962,1
59620,0
59621,1
59622,0
59623,0
59624,1
59625,1
59626,0
59627,1
59628,1
59629,0
5963,1
59630,1
59631,0
59632,0
59633,0
59634,0
59635,0
59636,0
59637,0
59638,0
59639,0
5964,1
59640,1
59641,0
59642,1
59643,0
59644,0
59645,1
59646,0
59647,1
59648,0
59649,0
5965,1
59650,0
59651,0
59652,1
59653,1
59654,0
59655,0
59656,0
59657,1
59658,1
59659,1
5966,1
59660,0
59661,1
59662,0
59663,1
59664,0
59665,1
59666,0
59667,1
59668,0
59669,0
5967,1
59670,1
59671,1
59672,0
59673,1
59674,1
59675,0
59676,0
59677,1
59678,0
59679,0
5968,1
59680,0
59681,1
59682,0
59683,1
59684,0
59685,0
59686,0
59687,1
59688,0
59689,1
5969,1
59690,0
59691,0
59692,0
59693,0
59694,0
59695,1
59696,0
59697,0
59698,1
59699,1
597,1
5970,1
59700,0
59701,0
59702,1
59703,0
59704,1
59705,1
59706,0
59707,0
59708,1
59709,0
5971,1
59710,1
59711,1
59712,0
59713,0
59714,1
59715,0
59716,1
59717,1
59718,1
59719,0
5972,1
59720,0
59721,0
59722,0
59723,0
59724,0
59725,0
59726,0
59727,0
59728,0
59729,1
5973,1
59730,1
59731,0
59732,0
59733,0
59734,0
59735,0
59736,1
59737,1
59738,1
59739,0
5974,1
59740,0
59741,0
59742,1
59743,0
59744,1
59745,0
59746,0
59747,1
59748,0
59749,0
5975,1
59750,0
59751,1
59752,0
59753,0
59754,1
59755,1
59756,0
59757,0
59758,0
59759,1
5976,1
59760,1
59761,1
59762,0
59763,0
59764,1
59765,0
59766,0
59767,0
59768,0
59769,0
5977,1
59770,1
59771,0
59772,0
59773,0
59774,0
59775,0
59776,0
59777,1
59778,0
59779,0
5978,1
59780,0
59781,0
59782,1
59783,0
59784,0
59785,0
59786,0
59787,0
59788,1
59789,0
5979,1
59790,0
59791,0
59792,1
59793,1
59794,0
59795,1
59796,1
59797,0
59798,0
59799,1
598,1
5980,1
59800,1
59801,1
59802,0
59803,0
59804,0
59805,1
59806,0
59807,1
59808,0
59809,0
5981,1
59810,0
59811,1
59812,1
59813,0
59814,1
59815,0
59816,0
59817,0
59818,1
59819,0
5982,1
59820,1
59821,0
59822,0
59823,1
59824,0
59825,1
59826,1
59827,0
59828,0
59829,0
5983,1
59830,0
59831,1
59832,0
59833,0
59834,0
59835,0
59836,1
59837,0
59838,0
59839,0
5984,1
59840,0
59841,0
59842,0
59843,1
59844,0
59845,0
59846,0
59847,0
59848,0
59849,0
5985,1
59850,0
59851,1
59852,0
59853,1
59854,0
59855,1
59856,0
59857,1
59858,1
59859,0
5986,1
59860,0
59861,0
59862,1
59863,0
59864,0
59865,0
59866,0
59867,1
59868,1
59869,0
5987,1
59870,0
59871,1
59872,1
59873,0
59874,1
59875,0
59876,1
59877,1
59878,0
59879,1
5988,1
59880,0
59881,0
59882,1
59883,1
59884,0
59885,1
59886,1
59887,0
59888,0
59889,0
5989,1
59890,0
59891,0
59892,0
59893,1
59894,0
59895,0
59896,0
59897,0
59898,0
59899,0
599,1
5990,1
59900,1
59901,1
59902,0
59903,1
59904,0
59905,0
59906,1
59907,0
59908,0
59909,0
5991,1
59910,0
59911,0
59912,1
59913,0
59914,0
59915,0
59916,1
59917,0
59918,0
59919,0
5992,1
59920,1
59921,0
59922,0
59923,0
59924,1
59925,0
59926,1
59927,0
59928,1
59929,0
5993,1
59930,0
59931,1
59932,0
59933,1
59934,1
59935,0
59936,0
59937,0
59938,0
59939,1
5994,1
59940,0
59941,1
59942,1
59943,0
59944,0
59945,0
59946,0
59947,0
59948,0
59949,1
5995,1
59950,1
59951,1
59952,1
59953,0
59954,0
59955,0
59956,1
59957,1
59958,0
59959,0
5996,1
59960,1
59961,0
59962,1
59963,0
59964,1
59965,0
59966,0
59967,1
59968,1
59969,0
5997,1
59970,1
59971,0
59972,0
59973,0
59974,0
59975,0
59976,1
59977,1
59978,0
59979,0
5998,1
59980,0
59981,1
59982,1
59983,1
59984,0
59985,1
59986,1
59987,0
59988,0
59989,1
5999,1
59990,1
59991,0
59992,0
59993,0
59994,0
59995,0
59996,0
59997,0
59998,0
59999,0
6,1
60,1
600,1
6000,1
60000,0
60001,0
60002,0
60003,1
60004,0
60005,0
60006,1
60007,0
60008,1
60009,0
6001,1
60010,1
60011,1
60012,0
60013,0
60014,0
60015,0
60016,0
60017,1
60018,1
60019,0
6002,1
60020,0
60021,1
60022,0
60023,1
60024,0
60025,0
60026,0
60027,0
60028,0
60029,0
6003,1
60030,1
60031,1
60032,0
60033,1
60034,0
60035,1
60036,0
60037,0
60038,1
60039,0
6004,1
60040,0
60041,0
60042,0
60043,1
60044,0
60045,1
60046,0
60047,0
60048,1
60049,1
6005,1
60050,0
60051,1
60052,1
60053,1
60054,1
60055,0
60056,0
60057,0
60058,0
60059,1
6006,1
60060,0
60061,0
60062,0
60063,1
60064,0
60065,1
60066,0
60067,0
60068,0
60069,1
6007,1
60070,0
60071,0
60072,0
60073,0
60074,1
60075,1
60076,0
60077,0
60078,0
60079,0
6008,1
60080,0
60081,1
60082,0
60083,0
60084,0
60085,0
60086,1
60087,0
60088,0
60089,0
6009,1
60090,0
60091,1
60092,1
60093,0
60094,0
60095,0
60096,0
60097,0
60098,0
60099,0
601,0
6010,1
60100,1
60101,0
60102,0
60103,1
60104,0
60105,0
60106,0
60107,0
60108,0
60109,1
6011,1
60110,1
60111,0
60112,0
60113,1
60114,0
60115,1
60116,1
60117,0
60118,1
60119,0
6012,1
60120,0
60121,1
60122,1
60123,0
60124,0
60125,1
60126,0
60127,0
60128,0
60129,0
6013,1
60130,1
60131,0
60132,0
60133,0
60134,1
60135,0
60136,0
60137,0
60138,0
60139,0
6014,1
60140,0
60141,0
60142,0
60143,0
60144,1
60145,0
60146,1
60147,1
60148,0
60149,0
6015,1
60150,0
60151,0
60152,0
60153,1
60154,1
60155,1
60156,1
60157,0
60158,0
60159,0
6016,1
60160,0
60161,1
60162,1
60163,0
60164,0
60165,0
60166,1
60167,0
60168,1
60169,0
6017,1
60170,0
60171,0
60172,1
60173,0
60174,0
60175,0
60176,0
60177,0
60178,0
60179,1
6018,1
60180,1
60181,1
60182,0
60183,0
60184,0
60185,1
60186,1
60187,0
60188,0
60189,0
6019,1
60190,0
60191,0
60192,0
60193,1
60194,0
60195,1
60196,0
60197,0
60198,0
60199,1
602,1
6020,1
60200,0
60201,0
60202,0
60203,0
60204,0
60205,1
60206,1
60207,1
60208,1
60209,0
6021,1
60210,0
60211,1
60212,0
60213,1
60214,0
60215,1
60216,1
60217,0
60218,0
60219,0
6022,1
60220,0
60221,1
60222,0
60223,0
60224,1
60225,0
60226,1
60227,1
60228,0
60229,0
6023,1
60230,0
60231,0
60232,1
60233,1
60234,0
60235,1
60236,1
60237,0
60238,1
60239,0
6024,1
60240,1
60241,0
60242,0
60243,0
60244,0
60245,0
60246,0
60247,0
60248,1
60249,0
6025,1
60250,0
60251,0
60252,1
60253,1
60254,0
60255,0
60256,0
60257,0
60258,1
60259,1
6026,1
60260,0
60261,0
60262,0
60263,1
60264,0
60265,0
60266,0
60267,0
60268,0
60269,1
6027,1
60270,1
60271,0
60272,1
60273,0
60274,1
60275,0
60276,1
60277,1
60278,1
60279,0
6028,1
60280,0
60281,1
60282,0
60283,0
60284,0
60285,0
60286,0
60287,0
60288,0
60289,1
6029,1
60290,0
60291,0
60292,0
60293,0
60294,0
60295,1
60296,0
60297,0
60298,1
60299,1
603,1
6030,1
60300,0
60301,1
60302,0
60303,1
60304,0
60305,0
60306,0
60307,0
60308,1
60309,0
6031,1
60310,0
60311,1
60312,1
60313,0
60314,0
60315,1
60316,0
60317,1
60318,0
60319,0
6032,1
60320,0
60321,0
60322,1
60323,0
60324,0
60325,0
60326,0
60327,1
60328,0
60329,0
6033,0
60330,0
60331,1
60332,1
60333,0
60334,0
60335,0
60336,1
60337,0
60338,0
60339,0
6034,1
60340,0
60341,0
60342,0
60343,1
60344,0
60345,0
60346,1
60347,1
60348,0
60349,1
6035,1
60350,0
60351,0
60352,0
60353,0
60354,0
60355,0
60356,0
60357,0
60358,1
60359,0
6036,1
60360,0
60361,1
60362,0
60363,0
60364,1
60365,0
60366,1
60367,0
60368,0
60369,1
6037,1
60370,0
60371,1
60372,1
60373,0
60374,0
60375,0
60376,1
60377,0
60378,0
60379,1
6038,1
60380,0
60381,0
60382,0
60383,0
60384,0
60385,0
60386,0
60387,0
60388,0
60389,0
6039,1
60390,1
60391,0
60392,1
60393,1
60394,0
60395,1
60396,0
60397,1
60398,0
60399,0
604,1
6040,1
60400,0
60401,1
60402,0
60403,1
60404,1
60405,0
60406,0
60407,1
60408,0
60409,1
6041,1
60410,1
60411,0
60412,0
60413,1
60414,0
60415,0
60416,1
60417,0
60418,1
60419,0
6042,1
60420,0
60421,1
60422,0
60423,0
60424,0
60425,0
60426,1
60427,0
60428,1
60429,1
6043,1
60430,1
60431,0
60432,0
60433,0
60434,0
60435,1
60436,1
60437,0
60438,1
60439,0
6044,1
60440,1
60441,0
60442,1
60443,1
60444,1
60445,0
60446,1
60447,1
60448,1
60449,1
6045,1
60450,0
60451,1
60452,1
60453,1
60454,0
60455,0
60456,1
60457,0
60458,1
60459,0
6046,1
60460,1
60461,0
60462,0
60463,0
60464,1
60465,1
60466,0
60467,0
60468,1
60469,0
6047,1
60470,1
60471,0
60472,0
60473,1
60474,1
60475,0
60476,0
60477,0
60478,0
60479,0
6048,1
60480,0
60481,1
60482,0
60483,0
60484,0
60485,1
60486,0
60487,1
60488,0
60489,1
6049,1
60490,1
60491,0
60492,1
60493,0
60494,0
60495,0
60496,0
60497,0
60498,0
60499,0
605,1
6050,1
60500,1
60501,0
60502,0
60503,0
60504,1
60505,1
60506,1
60507,1
60508,0
60509,1
6051,1
60510,0
60511,1
60512,0
60513,1
60514,0
60515,0
60516,1
60517,0
60518,1
60519,1
6052,1
60520,0
60521,1
60522,1
60523,0
60524,1
60525,0
60526,1
60527,0
60528,1
60529,0
6053,1
60530,0
60531,0
60532,0
60533,0
60534,0
60535,0
60536,1
60537,0
60538,0
60539,1
6054,1
60540,0
60541,0
60542,1
60543,0
60544,0
60545,0
60546,1
60547,0
60548,0
60549,0
6055,1
60550,0
60551,0
60552,1
60553,0
60554,1
60555,0
60556,1
60557,1
60558,1
60559,0
6056,1
60560,1
60561,0
60562,0
60563,0
60564,0
60565,0
60566,0
60567,0
60568,0
60569,0
6057,1
60570,1
60571,1
60572,0
60573,1
60574,0
60575,0
60576,0
60577,0
60578,1
60579,1
6058,1
60580,0
60581,0
60582,0
60583,0
60584,0
60585,1
60586,0
60587,1
60588,1
60589,0
6059,1
60590,0
60591,1
60592,1
60593,1
60594,0
60595,0
60596,0
60597,1
60598,0
60599,0
606,1
6060,1
60600,0
60601,0
60602,0
60603,0
60604,1
60605,0
60606,0
60607,0
60608,1
60609,0
6061,1
60610,0
60611,0
60612,0
60613,1
60614,0
60615,1
60616,1
60617,0
60618,1
60619,0
6062,1
60620,0
60621,0
60622,1
60623,0
60624,1
60625,1
60626,0
60627,0
60628,0
60629,1
6063,1
60630,0
60631,1
60632,0
60633,0
60634,0
60635,1
60636,0
60637,0
60638,0
60639,0
6064,1
60640,0
60641,0
60642,0
60643,0
60644,0
60645,1
60646,0
60647,0
60648,0
60649,0
6065,1
60650,0
60651,1
60652,0
60653,0
60654,1
60655,0
60656,1
60657,0
60658,0
60659,0
6066,1
60660,0
60661,0
60662,0
60663,0
60664,1
60665,1
60666,0
60667,1
60668,0
60669,0
6067,1
60670,0
60671,0
60672,0
60673,1
60674,1
60675,0
60676,0
60677,0
60678,0
60679,0
6068,1
60680,0
60681,0
60682,1
60683,0
60684,0
60685,1
60686,0
60687,1
60688,0
60689,1
6069,1
60690,1
60691,0
60692,0
60693,0
60694,0
60695,0
60696,0
60697,0
60698,0
60699,0
607,1
6070,1
60700,0
60701,0
60702,1
60703,0
60704,0
60705,0
60706,1
60707,0
60708,1
60709,0
6071,1
60710,0
60711,1
60712,0
60713,0
60714,0
60715,1
60716,1
60717,0
60718,0
60719,0
6072,1
60720,0
60721,1
60722,1
60723,0
60724,1
60725,1
60726,1
60727,1
60728,0
60729,1
6073,1
60730,0
60731,0
60732,0
60733,0
60734,0
60735,0
60736,1
60737,0
60738,1
60739,1
6074,1
60740,1
60741,0
60742,1
60743,1
60744,1
60745,1
60746,0
60747,1
60748,1
60749,1
6075,1
60750,0
60751,1
60752,0
60753,0
60754,0
60755,1
60756,0
60757,1
60758,0
60759,0
6076,1
60760,1
60761,0
60762,0
60763,0
60764,0
60765,0
60766,0
60767,0
60768,1
60769,0
6077,1
60770,0
60771,1
60772,0
60773,0
60774,0
60775,0
60776,0
60777,1
60778,1
60779,0
6078,1
60780,1
60781,0
60782,0
60783,1
60784,0
60785,0
60786,1
60787,0
60788,0
60789,1
6079,1
60790,0
60791,1
60792,0
60793,0
60794,1
60795,0
60796,0
60797,1
60798,0
60799,1
608,1
6080,1
60800,1
60801,1
60802,1
60803,0
60804,1
60805,1
60806,0
60807,1
60808,0
60809,1
6081,1
60810,0
60811,0
60812,0
60813,1
60814,0
60815,0
60816,0
60817,0
60818,0
60819,1
6082,1
60820,0
60821,0
60822,0
60823,1
60824,1
60825,0
60826,1
60827,0
60828,0
60829,0
6083,1
60830,1
60831,1
60832,0
60833,0
60834,0
60835,0
60836,0
60837,1
60838,1
60839,0
6084,1
60840,0
60841,0
60842,0
60843,0
60844,0
60845,0
60846,1
60847,1
60848,1
60849,1
6085,1
60850,1
60851,0
60852,1
60853,1
60854,0
60855,0
60856,0
60857,1
60858,0
60859,0
6086,1
60860,1
60861,1
60862,1
60863,1
60864,0
60865,0
60866,0
60867,1
60868,0
60869,0
6087,1
60870,1
60871,0
60872,1
60873,0
60874,0
60875,0
60876,0
60877,0
60878,0
60879,0
6088,1
60880,0
60881,1
60882,0
60883,1
60884,1
60885,0
60886,0
60887,1
60888,1
60889,0
6089,1
60890,1
60891,1
60892,0
60893,0
60894,0
60895,0
60896,1
60897,0
60898,0
60899,1
609,1
6090,1
60900,1
60901,0
60902,1
60903,1
60904,0
60905,1
60906,1
60907,1
60908,0
60909,1
6091,1
60910,0
60911,0
60912,0
60913,0
60914,0
60915,0
60916,0
60917,1
60918,0
60919,0
6092,1
60920,0
60921,1
60922,1
60923,0
60924,1
60925,0
60926,0
60927,1
60928,1
60929,1
6093,1
60930,1
60931,0
60932,1
60933,1
60934,1
60935,1
60936,0
60937,1
60938,0
60939,0
6094,1
60940,0
60941,0
60942,1
60943,0
60944,0
60945,0
60946,0
60947,0
60948,0
60949,0
6095,1
60950,0
60951,0
60952,1
60953,0
60954,1
60955,1
60956,0
60957,1
60958,0
60959,0
6096,1
60960,0
60961,0
60962,1
60963,1
60964,0
60965,0
60966,0
60967,1
60968,0
60969,0
6097,1
60970,0
60971,1
60972,0
60973,0
60974,0
60975,1
60976,0
60977,0
60978,0
60979,0
6098,1
60980,0
60981,0
60982,0
60983,1
60984,1
60985,0
60986,0
60987,1
60988,0
60989,0
6099,1
60990,0
60991,0
60992,0
60993,0
60994,0
60995,1
60996,1
60997,0
60998,0
60999,0
61,1
610,1
6100,1
61000,0
61001,1
61002,0
61003,0
61004,1
61005,0
61006,0
61007,0
61008,1
61009,0
6101,1
61010,0
61011,0
61012,0
61013,1
61014,1
61015,0
61016,0
61017,0
61018,0
61019,0
6102,1
61020,0
61021,1
61022,1
61023,0
61024,0
61025,0
61026,0
61027,0
61028,1
61029,0
6103,1
61030,0
61031,1
61032,0
61033,0
61034,0
61035,0
61036,1
61037,0
61038,0
61039,1
6104,1
61040,1
61041,1
61042,1
61043,0
61044,0
61045,1
61046,1
61047,0
61048,1
61049,0
6105,1
61050,0
61051,0
61052,0
61053,0
61054,0
61055,0
61056,1
61057,0
61058,0
61059,1
6106,1
61060,0
61061,0
61062,1
61063,1
61064,1
61065,1
61066,1
61067,1
61068,0
61069,0
6107,1
61070,0
61071,1
61072,0
61073,0
61074,1
61075,0
61076,1
61077,0
61078,0
61079,1
6108,1
61080,1
61081,0
61082,0
61083,0
61084,0
61085,0
61086,0
61087,1
61088,1
61089,0
6109,1
61090,0
61091,0
61092,0
61093,1
61094,1
61095,1
61096,0
61097,1
61098,1
61099,0
611,1
6110,1
61100,0
61101,0
61102,1
61103,0
61104,0
61105,0
61106,0
61107,0
61108,0
61109,1
6111,1
61110,0
61111,1
61112,1
61113,0
61114,1
61115,0
61116,0
61117,1
61118,1
61119,0
6112,1
61120,1
61121,1
61122,0
61123,0
61124,0
61125,1
61126,1
61127,1
61128,0
61129,0
6113,1
61130,0
61131,0
61132,1
61133,0
61134,0
61135,1
61136,0
61137,1
61138,0
61139,0
6114,1
61140,0
61141,1
61142,0
61143,1
61144,0
61145,0
61146,1
61147,0
61148,0
61149,1
6115,1
61150,0
61151,0
61152,0
61153,0
61154,0
61155,1
61156,0
61157,1
61158,0
61159,0
6116,1
61160,1
61161,0
61162,0
61163,0
61164,1
61165,0
61166,0
61167,0
61168,0
61169,0
6117,1
61170,0
61171,0
61172,1
61173,1
61174,1
61175,0
61176,0
61177,0
61178,0
61179,0
6118,1
61180,0
61181,1
61182,1
61183,0
61184,0
61185,0
61186,1
61187,0
61188,0
61189,0
6119,1
61190,0
61191,1
61192,1
61193,0
61194,1
61195,0
61196,1
61197,0
61198,1
61199,0
612,1
6120,1
61200,0
61201,1
61202,1
61203,1
61204,1
61205,1
61206,1
61207,0
61208,0
61209,1
6121,1
61210,0
61211,0
61212,0
61213,1
61214,0
61215,0
61216,1
61217,0
61218,1
61219,0
6122,1
61220,1
61221,0
61222,0
61223,0
61224,1
61225,0
61226,0
61227,0
61228,0
61229,0
6123,1
61230,0
61231,0
61232,1
61233,1
61234,1
61235,1
61236,1
61237,1
61238,0
61239,1
6124,1
61240,1
61241,1
61242,0
61243,1
61244,0
61245,1
61246,0
61247,1
61248,0
61249,0
6125,1
61250,1
61251,0
61252,0
61253,0
61254,1
61255,1
61256,1
61257,0
61258,1
61259,1
6126,1
61260,0
61261,0
61262,1
61263,0
61264,0
61265,0
61266,0
61267,0
61268,0
61269,1
6127,1
61270,0
61271,1
61272,0
61273,0
61274,0
61275,1
61276,0
61277,1
61278,0
61279,1
6128,1
61280,0
61281,0
61282,0
61283,1
61284,0
61285,0
61286,1
61287,0
61288,1
61289,1
6129,1
61290,0
61291,1
61292,1
61293,1
61294,0
61295,0
61296,1
61297,1
61298,0
61299,0
613,1
6130,1
61300,1
61301,1
61302,0
61303,0
61304,0
61305,0
61306,1
61307,0
61308,0
61309,0
6131,1
61310,0
61311,1
61312,0
61313,1
61314,0
61315,0
61316,0
61317,0
61318,1
61319,0
6132,1
61320,1
61321,0
61322,1
61323,1
61324,0
61325,0
61326,1
61327,1
61328,0
61329,1
6133,1
61330,1
61331,0
61332,1
61333,1
61334,0
61335,1
61336,0
61337,0
61338,1
61339,1
6134,1
61340,0
61341,0
61342,0
61343,1
61344,0
61345,1
61346,0
61347,0
61348,1
61349,0
6135,1
61350,0
61351,0
61352,0
61353,1
61354,1
61355,1
61356,0
61357,1
61358,1
61359,0
6136,1
61360,0
61361,1
61362,0
61363,0
61364,1
61365,1
61366,0
61367,0
61368,0
61369,1
6137,1
61370,0
61371,0
61372,0
61373,0
61374,0
61375,1
61376,0
61377,0
61378,0
61379,0
6138,1
61380,0
61381,0
61382,1
61383,1
61384,1
61385,0
61386,0
61387,0
61388,0
61389,0
6139,1
61390,0
61391,0
61392,0
61393,1
61394,0
61395,1
61396,0
61397,1
61398,0
61399,0
614,1
6140,1
61400,1
61401,0
61402,1
61403,1
61404,0
61405,1
61406,0
61407,0
61408,0
61409,0
6141,1
61410,1
61411,0
61412,1
61413,1
61414,0
61415,0
61416,0
61417,0
61418,0
61419,0
6142,1
61420,0
61421,1
61422,0
61423,1
61424,1
61425,0
61426,0
61427,0
61428,1
61429,1
6143,1
61430,1
61431,0
61432,0
61433,0
61434,1
61435,0
61436,0
61437,0
61438,0
61439,0
6144,1
61440,0
61441,0
61442,1
61443,0
61444,0
61445,1
61446,1
61447,1
61448,0
61449,0
6145,1
61450,1
61451,1
61452,1
61453,0
61454,0
61455,1
61456,1
61457,0
61458,0
61459,1
6146,1
61460,1
61461,1
61462,1
61463,1
61464,1
61465,1
61466,0
61467,1
61468,1
61469,0
6147,1
61470,1
61471,0
61472,0
61473,1
61474,0
61475,0
61476,1
61477,0
61478,1
61479,1
6148,1
61480,1
61481,1
61482,0
61483,0
61484,0
61485,1
61486,0
61487,0
61488,0
61489,0
6149,1
61490,0
61491,0
61492,0
61493,1
61494,0
61495,0
61496,0
61497,0
61498,1
61499,1
615,1
6150,1
61500,0
61501,0
61502,0
61503,0
61504,0
61505,0
61506,0
61507,0
61508,1
61509,1
6151,1
61510,0
61511,0
61512,0
61513,1
61514,1
61515,1
61516,0
61517,1
61518,0
61519,1
6152,1
61520,0
61521,0
61522,0
61523,0
61524,0
61525,0
61526,0
61527,0
61528,0
61529,0
6153,1
61530,0
61531,0
61532,0
61533,1
61534,0
61535,1
61536,0
61537,1
61538,1
61539,0
6154,1
61540,0
61541,0
61542,1
61543,1
61544,1
61545,0
61546,0
61547,1
61548,0
61549,0
6155,1
61550,1
61551,1
61552,0
61553,1
61554,1
61555,0
61556,1
61557,0
61558,0
61559,0
6156,1
61560,0
61561,0
61562,1
61563,0
61564,0
61565,0
61566,1
61567,1
61568,0
61569,0
6157,1
61570,0
61571,1
61572,0
61573,0
61574,1
61575,0
61576,0
61577,0
61578,0
61579,0
6158,1
61580,1
61581,0
61582,0
61583,1
61584,1
61585,0
61586,1
61587,0
61588,0
61589,0
6159,1
61590,0
61591,1
61592,0
61593,0
61594,1
61595,1
61596,0
61597,1
61598,0
61599,0
616,1
6160,1
61600,0
61601,1
61602,1
61603,1
61604,0
61605,0
61606,1
61607,0
61608,1
61609,0
6161,1
61610,0
61611,0
61612,0
61613,1
61614,0
61615,1
61616,1
61617,1
61618,0
61619,0
6162,1
61620,0
61621,1
61622,0
61623,0
61624,1
61625,0
61626,0
61627,0
61628,0
61629,0
6163,1
61630,0
61631,1
61632,1
61633,1
61634,1
61635,0
61636,0
61637,0
61638,1
61639,0
6164,1
61640,0
61641,0
61642,0
61643,0
61644,0
61645,0
61646,1
61647,0
61648,0
61649,0
6165,1
61650,0
61651,0
61652,1
61653,0
61654,1
61655,1
61656,0
61657,0
61658,1
61659,0
6166,1
61660,1
61661,0
61662,1
61663,0
61664,1
61665,0
61666,0
61667,0
61668,1
61669,1
6167,1
61670,1
61671,1
61672,1
61673,0
61674,0
61675,0
61676,1
61677,0
61678,0
61679,0
6168,1
61680,1
61681,0
61682,1
61683,1
61684,1
61685,0
61686,1
61687,1
61688,1
61689,1
6169,1
61690,0
61691,0
61692,0
61693,0
61694,0
61695,1
61696,1
61697,1
61698,1
61699,0
617,1
6170,1
61700,0
61701,1
61702,0
61703,0
61704,0
61705,0
61706,1
61707,0
61708,1
61709,0
6171,1
61710,0
61711,0
61712,0
61713,0
61714,0
61715,0
61716,0
61717,1
61718,1
61719,0
6172,1
61720,1
61721,0
61722,0
61723,0
61724,0
61725,1
61726,0
61727,0
61728,0
61729,0
6173,1
61730,1
61731,0
61732,0
61733,1
61734,0
61735,0
61736,1
61737,0
61738,0
61739,0
6174,1
61740,0
61741,0
61742,1
61743,0
61744,1
61745,0
61746,1
61747,1
61748,0
61749,0
6175,1
61750,0
61751,0
61752,1
61753,0
61754,0
61755,1
61756,1
61757,0
61758,1
61759,0
6176,1
61760,0
61761,0
61762,0
61763,1
61764,0
61765,0
61766,0
61767,0
61768,0
61769,0
6177,1
61770,0
61771,1
61772,0
61773,1
61774,1
61775,1
61776,0
61777,0
61778,0
61779,0
6178,1
61780,0
61781,1
61782,0
61783,0
61784,0
61785,0
61786,0
61787,1
61788,0
61789,0
6179,1
61790,1
61791,0
61792,0
61793,0
61794,0
61795,1
61796,0
61797,1
61798,1
61799,1
618,1
6180,1
61800,1
61801,1
61802,1
61803,0
61804,1
61805,0
61806,0
61807,0
61808,0
61809,0
6181,1
61810,0
61811,0
61812,1
61813,1
61814,1
61815,0
61816,0
61817,0
61818,0
61819,1
6182,1
61820,0
61821,0
61822,1
61823,0
61824,1
61825,1
61826,0
61827,0
61828,0
61829,0
6183,1
61830,1
61831,0
61832,1
61833,0
61834,0
61835,0
61836,0
61837,0
61838,0
61839,1
6184,1
61840,0
61841,1
61842,0
61843,0
61844,0
61845,0
61846,0
61847,1
61848,1
61849,0
6185,1
61850,1
61851,0
61852,0
61853,0
61854,0
61855,1
61856,0
61857,1
61858,1
61859,1
6186,1
61860,1
61861,1
61862,1
61863,1
61864,1
61865,1
61866,1
61867,0
61868,0
61869,1
6187,1
61870,1
61871,0
61872,0
61873,0
61874,0
61875,0
61876,1
61877,1
61878,1
61879,0
6188,1
61880,0
61881,0
61882,0
61883,0
61884,0
61885,1
61886,0
61887,0
61888,0
61889,0
6189,1
61890,0
61891,1
61892,0
61893,0
61894,1
61895,0
61896,0
61897,0
61898,1
61899,0
619,1
6190,1
61900,1
61901,1
61902,0
61903,1
61904,0
61905,0
61906,1
61907,0
61908,1
61909,0
6191,1
61910,1
61911,0
61912,0
61913,0
61914,0
61915,1
61916,0
61917,0
61918,1
61919,0
6192,1
61920,0
61921,0
61922,0
61923,0
61924,0
61925,1
61926,0
61927,1
61928,0
61929,1
6193,1
61930,0
61931,0
61932,1
61933,0
61934,0
61935,0
61936,0
61937,1
61938,1
61939,0
6194,1
61940,0
61941,0
61942,1
61943,1
61944,0
61945,1
61946,0
61947,0
61948,0
61949,1
6195,1
61950,1
61951,0
61952,1
61953,0
61954,0
61955,0
61956,0
61957,0
61958,0
61959,1
6196,1
61960,1
61961,1
61962,0
61963,1
61964,0
61965,0
61966,0
61967,0
61968,0
61969,0
6197,1
61970,1
61971,1
61972,0
61973,1
61974,1
61975,1
61976,1
61977,0
61978,1
61979,1
6198,1
61980,0
61981,0
61982,1
61983,0
61984,1
61985,0
61986,0
61987,0
61988,1
61989,0
6199,1
61990,0
61991,0
61992,0
61993,0
61994,0
61995,0
61996,0
61997,0
61998,0
61999,0
62,1
620,1
6200,1
62000,0
62001,1
62002,0
62003,0
62004,0
62005,0
62006,0
62007,0
62008,0
62009,1
6201,1
62010,0
62011,0
62012,0
62013,0
62014,0
62015,1
62016,0
62017,0
62018,0
62019,0
6202,1
62020,1
62021,0
62022,0
62023,0
62024,0
62025,1
62026,1
62027,0
62028,1
62029,0
6203,1
62030,0
62031,0
62032,0
62033,0
62034,0
62035,0
62036,0
62037,1
62038,0
62039,1
6204,1
62040,0
62041,0
62042,0
62043,0
62044,0
62045,0
62046,1
62047,0
62048,0
62049,1
6205,1
62050,0
62051,0
62052,0
62053,0
62054,0
62055,0
62056,1
62057,0
62058,0
62059,0
6206,1
62060,0
62061,1
62062,1
62063,0
62064,1
62065,0
62066,1
62067,0
62068,1
62069,0
6207,1
62070,0
62071,0
62072,1
62073,0
62074,0
62075,0
62076,1
62077,0
62078,0
62079,1
6208,1
62080,1
62081,0
62082,0
62083,0
62084,0
62085,0
62086,0
62087,0
62088,0
62089,1
6209,1
62090,1
62091,1
62092,1
62093,1
62094,1
62095,0
62096,1
62097,1
62098,1
62099,1
621,1
6210,1
62100,1
62101,0
62102,1
62103,0
62104,0
62105,1
62106,0
62107,0
62108,0
62109,1
6211,1
62110,0
62111,0
62112,1
62113,1
62114,1
62115,0
62116,0
62117,0
62118,0
62119,1
6212,1
62120,1
62121,0
62122,1
62123,0
62124,1
62125,0
62126,1
62127,0
62128,0
62129,0
6213,1
62130,0
62131,1
62132,0
62133,0
62134,1
62135,1
62136,0
62137,1
62138,1
62139,0
6214,1
62140,0
62141,0
62142,0
62143,0
62144,0
62145,1
62146,0
62147,0
62148,0
62149,0
6215,1
62150,0
62151,1
62152,0
62153,0
62154,0
62155,0
62156,0
62157,1
62158,1
62159,0
6216,1
62160,0
62161,1
62162,0
62163,0
62164,0
62165,0
62166,1
62167,0
62168,1
62169,0
6217,1
62170,0
62171,0
62172,1
62173,1
62174,0
62175,1
62176,0
62177,1
62178,1
62179,0
6218,1
62180,0
62181,0
62182,1
62183,0
62184,0
62185,0
62186,1
62187,0
62188,0
62189,0
6219,1
62190,0
62191,0
62192,1
62193,0
62194,1
62195,0
62196,0
62197,1
62198,1
62199,0
622,1
6220,1
62200,0
62201,0
62202,0
62203,1
62204,0
62205,0
62206,0
62207,0
62208,0
62209,1
6221,1
62210,0
62211,0
62212,0
62213,1
62214,0
62215,0
62216,0
62217,0
62218,0
62219,1
6222,1
62220,1
62221,0
62222,0
62223,0
62224,0
62225,0
62226,0
62227,1
62228,1
62229,0
6223,1
62230,0
62231,0
62232,0
62233,0
62234,1
62235,0
62236,1
62237,0
62238,0
62239,1
6224,1
62240,1
62241,0
62242,0
62243,0
62244,1
62245,1
62246,0
62247,1
62248,1
62249,0
6225,1
62250,0
62251,1
62252,1
62253,0
62254,0
62255,1
62256,1
62257,0
62258,1
62259,1
6226,1
62260,0
62261,0
62262,0
62263,0
62264,1
62265,0
62266,0
62267,0
62268,0
62269,0
6227,1
62270,0
62271,1
62272,0
62273,1
62274,1
62275,0
62276,1
62277,1
62278,1
62279,0
6228,1
62280,0
62281,1
62282,0
62283,0
62284,1
62285,0
62286,0
62287,0
62288,1
62289,0
6229,1
62290,1
62291,1
62292,0
62293,1
62294,0
62295,0
62296,1
62297,0
62298,1
62299,0
623,1
6230,1
62300,0
62301,0
62302,0
62303,0
62304,0
62305,0
62306,1
62307,0
62308,1
62309,0
6231,1
62310,0
62311,0
62312,1
62313,0
62314,0
62315,1
62316,1
62317,0
62318,0
62319,0
6232,1
62320,0
62321,0
62322,1
62323,0
62324,0
62325,0
62326,0
62327,0
62328,0
62329,0
6233,1
62330,1
62331,0
62332,0
62333,0
62334,1
62335,0
62336,1
62337,0
62338,1
62339,1
6234,1
62340,1
62341,0
62342,0
62343,0
62344,1
62345,0
62346,0
62347,1
62348,0
62349,0
6235,1
62350,1
62351,1
62352,0
62353,0
62354,0
62355,0
62356,1
62357,0
62358,1
62359,1
6236,1
62360,0
62361,0
62362,0
62363,1
62364,0
62365,0
62366,1
62367,0
62368,0
62369,1
6237,1
62370,1
62371,0
62372,1
62373,1
62374,0
62375,1
62376,0
62377,0
62378,1
62379,0
6238,1
62380,0
62381,0
62382,0
62383,0
62384,1
62385,0
62386,0
62387,1
62388,1
62389,1
6239,1
62390,0
62391,0
62392,0
62393,0
62394,0
62395,0
62396,1
62397,0
62398,0
62399,0
624,1
6240,1
62400,1
62401,1
62402,1
62403,1
62404,1
62405,0
62406,0
62407,0
62408,1
62409,0
6241,1
62410,0
62411,1
62412,0
62413,0
62414,0
62415,0
62416,0
62417,1
62418,0
62419,0
6242,1
62420,0
62421,1
62422,1
62423,0
62424,1
62425,0
62426,0
62427,0
62428,1
62429,0
6243,1
62430,0
62431,1
62432,0
62433,0
62434,0
62435,0
62436,0
62437,0
62438,0
62439,1
6244,1
62440,1
62441,1
62442,0
62443,0
62444,0
62445,0
62446,1
62447,0
62448,1
62449,0
6245,1
62450,0
62451,0
62452,0
62453,0
62454,1
62455,0
62456,1
62457,0
62458,1
62459,1
6246,1
62460,0
62461,1
62462,1
62463,0
62464,0
62465,0
62466,1
62467,0
62468,0
62469,0
6247,1
62470,0
62471,0
62472,0
62473,0
62474,0
62475,0
62476,0
62477,0
62478,0
62479,0
6248,1
62480,1
62481,1
62482,1
62483,0
62484,0
62485,0
62486,1
62487,0
62488,0
62489,1
6249,1
62490,0
62491,0
62492,1
62493,0
62494,1
62495,0
62496,1
62497,0
62498,0
62499,1
625,1
6250,1
62500,0
62501,0
62502,0
62503,0
62504,0
62505,0
62506,1
62507,0
62508,1
62509,0
6251,1
62510,0
62511,0
62512,0
62513,1
62514,0
62515,0
62516,0
62517,0
62518,0
62519,1
6252,1
62520,0
62521,0
62522,0
62523,1
62524,0
62525,0
62526,0
62527,0
62528,0
62529,1
6253,1
62530,0
62531,1
62532,1
62533,1
62534,0
62535,0
62536,1
62537,0
62538,1
62539,0
6254,1
62540,0
62541,0
62542,0
62543,0
62544,0
62545,0
62546,0
62547,1
62548,0
62549,1
6255,1
62550,0
62551,0
62552,0
62553,0
62554,0
62555,0
62556,1
62557,1
62558,1
62559,1
6256,1
62560,1
62561,1
62562,1
62563,1
62564,0
62565,0
62566,1
62567,0
62568,0
62569,0
6257,1
62570,0
62571,1
62572,0
62573,0
62574,1
62575,1
62576,0
62577,1
62578,0
62579,0
6258,1
62580,0
62581,0
62582,0
62583,0
62584,1
62585,0
62586,0
62587,1
62588,1
62589,1
6259,1
62590,0
62591,0
62592,1
62593,1
62594,1
62595,0
62596,0
62597,1
62598,1
62599,0
626,1
6260,1
62600,0
62601,0
62602,1
62603,0
62604,1
62605,0
62606,1
62607,0
62608,1
62609,1
6261,1
62610,0
62611,0
62612,0
62613,1
62614,0
62615,1
62616,0
62617,0
62618,1
62619,1
6262,1
62620,1
62621,1
62622,0
62623,1
62624,0
62625,1
62626,0
62627,1
62628,0
62629,1
6263,1
62630,1
62631,0
62632,1
62633,1
62634,0
62635,0
62636,0
62637,1
62638,0
62639,0
6264,1
62640,1
62641,0
62642,0
62643,0
62644,0
62645,0
62646,1
62647,1
62648,1
62649,1
6265,1
62650,0
62651,1
62652,0
62653,0
62654,0
62655,1
62656,0
62657,0
62658,0
62659,0
6266,1
62660,0
62661,0
62662,0
62663,1
62664,1
62665,1
62666,0
62667,0
62668,1
62669,0
6267,1
62670,0
62671,0
62672,0
62673,0
62674,0
62675,1
62676,1
62677,1
62678,0
62679,0
6268,1
62680,0
62681,1
62682,0
62683,0
62684,0
62685,0
62686,1
62687,0
62688,0
62689,0
6269,1
62690,0
62691,0
62692,0
62693,0
62694,0
62695,0
62696,1
62697,0
62698,0
62699,1
627,1
6270,1
62700,0
62701,1
62702,0
62703,1
62704,0
62705,0
62706,1
62707,1
62708,1
62709,0
6271,1
62710,1
62711,0
62712,0
62713,0
62714,0
62715,0
62716,0
62717,0
62718,0
62719,1
6272,1
62720,0
62721,1
62722,0
62723,1
62724,0
62725,0
62726,0
62727,0
62728,0
62729,0
6273,1
62730,0
62731,1
62732,0
62733,0
62734,0
62735,0
62736,0
62737,0
62738,0
62739,1
6274,1
62740,0
62741,1
62742,1
62743,0
62744,0
62745,1
62746,0
62747,0
62748,0
62749,1
6275,1
62750,0
62751,1
62752,1
62753,0
62754,0
62755,0
62756,1
62757,0
62758,1
62759,1
6276,1
62760,0
62761,0
62762,0
62763,0
62764,0
62765,0
62766,1
62767,0
62768,0
62769,0
6277,1
62770,0
62771,0
62772,0
62773,0
62774,1
62775,0
62776,0
62777,0
62778,0
62779,1
6278,1
62780,0
62781,0
62782,0
62783,1
62784,0
62785,0
62786,0
62787,0
62788,1
62789,0
6279,1
62790,0
62791,0
62792,1
62793,0
62794,0
62795,1
62796,0
62797,1
62798,0
62799,0
628,1
6280,1
62800,0
62801,1
62802,1
62803,0
62804,1
62805,1
62806,1
62807,0
62808,0
62809,0
6281,1
62810,1
62811,1
62812,1
62813,0
62814,0
62815,0
62816,0
62817,0
62818,0
62819,1
6282,0
62820,0
62821,1
62822,1
62823,1
62824,0
62825,0
62826,0
62827,0
62828,0
62829,0
6283,1
62830,0
62831,0
62832,1
62833,0
62834,0
62835,1
62836,1
62837,0
62838,0
62839,0
6284,1
62840,0
62841,0
62842,0
62843,0
62844,1
62845,0
62846,1
62847,0
62848,0
62849,1
6285,1
62850,0
62851,1
62852,0
62853,1
62854,0
62855,1
62856,0
62857,1
62858,1
62859,1
6286,1
62860,1
62861,1
62862,0
62863,0
62864,0
62865,0
62866,0
62867,0
62868,1
62869,1
6287,1
62870,0
62871,0
62872,0
62873,0
62874,0
62875,0
62876,1
62877,0
62878,1
62879,1
6288,1
62880,0
62881,1
62882,0
62883,0
62884,1
62885,0
62886,1
62887,0
62888,0
62889,1
6289,1
62890,0
62891,0
62892,0
62893,0
62894,0
62895,1
62896,0
62897,1
62898,0
62899,1
629,1
6290,1
62900,1
62901,0
62902,0
62903,0
62904,0
62905,0
62906,1
62907,1
62908,0
62909,0
6291,1
62910,1
62911,0
62912,0
62913,0
62914,0
62915,0
62916,0
62917,0
62918,0
62919,0
6292,1
62920,0
62921,1
62922,1
62923,1
62924,1
62925,0
62926,1
62927,1
62928,0
62929,1
6293,1
62930,1
62931,0
62932,0
62933,0
62934,0
62935,0
62936,1
62937,0
62938,0
62939,0
6294,1
62940,1
62941,0
62942,0
62943,0
62944,1
62945,0
62946,1
62947,1
62948,0
62949,0
6295,1
62950,0
62951,1
62952,1
62953,0
62954,0
62955,0
62956,0
62957,1
62958,0
62959,1
6296,1
62960,0
62961,0
62962,0
62963,0
62964,0
62965,0
62966,0
62967,0
62968,0
62969,1
6297,1
62970,1
62971,1
62972,0
62973,1
62974,1
62975,0
62976,0
62977,0
62978,0
62979,1
6298,1
62980,1
62981,0
62982,0
62983,1
62984,1
62985,0
62986,0
62987,1
62988,1
62989,0
6299,1
62990,0
62991,1
62992,1
62993,0
62994,0
62995,0
62996,1
62997,1
62998,1
62999,0
63,1
630,1
6300,1
63000,1
63001,0
63002,0
63003,1
63004,1
63005,0
63006,0
63007,1
63008,1
63009,0
6301,1
63010,1
63011,0
63012,1
63013,0
63014,1
63015,0
63016,0
63017,0
63018,0
63019,0
6302,1
63020,1
63021,0
63022,0
63023,1
63024,0
63025,0
63026,1
63027,1
63028,0
63029,1
6303,1
63030,0
63031,1
63032,0
63033,0
63034,0
63035,1
63036,0
63037,0
63038,0
63039,1
6304,1
63040,0
63041,0
63042,0
63043,1
63044,0
63045,0
63046,0
63047,0
63048,0
63049,1
6305,1
63050,0
63051,0
63052,0
63053,0
63054,1
63055,1
63056,1
63057,0
63058,0
63059,0
6306,1
63060,1
63061,1
63062,1
63063,0
63064,0
63065,0
63066,0
63067,0
63068,0
63069,0
6307,1
63070,1
63071,0
63072,1
63073,0
63074,0
63075,1
63076,0
63077,0
63078,0
63079,1
6308,1
63080,0
63081,1
63082,0
63083,0
63084,0
63085,1
63086,0
63087,0
63088,0
63089,0
6309,1
63090,0
63091,0
63092,0
63093,0
63094,0
63095,0
63096,1
63097,0
63098,0
63099,0
631,1
6310,1
63100,1
63101,1
63102,0
63103,1
63104,0
63105,0
63106,1
63107,0
63108,1
63109,1
6311,1
63110,1
63111,0
63112,0
63113,1
63114,0
63115,1
63116,0
63117,0
63118,1
63119,1
6312,1
63120,0
63121,0
63122,0
63123,0
63124,0
63125,0
63126,0
63127,0
63128,0
63129,0
6313,1
63130,0
63131,0
63132,1
63133,1
63134,0
63135,1
63136,1
63137,0
63138,1
63139,1
6314,1
63140,0
63141,0
63142,0
63143,0
63144,0
63145,0
63146,0
63147,1
63148,0
63149,1
6315,1
63150,0
63151,1
63152,0
63153,0
63154,0
63155,1
63156,0
63157,0
63158,0
63159,0
6316,1
63160,0
63161,1
63162,0
63163,0
63164,0
63165,0
63166,0
63167,1
63168,0
63169,0
6317,1
63170,1
63171,0
63172,0
63173,1
63174,0
63175,0
63176,1
63177,0
63178,0
63179,1
6318,1
63180,0
63181,0
63182,1
63183,0
63184,0
63185,0
63186,1
63187,1
63188,1
63189,0
6319,1
63190,0
63191,0
63192,1
63193,0
63194,0
63195,0
63196,0
63197,1
63198,1
63199,0
632,1
6320,1
63200,0
63201,1
63202,1
63203,1
63204,0
63205,1
63206,1
63207,1
63208,1
63209,1
6321,1
63210,1
63211,0
63212,0
63213,1
63214,0
63215,0
63216,0
63217,0
63218,0
63219,0
6322,1
63220,0
63221,0
63222,0
63223,0
63224,1
63225,0
63226,0
63227,1
63228,0
63229,1
6323,1
63230,0
63231,0
63232,0
63233,0
63234,0
63235,1
63236,1
63237,1
63238,0
63239,1
6324,1
63240,0
63241,1
63242,0
63243,0
63244,1
63245,0
63246,1
63247,0
63248,0
63249,1
6325,1
63250,0
63251,1
63252,0
63253,0
63254,1
63255,1
63256,0
63257,1
63258,1
63259,0
6326,1
63260,1
63261,1
63262,0
63263,0
63264,0
63265,0
63266,0
63267,0
63268,1
63269,1
6327,1
63270,0
63271,0
63272,0
63273,0
63274,0
63275,1
63276,0
63277,1
63278,0
63279,0
6328,1
63280,0
63281,1
63282,0
63283,0
63284,0
63285,1
63286,0
63287,0
63288,1
63289,1
6329,1
63290,1
63291,0
63292,0
63293,1
63294,0
63295,0
63296,0
63297,0
63298,0
63299,0
633,1
6330,1
63300,0
63301,0
63302,0
63303,0
63304,1
63305,0
63306,0
63307,0
63308,0
63309,0
6331,1
63310,0
63311,0
63312,0
63313,1
63314,0
63315,0
63316,1
63317,0
63318,1
63319,1
6332,1
63320,0
63321,0
63322,0
63323,1
63324,0
63325,0
63326,0
63327,1
63328,1
63329,1
6333,1
63330,0
63331,0
63332,1
63333,1
63334,0
63335,0
63336,0
63337,0
63338,1
63339,1
6334,1
63340,1
63341,0
63342,0
63343,0
63344,0
63345,0
63346,0
63347,0
63348,1
63349,0
6335,1
63350,1
63351,0
63352,0
63353,0
63354,0
63355,0
63356,1
63357,1
63358,0
63359,0
6336,1
63360,0
63361,0
63362,0
63363,1
63364,0
63365,0
63366,0
63367,1
63368,1
63369,0
6337,1
63370,0
63371,1
63372,0
63373,0
63374,1
63375,0
63376,0
63377,0
63378,0
63379,1
6338,1
63380,1
63381,0
63382,0
63383,0
63384,0
63385,1
63386,1
63387,1
63388,0
63389,0
6339,1
63390,1
63391,0
63392,1
63393,0
63394,0
63395,1
63396,0
63397,0
63398,0
63399,0
634,1
6340,1
63400,0
63401,0
63402,0
63403,1
63404,1
63405,0
63406,0
63407,0
63408,1
63409,1
6341,1
63410,0
63411,1
63412,0
63413,0
63414,0
63415,1
63416,1
63417,0
63418,0
63419,0
6342,1
63420,0
63421,0
63422,1
63423,0
63424,1
63425,0
63426,0
63427,0
63428,1
63429,0
6343,1
63430,0
63431,1
63432,0
63433,1
63434,0
63435,0
63436,0
63437,0
63438,1
63439,1
6344,1
63440,1
63441,0
63442,0
63443,0
63444,0
63445,1
63446,0
63447,0
63448,1
63449,0
6345,1
63450,0
63451,0
63452,1
63453,0
63454,0
63455,1
63456,1
63457,0
63458,0
63459,0
6346,1
63460,1
63461,0
63462,1
63463,0
63464,0
63465,1
63466,1
63467,1
63468,0
63469,0
6347,1
63470,0
63471,0
63472,0
63473,0
63474,0
63475,0
63476,1
63477,1
63478,0
63479,1
6348,1
63480,0
63481,0
63482,0
63483,0
63484,0
63485,0
63486,1
63487,0
63488,0
63489,0
6349,1
63490,1
63491,0
63492,0
63493,0
63494,0
63495,1
63496,1
63497,0
63498,1
63499,1
635,1
6350,1
63500,0
63501,0
63502,0
63503,1
63504,0
63505,0
63506,0
63507,0
63508,1
63509,0
6351,1
63510,0
63511,0
63512,1
63513,0
63514,0
63515,1
63516,0
63517,0
63518,0
63519,1
6352,1
63520,1
63521,0
63522,0
63523,1
63524,0
63525,0
63526,1
63527,1
63528,0
63529,1
6353,0
63530,0
63531,1
63532,1
63533,0
63534,0
63535,0
63536,1
63537,1
63538,1
63539,0
6354,1
63540,0
63541,0
63542,0
63543,1
63544,0
63545,1
63546,0
63547,0
63548,1
63549,0
6355,1
63550,0
63551,0
63552,0
63553,0
63554,1
63555,0
63556,0
63557,0
63558,1
63559,0
6356,1
63560,1
63561,1
63562,1
63563,0
63564,0
63565,0
63566,0
63567,0
63568,1
63569,1
6357,1
63570,1
63571,0
63572,1
63573,0
63574,1
63575,0
63576,1
63577,0
63578,0
63579,1
6358,1
63580,0
63581,0
63582,1
63583,0
63584,1
63585,0
63586,0
63587,0
63588,0
63589,1
6359,1
63590,1
63591,0
63592,1
63593,0
63594,0
63595,0
63596,0
63597,1
63598,0
63599,1
636,1
6360,1
63600,0
63601,0
63602,0
63603,1
63604,0
63605,1
63606,0
63607,1
63608,0
63609,1
6361,1
63610,0
63611,0
63612,1
63613,0
63614,0
63615,0
63616,0
63617,0
63618,0
63619,0
6362,1
63620,1
63621,1
63622,0
63623,0
63624,0
63625,0
63626,0
63627,0
63628,0
63629,0
6363,1
63630,1
63631,1
63632,0
63633,1
63634,0
63635,0
63636,0
63637,0
63638,0
63639,0
6364,1
63640,1
63641,1
63642,1
63643,0
63644,0
63645,0
63646,1
63647,0
63648,0
63649,1
6365,1
63650,0
63651,1
63652,0
63653,0
63654,0
63655,1
63656,0
63657,1
63658,0
63659,1
6366,1
63660,0
63661,0
63662,0
63663,0
63664,1
63665,1
63666,1
63667,0
63668,0
63669,0
6367,1
63670,0
63671,0
63672,0
63673,0
63674,0
63675,0
63676,0
63677,0
63678,0
63679,0
6368,1
63680,1
63681,1
63682,0
63683,1
63684,0
63685,1
63686,0
63687,0
63688,1
63689,1
6369,1
63690,1
63691,1
63692,1
63693,0
63694,0
63695,1
63696,0
63697,0
63698,0
63699,0
637,1
6370,1
63700,1
63701,0
63702,0
63703,0
63704,0
63705,0
63706,1
63707,0
63708,0
63709,0
6371,1
63710,0
63711,1
63712,0
63713,1
63714,0
63715,0
63716,0
63717,0
63718,0
63719,0
6372,1
63720,1
63721,0
63722,1
63723,0
63724,1
63725,1
63726,0
63727,0
63728,0
63729,1
6373,1
63730,1
63731,0
63732,1
63733,1
63734,0
63735,1
63736,0
63737,1
63738,0
63739,0
6374,1
63740,0
63741,0
63742,0
63743,0
63744,0
63745,1
63746,0
63747,0
63748,1
63749,0
6375,1
63750,0
63751,0
63752,0
63753,1
63754,1
63755,0
63756,1
63757,0
63758,0
63759,1
6376,1
63760,1
63761,0
63762,1
63763,1
63764,0
63765,0
63766,1
63767,0
63768,0
63769,0
6377,1
63770,1
63771,0
63772,0
63773,1
63774,0
63775,0
63776,0
63777,0
63778,1
63779,0
6378,1
63780,0
63781,1
63782,0
63783,1
63784,0
63785,0
63786,1
63787,0
63788,0
63789,0
6379,1
63790,0
63791,0
63792,1
63793,1
63794,1
63795,1
63796,0
63797,0
63798,1
63799,0
638,1
6380,1
63800,0
63801,0
63802,1
63803,0
63804,0
63805,0
63806,0
63807,0
63808,0
63809,0
6381,1
63810,1
63811,0
63812,1
63813,0
63814,0
63815,0
63816,1
63817,1
63818,0
63819,0
6382,1
63820,0
63821,1
63822,0
63823,0
63824,0
63825,1
63826,1
63827,0
63828,1
63829,0
6383,1
63830,1
63831,0
63832,0
63833,0
63834,0
63835,0
63836,0
63837,1
63838,0
63839,1
6384,1
63840,0
63841,0
63842,1
63843,1
63844,0
63845,0
63846,0
63847,0
63848,1
63849,0
6385,1
63850,1
63851,1
63852,0
63853,0
63854,1
63855,1
63856,1
63857,1
63858,1
63859,0
6386,1
63860,0
63861,0
63862,0
63863,1
63864,1
63865,0
63866,1
63867,0
63868,0
63869,0
6387,1
63870,0
63871,1
63872,1
63873,0
63874,1
63875,0
63876,0
63877,0
63878,0
63879,1
6388,1
63880,0
63881,0
63882,0
63883,0
63884,0
63885,0
63886,0
63887,0
63888,0
63889,0
6389,1
63890,0
63891,1
63892,0
63893,0
63894,0
63895,1
63896,0
63897,1
63898,0
63899,1
639,1
6390,1
63900,0
63901,0
63902,1
63903,1
63904,0
63905,1
63906,0
63907,0
63908,0
63909,0
6391,1
63910,0
63911,0
63912,0
63913,0
63914,0
63915,0
63916,1
63917,0
63918,1
63919,1
6392,1
63920,0
63921,0
63922,1
63923,1
63924,1
63925,0
63926,1
63927,1
63928,1
63929,1
6393,1
63930,1
63931,1
63932,1
63933,1
63934,1
63935,1
63936,0
63937,1
63938,0
63939,1
6394,1
63940,0
63941,1
63942,0
63943,0
63944,0
63945,0
63946,1
63947,0
63948,0
63949,0
6395,1
63950,1
63951,1
63952,0
63953,1
63954,0
63955,1
63956,0
63957,0
63958,0
63959,0
6396,1
63960,0
63961,0
63962,0
63963,0
63964,1
63965,0
63966,0
63967,0
63968,0
63969,1
6397,1
63970,0
63971,1
63972,1
63973,0
63974,0
63975,0
63976,0
63977,0
63978,0
63979,1
6398,1
63980,0
63981,1
63982,1
63983,0
63984,0
63985,0
63986,0
63987,1
63988,0
63989,0
6399,1
63990,0
63991,1
63992,0
63993,0
63994,0
63995,0
63996,0
63997,1
63998,0
63999,0
64,1
640,1
6400,1
64000,0
64001,1
64002,0
64003,1
64004,1
64005,1
64006,1
64007,0
64008,0
64009,0
6401,1
64010,1
64011,1
64012,0
64013,0
64014,0
64015,1
64016,0
64017,0
64018,0
64019,1
6402,1
64020,1
64021,0
64022,0
64023,1
64024,0
64025,1
64026,0
64027,1
64028,0
64029,0
6403,1
64030,1
64031,0
64032,0
64033,0
64034,0
64035,0
64036,0
64037,0
64038,0
64039,0
6404,1
64040,1
64041,0
64042,0
64043,0
64044,1
64045,0
64046,0
64047,0
64048,1
64049,0
6405,1
64050,0
64051,0
64052,1
64053,1
64054,1
64055,0
64056,0
64057,1
64058,0
64059,0
6406,1
64060,1
64061,0
64062,0
64063,0
64064,0
64065,0
64066,0
64067,0
64068,0
64069,1
6407,1
64070,0
64071,0
64072,0
64073,0
64074,0
64075,1
64076,0
64077,0
64078,0
64079,1
6408,1
64080,1
64081,1
64082,1
64083,0
64084,1
64085,0
64086,1
64087,0
64088,1
64089,0
6409,1
64090,0
64091,1
64092,1
64093,0
64094,0
64095,0
64096,0
64097,1
64098,0
64099,0
641,1
6410,1
64100,1
64101,1
64102,0
64103,0
64104,1
64105,0
64106,0
64107,0
64108,0
64109,0
6411,1
64110,1
64111,0
64112,0
64113,1
64114,1
64115,1
64116,0
64117,1
64118,1
64119,0
6412,1
64120,0
64121,0
64122,0
64123,1
64124,0
64125,0
64126,0
64127,0
64128,1
64129,1
6413,1
64130,1
64131,0
64132,1
64133,1
64134,0
64135,1
64136,0
64137,0
64138,1
64139,0
6414,1
64140,0
64141,0
64142,1
64143,0
64144,0
64145,1
64146,0
64147,1
64148,0
64149,0
6415,1
64150,0
64151,0
64152,0
64153,1
64154,0
64155,1
64156,1
64157,1
64158,0
64159,0
6416,1
64160,0
64161,0
64162,0
64163,1
64164,0
64165,0
64166,1
64167,1
64168,0
64169,0
6417,1
64170,0
64171,0
64172,1
64173,0
64174,0
64175,0
64176,0
64177,1
64178,1
64179,1
6418,1
64180,1
64181,1
64182,1
64183,1
64184,1
64185,0
64186,0
64187,0
64188,0
64189,0
6419,1
64190,1
64191,1
64192,1
64193,0
64194,0
64195,1
64196,0
64197,0
64198,1
64199,1
642,1
6420,1
64200,1
64201,0
64202,0
64203,0
64204,0
64205,0
64206,0
64207,0
64208,0
64209,0
6421,1
64210,0
64211,1
64212,0
64213,1
64214,0
64215,0
64216,0
64217,0
64218,1
64219,0
6422,1
64220,1
64221,0
64222,1
64223,0
64224,1
64225,0
64226,0
64227,0
64228,1
64229,1
6423,1
64230,1
64231,1
64232,1
64233,0
64234,1
64235,0
64236,0
64237,1
64238,0
64239,0
6424,1
64240,1
64241,0
64242,1
64243,0
64244,0
64245,0
64246,0
64247,1
64248,1
64249,0
6425,1
64250,0
64251,0
64252,0
64253,0
64254,0
64255,0
64256,0
64257,1
64258,0
64259,0
6426,1
64260,0
64261,1
64262,0
64263,1
64264,1
64265,0
64266,0
64267,1
64268,1
64269,0
6427,1
64270,0
64271,0
64272,1
64273,1
64274,0
64275,0
64276,0
64277,0
64278,0
64279,0
6428,1
64280,0
64281,0
64282,0
64283,1
64284,0
64285,0
64286,1
64287,1
64288,0
64289,1
6429,1
64290,1
64291,1
64292,1
64293,1
64294,1
64295,1
64296,0
64297,1
64298,0
64299,0
643,1
6430,1
64300,0
64301,0
64302,0
64303,0
64304,1
64305,0
64306,1
64307,1
64308,0
64309,1
6431,1
64310,0
64311,0
64312,1
64313,0
64314,1
64315,0
64316,0
64317,0
64318,1
64319,0
6432,1
64320,0
64321,0
64322,0
64323,0
64324,0
64325,0
64326,1
64327,0
64328,1
64329,0
6433,1
64330,0
64331,0
64332,1
64333,1
64334,0
64335,0
64336,0
64337,0
64338,0
64339,0
6434,1
64340,0
64341,0
64342,0
64343,0
64344,1
64345,0
64346,1
64347,0
64348,0
64349,0
6435,1
64350,0
64351,1
64352,1
64353,1
64354,0
64355,0
64356,0
64357,1
64358,0
64359,0
6436,1
64360,0
64361,0
64362,0
64363,1
64364,0
64365,1
64366,1
64367,0
64368,1
64369,0
6437,1
64370,0
64371,0
64372,1
64373,0
64374,0
64375,0
64376,0
64377,0
64378,1
64379,1
6438,1
64380,0
64381,0
64382,0
64383,1
64384,1
64385,0
64386,1
64387,0
64388,0
64389,0
6439,1
64390,0
64391,1
64392,1
64393,1
64394,1
64395,0
64396,1
64397,1
64398,0
64399,0
644,1
6440,1
64400,0
64401,0
64402,0
64403,0
64404,0
64405,0
64406,0
64407,0
64408,0
64409,1
6441,1
64410,0
64411,0
64412,0
64413,1
64414,0
64415,0
64416,0
64417,0
64418,0
64419,0
6442,1
64420,1
64421,0
64422,0
64423,1
64424,0
64425,0
64426,0
64427,1
64428,1
64429,1
6443,1
64430,0
64431,1
64432,0
64433,0
64434,0
64435,1
64436,0
64437,1
64438,1
64439,0
6444,1
64440,0
64441,1
64442,0
64443,0
64444,0
64445,1
64446,1
64447,1
64448,1
64449,0
6445,1
64450,0
64451,1
64452,0
64453,1
64454,0
64455,1
64456,1
64457,1
64458,0
64459,0
6446,1
64460,1
64461,1
64462,0
64463,0
64464,1
64465,0
64466,1
64467,1
64468,1
64469,0
6447,1
64470,0
64471,0
64472,0
64473,0
64474,1
64475,0
64476,1
64477,0
64478,1
64479,0
6448,1
64480,0
64481,0
64482,0
64483,1
64484,0
64485,1
64486,0
64487,0
64488,1
64489,1
6449,1
64490,1
64491,1
64492,0
64493,0
64494,0
64495,1
64496,0
64497,1
64498,1
64499,1
645,1
6450,1
64500,0
64501,0
64502,0
64503,1
64504,0
64505,0
64506,1
64507,0
64508,1
64509,0
6451,1
64510,0
64511,0
64512,0
64513,1
64514,0
64515,0
64516,0
64517,1
64518,0
64519,0
6452,1
64520,1
64521,0
64522,0
64523,1
64524,0
64525,1
64526,0
64527,1
64528,1
64529,0
6453,1
64530,1
64531,1
64532,1
64533,0
64534,1
64535,0
64536,0
64537,1
64538,1
64539,1
6454,1
64540,1
64541,0
64542,1
64543,1
64544,0
64545,1
64546,1
64547,0
64548,1
64549,0
6455,1
64550,1
64551,1
64552,1
64553,0
64554,0
64555,0
64556,1
64557,0
64558,0
64559,1
6456,1
64560,1
64561,1
64562,1
64563,0
64564,1
64565,1
64566,1
64567,1
64568,0
64569,1
6457,1
64570,1
64571,0
64572,1
64573,0
64574,0
64575,1
64576,1
64577,0
64578,0
64579,0
6458,1
64580,1
64581,1
64582,1
64583,1
64584,1
64585,0
64586,1
64587,0
64588,1
64589,1
6459,1
64590,0
64591,0
64592,0
64593,0
64594,0
64595,1
64596,1
64597,1
64598,0
64599,0
646,1
6460,1
64600,0
64601,1
64602,1
64603,1
64604,0
64605,1
64606,0
64607,0
64608,0
64609,0
6461,1
64610,0
64611,0
64612,1
64613,0
64614,0
64615,0
64616,1
64617,0
64618,1
64619,0
6462,1
64620,0
64621,1
64622,0
64623,0
64624,0
64625,1
64626,1
64627,0
64628,0
64629,0
6463,1
64630,0
64631,0
64632,0
64633,0
64634,0
64635,1
64636,1
64637,0
64638,0
64639,0
6464,1
64640,0
64641,1
64642,0
64643,0
64644,1
64645,1
64646,1
64647,1
64648,1
64649,1
6465,1
64650,1
64651,0
64652,0
64653,1
64654,0
64655,0
64656,1
64657,0
64658,0
64659,0
6466,1
64660,0
64661,0
64662,1
64663,0
64664,0
64665,0
64666,1
64667,0
64668,0
64669,0
6467,1
64670,1
64671,0
64672,1
64673,1
64674,0
64675,0
64676,0
64677,0
64678,0
64679,1
6468,1
64680,0
64681,0
64682,0
64683,0
64684,0
64685,0
64686,0
64687,1
64688,1
64689,0
6469,1
64690,0
64691,0
64692,0
64693,0
64694,0
64695,0
64696,1
64697,0
64698,0
64699,0
647,1
6470,1
64700,0
64701,0
64702,0
64703,1
64704,1
64705,1
64706,0
64707,0
64708,0
64709,0
6471,1
64710,0
64711,1
64712,1
64713,0
64714,0
64715,1
64716,1
64717,1
64718,0
64719,1
6472,1
64720,0
64721,1
64722,0
64723,0
64724,1
64725,0
64726,1
64727,0
64728,1
64729,0
6473,1
64730,0
64731,1
64732,1
64733,0
64734,1
64735,0
64736,1
64737,0
64738,1
64739,1
6474,1
64740,0
64741,0
64742,1
64743,0
64744,0
64745,0
64746,0
64747,0
64748,1
64749,1
6475,1
64750,1
64751,1
64752,0
64753,1
64754,0
64755,1
64756,0
64757,0
64758,1
64759,1
6476,1
64760,1
64761,1
64762,1
64763,1
64764,1
64765,0
64766,0
64767,1
64768,0
64769,0
6477,1
64770,1
64771,1
64772,0
64773,1
64774,0
64775,0
64776,0
64777,0
64778,1
64779,0
6478,1
64780,0
64781,1
64782,0
64783,0
64784,0
64785,0
64786,0
64787,1
64788,0
64789,1
6479,1
64790,0
64791,0
64792,1
64793,0
64794,1
64795,0
64796,1
64797,1
64798,1
64799,0
648,1
6480,1
64800,0
64801,0
64802,0
64803,0
64804,0
64805,0
64806,1
64807,0
64808,0
64809,1
6481,1
64810,0
64811,0
64812,1
64813,0
64814,0
64815,0
64816,1
64817,0
64818,0
64819,0
6482,1
64820,1
64821,0
64822,1
64823,0
64824,0
64825,0
64826,1
64827,1
64828,0
64829,0
6483,1
64830,0
64831,0
64832,0
64833,1
64834,1
64835,1
64836,0
64837,0
64838,0
64839,0
6484,1
64840,0
64841,0
64842,0
64843,1
64844,0
64845,0
64846,0
64847,1
64848,0
64849,0
6485,1
64850,1
64851,1
64852,0
64853,1
64854,1
64855,0
64856,1
64857,1
64858,1
64859,1
6486,1
64860,1
64861,0
64862,0
64863,1
64864,0
64865,1
64866,1
64867,1
64868,0
64869,0
6487,1
64870,1
64871,0
64872,0
64873,0
64874,0
64875,0
64876,1
64877,0
64878,0
64879,1
6488,1
64880,0
64881,0
64882,1
64883,0
64884,0
64885,1
64886,0
64887,1
64888,0
64889,0
6489,1
64890,1
64891,0
64892,0
64893,1
64894,1
64895,1
64896,1
64897,0
64898,0
64899,0
649,1
6490,1
64900,1
64901,0
64902,1
64903,1
64904,0
64905,0
64906,0
64907,0
64908,0
64909,0
6491,1
64910,0
64911,1
64912,0
64913,1
64914,0
64915,0
64916,0
64917,1
64918,1
64919,0
6492,1
64920,0
64921,1
64922,0
64923,0
64924,0
64925,0
64926,1
64927,0
64928,0
64929,1
6493,1
64930,0
64931,0
64932,0
64933,1
64934,0
64935,0
64936,0
64937,0
64938,0
64939,1
6494,1
64940,0
64941,0
64942,0
64943,1
64944,1
64945,0
64946,1
64947,1
64948,0
64949,0
6495,1
64950,1
64951,1
64952,0
64953,1
64954,0
64955,1
64956,1
64957,0
64958,0
64959,1
6496,1
64960,0
64961,1
64962,0
64963,0
64964,1
64965,0
64966,0
64967,0
64968,1
64969,0
6497,1
64970,0
64971,0
64972,1
64973,0
64974,1
64975,0
64976,0
64977,0
64978,0
64979,0
6498,1
64980,0
64981,0
64982,0
64983,0
64984,0
64985,0
64986,1
64987,1
64988,0
64989,1
6499,1
64990,0
64991,0
64992,0
64993,1
64994,0
64995,0
64996,0
64997,0
64998,0
64999,0
65,1
650,1
6500,1
65000,1
65001,0
65002,0
65003,0
65004,0
65005,0
65006,0
65007,1
65008,0
65009,1
6501,1
65010,0
65011,0
65012,1
65013,0
65014,1
65015,0
65016,0
65017,0
65018,1
65019,0
6502,1
65020,1
65021,0
65022,0
65023,0
65024,0
65025,1
65026,0
65027,0
65028,1
65029,1
6503,1
65030,1
65031,1
65032,1
65033,1
65034,1
65035,0
65036,1
65037,0
65038,1
65039,0
6504,1
65040,0
65041,0
65042,0
65043,0
65044,0
65045,1
65046,0
65047,0
65048,0
65049,0
6505,1
65050,0
65051,0
65052,1
65053,0
65054,1
65055,1
65056,0
65057,1
65058,1
65059,0
6506,1
65060,0
65061,0
65062,0
65063,0
65064,1
65065,0
65066,0
65067,0
65068,1
65069,1
6507,1
65070,1
65071,1
65072,0
65073,1
65074,0
65075,0
65076,1
65077,0
65078,0
65079,0
6508,1
65080,0
65081,0
65082,0
65083,0
65084,0
65085,1
65086,1
65087,0
65088,1
65089,0
6509,1
65090,0
65091,1
65092,0
65093,0
65094,1
65095,0
65096,0
65097,1
65098,0
65099,1
651,1
6510,1
65100,0
65101,0
65102,0
65103,0
65104,0
65105,1
65106,0
65107,0
65108,1
65109,1
6511,1
65110,0
65111,1
65112,0
65113,0
65114,0
65115,0
65116,0
65117,0
65118,1
65119,0
6512,1
65120,0
65121,0
65122,0
65123,1
65124,1
65125,1
65126,0
65127,0
65128,0
65129,0
6513,1
65130,1
65131,1
65132,1
65133,1
65134,0
65135,0
65136,0
65137,0
65138,0
65139,1
6514,1
65140,1
65141,1
65142,1
65143,1
65144,0
65145,1
65146,1
65147,0
65148,0
65149,0
6515,1
65150,0
65151,1
65152,1
65153,1
65154,0
65155,0
65156,1
65157,0
65158,1
65159,0
6516,1
65160,1
65161,0
65162,1
65163,1
65164,0
65165,0
65166,0
65167,1
65168,1
65169,0
6517,1
65170,0
65171,0
65172,1
65173,0
65174,0
65175,1
65176,1
65177,0
65178,0
65179,0
6518,1
65180,0
65181,0
65182,0
65183,1
65184,1
65185,0
65186,0
65187,0
65188,0
65189,0
6519,1
65190,0
65191,1
65192,0
65193,0
65194,1
65195,0
65196,0
65197,0
65198,1
65199,1
652,1
6520,1
65200,1
65201,1
65202,0
65203,0
65204,0
65205,1
65206,0
65207,0
65208,1
65209,0
6521,1
65210,0
65211,0
65212,1
65213,1
65214,1
65215,1
65216,1
65217,0
65218,0
65219,0
6522,1
65220,1
65221,0
65222,0
65223,0
65224,0
65225,0
65226,1
65227,0
65228,0
65229,1
6523,1
65230,1
65231,1
65232,0
65233,1
65234,0
65235,0
65236,0
65237,0
65238,0
65239,1
6524,1
65240,0
65241,0
65242,1
65243,1
65244,1
65245,1
65246,0
65247,1
65248,1
65249,1
6525,1
65250,0
65251,0
65252,1
65253,0
65254,0
65255,0
65256,1
65257,0
65258,1
65259,1
6526,1
65260,0
65261,1
65262,1
65263,1
65264,0
65265,0
65266,0
65267,0
65268,0
65269,0
6527,1
65270,1
65271,1
65272,1
65273,0
65274,1
65275,0
65276,1
65277,1
65278,0
65279,1
6528,1
65280,1
65281,1
65282,0
65283,0
65284,0
65285,0
65286,1
65287,0
65288,1
65289,1
6529,1
65290,1
65291,1
65292,0
65293,0
65294,0
65295,1
65296,1
65297,0
65298,0
65299,0
653,1
6530,1
65300,1
65301,0
65302,0
65303,1
65304,1
65305,1
65306,0
65307,0
65308,0
65309,1
6531,1
65310,1
65311,1
65312,0
65313,0
65314,0
65315,1
65316,0
65317,0
65318,0
65319,1
6532,1
65320,0
65321,0
65322,0
65323,1
65324,0
65325,1
65326,0
65327,0
65328,0
65329,0
6533,1
65330,0
65331,0
65332,0
65333,0
65334,0
65335,0
65336,0
65337,0
65338,1
65339,1
6534,1
65340,0
65341,0
65342,1
65343,0
65344,1
65345,0
65346,0
65347,0
65348,0
65349,0
6535,1
65350,0
65351,1
65352,0
65353,1
65354,1
65355,0
65356,1
65357,1
65358,0
65359,0
6536,1
65360,0
65361,0
65362,0
65363,1
65364,0
65365,0
65366,0
65367,1
65368,1
65369,0
6537,1
65370,1
65371,0
65372,0
65373,0
65374,1
65375,1
65376,0
65377,0
65378,0
65379,0
6538,1
65380,1
65381,0
65382,0
65383,0
65384,1
65385,1
65386,0
65387,0
65388,0
65389,1
6539,1
65390,0
65391,1
65392,1
65393,1
65394,0
65395,0
65396,1
65397,0
65398,0
65399,1
654,1
6540,1
65400,0
65401,1
65402,0
65403,1
65404,1
65405,1
65406,0
65407,1
65408,0
65409,0
6541,1
65410,0
65411,0
65412,0
65413,0
65414,0
65415,0
65416,0
65417,1
65418,1
65419,0
6542,1
65420,0
65421,0
65422,1
65423,0
65424,0
65425,1
65426,0
65427,1
65428,0
65429,0
6543,1
65430,1
65431,1
65432,0
65433,0
65434,0
65435,0
65436,0
65437,1
65438,0
65439,1
6544,1
65440,1
65441,0
65442,0
65443,1
65444,0
65445,0
65446,0
65447,0
65448,0
65449,1
6545,1
65450,0
65451,1
65452,0
65453,0
65454,1
65455,0
65456,0
65457,0
65458,0
65459,1
6546,1
65460,0
65461,0
65462,0
65463,1
65464,0
65465,0
65466,1
65467,1
65468,0
65469,1
6547,1
65470,1
65471,0
65472,1
65473,1
65474,0
65475,0
65476,0
65477,0
65478,1
65479,0
6548,1
65480,0
65481,1
65482,0
65483,1
65484,1
65485,0
65486,1
65487,1
65488,1
65489,0
6549,1
65490,0
65491,0
65492,1
65493,0
65494,0
65495,1
65496,0
65497,0
65498,0
65499,1
655,1
6550,1
65500,1
65501,0
65502,0
65503,0
65504,0
65505,0
65506,0
65507,0
65508,1
65509,0
6551,1
65510,1
65511,1
65512,0
65513,0
65514,0
65515,1
65516,0
65517,0
65518,0
65519,1
6552,1
65520,0
65521,1
65522,1
65523,0
65524,1
65525,1
65526,1
65527,0
65528,1
65529,0
6553,1
65530,0
65531,0
65532,1
65533,0
65534,1
65535,0
65536,0
65537,0
65538,1
65539,1
6554,1
65540,1
65541,0
65542,0
65543,0
65544,0
65545,1
65546,1
65547,0
65548,1
65549,1
6555,1
65550,0
65551,0
65552,1
65553,1
65554,0
65555,0
65556,1
65557,0
65558,0
65559,0
6556,1
65560,1
65561,1
65562,1
65563,0
65564,0
65565,1
65566,1
65567,0
65568,0
65569,0
6557,1
65570,1
65571,0
65572,0
65573,1
65574,0
65575,1
65576,0
65577,0
65578,1
65579,0
6558,1
65580,0
65581,0
65582,0
65583,0
65584,0
65585,1
65586,0
65587,0
65588,1
65589,0
6559,1
65590,1
65591,1
65592,0
65593,0
65594,0
65595,0
65596,1
65597,1
65598,0
65599,1
656,1
6560,1
65600,0
65601,0
65602,0
65603,1
65604,0
65605,0
65606,0
65607,0
65608,1
65609,0
6561,1
65610,0
65611,0
65612,0
65613,0
65614,0
65615,0
65616,0
65617,1
65618,0
65619,0
6562,1
65620,1
65621,0
65622,0
65623,0
65624,0
65625,0
65626,0
65627,0
65628,0
65629,1
6563,1
65630,1
65631,0
65632,0
65633,0
65634,0
65635,0
65636,0
65637,0
65638,0
65639,0
6564,1
65640,0
65641,1
65642,0
65643,0
65644,1
65645,0
65646,1
65647,0
65648,1
65649,1
6565,1
65650,0
65651,0
65652,1
65653,0
65654,0
65655,0
65656,0
65657,0
65658,0
65659,0
6566,1
65660,1
65661,1
65662,1
65663,0
65664,1
65665,1
65666,0
65667,1
65668,0
65669,1
6567,1
65670,1
65671,1
65672,1
65673,0
65674,0
65675,0
65676,0
65677,1
65678,1
65679,0
6568,1
65680,1
65681,0
65682,0
65683,1
65684,1
65685,0
65686,1
65687,0
65688,0
65689,0
6569,1
65690,0
65691,0
65692,0
65693,0
65694,1
65695,0
65696,0
65697,0
65698,0
65699,1
657,1
6570,1
65700,1
65701,0
65702,0
65703,0
65704,1
65705,0
65706,0
65707,0
65708,0
65709,0
6571,1
65710,1
65711,1
65712,0
65713,1
65714,1
65715,1
65716,1
65717,0
65718,0
65719,0
6572,1
65720,1
65721,0
65722,0
65723,1
65724,0
65725,0
65726,1
65727,0
65728,1
65729,1
6573,1
65730,1
65731,1
65732,0
65733,1
65734,0
65735,1
65736,0
65737,1
65738,0
65739,1
6574,1
65740,1
65741,1
65742,1
65743,1
65744,1
65745,0
65746,0
65747,1
65748,1
65749,0
6575,1
65750,0
65751,0
65752,0
65753,1
65754,0
65755,0
65756,1
65757,1
65758,0
65759,0
6576,1
65760,0
65761,1
65762,1
65763,0
65764,1
65765,1
65766,1
65767,0
65768,0
65769,0
6577,1
65770,0
65771,0
65772,1
65773,1
65774,1
65775,0
65776,0
65777,1
65778,0
65779,1
6578,1
65780,0
65781,0
65782,0
65783,1
65784,0
65785,0
65786,0
65787,1
65788,1
65789,1
6579,1
65790,0
65791,1
65792,1
65793,0
65794,0
65795,1
65796,0
65797,0
65798,0
65799,0
658,1
6580,1
65800,1
65801,0
65802,1
65803,1
65804,0
65805,0
65806,0
65807,0
65808,1
65809,1
6581,1
65810,1
65811,1
65812,1
65813,1
65814,1
65815,0
65816,0
65817,0
65818,0
65819,0
6582,1
65820,0
65821,1
65822,1
65823,0
65824,0
65825,0
65826,1
65827,0
65828,0
65829,0
6583,1
65830,0
65831,0
65832,0
65833,1
65834,0
65835,0
65836,0
65837,0
65838,0
65839,0
6584,1
65840,1
65841,1
65842,0
65843,1
65844,0
65845,0
65846,0
65847,0
65848,1
65849,0
6585,1
65850,0
65851,0
65852,0
65853,1
65854,1
65855,0
65856,0
65857,0
65858,0
65859,0
6586,1
65860,0
65861,1
65862,0
65863,0
65864,0
65865,1
65866,0
65867,0
65868,1
65869,1
6587,1
65870,0
65871,1
65872,1
65873,0
65874,0
65875,1
65876,1
65877,1
65878,0
65879,1
6588,1
65880,1
65881,0
65882,1
65883,1
65884,0
65885,0
65886,0
65887,1
65888,0
65889,0
6589,1
65890,1
65891,1
65892,0
65893,0
65894,1
65895,1
65896,1
65897,0
65898,0
65899,0
659,1
6590,1
65900,1
65901,0
65902,0
65903,0
65904,0
65905,0
65906,0
65907,1
65908,0
65909,0
6591,1
65910,0
65911,0
65912,0
65913,1
65914,0
65915,0
65916,1
65917,0
65918,0
65919,0
6592,1
65920,1
65921,0
65922,0
65923,0
65924,1
65925,0
65926,0
65927,1
65928,0
65929,1
6593,1
65930,1
65931,1
65932,0
65933,1
65934,0
65935,1
65936,0
65937,1
65938,1
65939,0
6594,1
65940,1
65941,0
65942,0
65943,0
65944,0
65945,1
65946,1
65947,0
65948,0
65949,1
6595,1
65950,1
65951,0
65952,1
65953,1
65954,0
65955,0
65956,0
65957,0
65958,1
65959,0
6596,1
65960,0
65961,0
65962,0
65963,0
65964,0
65965,0
65966,0
65967,1
65968,0
65969,0
6597,1
65970,0
65971,0
65972,1
65973,0
65974,0
65975,1
65976,1
65977,0
65978,0
65979,0
6598,1
65980,0
65981,0
65982,1
65983,0
65984,1
65985,0
65986,1
65987,0
65988,0
65989,1
6599,1
65990,0
65991,0
65992,0
65993,1
65994,0
65995,0
65996,1
65997,0
65998,0
65999,1
66,1
660,1
6600,1
66000,0
66001,1
66002,0
66003,1
66004,1
66005,0
66006,0
66007,1
66008,0
66009,0
6601,1
66010,1
66011,1
66012,0
66013,1
66014,0
66015,0
66016,0
66017,1
66018,0
66019,0
6602,1
66020,0
66021,0
66022,1
66023,0
66024,0
66025,0
66026,0
66027,1
66028,1
66029,0
6603,1
66030,0
66031,0
66032,0
66033,1
66034,0
66035,1
66036,0
66037,0
66038,1
66039,0
6604,1
66040,0
66041,1
66042,1
66043,1
66044,0
66045,0
66046,1
66047,0
66048,0
66049,0
6605,1
66050,0
66051,0
66052,1
66053,1
66054,0
66055,0
66056,0
66057,1
66058,1
66059,0
6606,1
66060,1
66061,0
66062,0
66063,0
66064,0
66065,0
66066,1
66067,0
66068,0
66069,0
6607,1
66070,0
66071,0
66072,0
66073,1
66074,1
66075,0
66076,1
66077,0
66078,0
66079,1
6608,1
66080,0
66081,1
66082,1
66083,1
66084,1
66085,1
66086,0
66087,0
66088,0
66089,1
6609,1
66090,0
66091,0
66092,0
66093,1
66094,0
66095,1
66096,0
66097,1
66098,0
66099,1
661,1
6610,1
66100,0
66101,1
66102,0
66103,1
66104,0
66105,1
66106,0
66107,0
66108,0
66109,1
6611,1
66110,0
66111,1
66112,0
66113,0
66114,1
66115,0
66116,0
66117,0
66118,0
66119,1
6612,1
66120,0
66121,0
66122,0
66123,0
66124,1
66125,0
66126,0
66127,1
66128,0
66129,0
6613,1
66130,0
66131,0
66132,0
66133,1
66134,1
66135,1
66136,0
66137,0
66138,0
66139,0
6614,1
66140,0
66141,0
66142,1
66143,1
66144,0
66145,1
66146,0
66147,0
66148,0
66149,0
6615,1
66150,0
66151,0
66152,0
66153,0
66154,1
66155,0
66156,1
66157,0
66158,0
66159,0
6616,1
66160,0
66161,0
66162,0
66163,0
66164,0
66165,1
66166,1
66167,0
66168,1
66169,0
6617,1
66170,0
66171,1
66172,0
66173,1
66174,0
66175,1
66176,1
66177,0
66178,0
66179,0
6618,1
66180,1
66181,1
66182,0
66183,0
66184,0
66185,1
66186,1
66187,0
66188,0
66189,0
6619,1
66190,0
66191,1
66192,1
66193,1
66194,0
66195,1
66196,0
66197,1
66198,0
66199,1
662,1
6620,1
66200,1
66201,0
66202,1
66203,1
66204,0
66205,1
66206,1
66207,0
66208,1
66209,1
6621,1
66210,1
66211,1
66212,0
66213,0
66214,0
66215,0
66216,1
66217,1
66218,0
66219,0
6622,1
66220,0
66221,0
66222,0
66223,0
66224,1
66225,0
66226,0
66227,0
66228,0
66229,1
6623,1
66230,0
66231,0
66232,1
66233,0
66234,0
66235,1
66236,0
66237,0
66238,1
66239,1
6624,1
66240,0
66241,0
66242,1
66243,1
66244,1
66245,0
66246,0
66247,0
66248,0
66249,0
6625,1
66250,1
66251,1
66252,0
66253,0
66254,1
66255,0
66256,1
66257,0
66258,0
66259,1
6626,1
66260,1
66261,0
66262,1
66263,0
66264,0
66265,0
66266,1
66267,1
66268,0
66269,1
6627,0
66270,0
66271,0
66272,1
66273,0
66274,1
66275,0
66276,1
66277,0
66278,0
66279,0
6628,1
66280,0
66281,0
66282,1
66283,1
66284,0
66285,0
66286,0
66287,0
66288,1
66289,0
6629,1
66290,1
66291,0
66292,1
66293,0
66294,0
66295,1
66296,0
66297,0
66298,0
66299,1
663,1
6630,1
66300,1
66301,1
66302,0
66303,0
66304,0
66305,1
66306,1
66307,0
66308,0
66309,0
6631,1
66310,0
66311,0
66312,0
66313,1
66314,1
66315,0
66316,0
66317,1
66318,1
66319,0
6632,1
66320,0
66321,0
66322,1
66323,1
66324,0
66325,1
66326,0
66327,0
66328,0
66329,0
6633,1
66330,1
66331,1
66332,0
66333,0
66334,0
66335,0
66336,0
66337,0
66338,1
66339,1
6634,1
66340,0
66341,1
66342,1
66343,1
66344,0
66345,0
66346,1
66347,0
66348,0
66349,0
6635,1
66350,1
66351,1
66352,0
66353,0
66354,0
66355,0
66356,1
66357,0
66358,0
66359,1
6636,1
66360,1
66361,0
66362,0
66363,0
66364,1
66365,0
66366,0
66367,1
66368,0
66369,1
6637,0
66370,0
66371,0
66372,0
66373,1
66374,0
66375,1
66376,0
66377,0
66378,1
66379,1
6638,1
66380,1
66381,0
66382,1
66383,1
66384,1
66385,0
66386,1
66387,1
66388,0
66389,0
6639,1
66390,1
66391,1
66392,0
66393,0
66394,0
66395,1
66396,0
66397,1
66398,0
66399,0
664,1
6640,1
66400,0
66401,1
66402,0
66403,1
66404,1
66405,0
66406,0
66407,0
66408,1
66409,0
6641,1
66410,0
66411,0
66412,1
66413,0
66414,0
66415,0
66416,0
66417,1
66418,1
66419,1
6642,1
66420,0
66421,0
66422,1
66423,1
66424,0
66425,0
66426,0
66427,1
66428,0
66429,0
6643,1
66430,0
66431,0
66432,1
66433,0
66434,0
66435,0
66436,1
66437,0
66438,0
66439,0
6644,1
66440,0
66441,0
66442,0
66443,1
66444,0
66445,0
66446,0
66447,0
66448,0
66449,0
6645,1
66450,0
66451,0
66452,0
66453,1
66454,0
66455,0
66456,0
66457,0
66458,0
66459,1
6646,1
66460,1
66461,1
66462,1
66463,1
66464,0
66465,0
66466,0
66467,0
66468,0
66469,0
6647,1
66470,1
66471,1
66472,0
66473,0
66474,0
66475,0
66476,1
66477,0
66478,0
66479,1
6648,1
66480,0
66481,1
66482,1
66483,0
66484,0
66485,0
66486,0
66487,1
66488,1
66489,0
6649,1
66490,0
66491,0
66492,1
66493,0
66494,0
66495,0
66496,0
66497,0
66498,1
66499,0
665,0
6650,1
66500,0
66501,0
66502,0
66503,1
66504,1
66505,0
66506,0
66507,0
66508,1
66509,0
6651,1
66510,0
66511,0
66512,0
66513,0
66514,0
66515,0
66516,1
66517,1
66518,0
66519,1
6652,1
66520,1
66521,0
66522,1
66523,0
66524,0
66525,0
66526,1
66527,0
66528,1
66529,0
6653,1
66530,0
66531,1
66532,0
66533,0
66534,1
66535,0
66536,0
66537,0
66538,0
66539,1
6654,1
66540,0
66541,1
66542,0
66543,1
66544,0
66545,1
66546,0
66547,1
66548,0
66549,1
6655,1
66550,1
66551,1
66552,0
66553,0
66554,1
66555,0
66556,0
66557,1
66558,0
66559,1
6656,1
66560,0
66561,1
66562,0
66563,0
66564,0
66565,0
66566,1
66567,0
66568,1
66569,1
6657,1
66570,1
66571,0
66572,1
66573,0
66574,0
66575,0
66576,0
66577,0
66578,1
66579,0
6658,1
66580,0
66581,0
66582,1
66583,0
66584,0
66585,0
66586,1
66587,0
66588,0
66589,0
6659,1
66590,0
66591,0
66592,0
66593,1
66594,1
66595,1
66596,0
66597,0
66598,0
66599,0
666,1
6660,1
66600,0
66601,0
66602,0
66603,0
66604,0
66605,1
66606,0
66607,0
66608,0
66609,0
6661,1
66610,0
66611,0
66612,0
66613,0
66614,1
66615,1
66616,0
66617,1
66618,1
66619,0
6662,1
66620,0
66621,0
66622,0
66623,0
66624,0
66625,0
66626,0
66627,0
66628,1
66629,0
6663,1
66630,0
66631,0
66632,0
66633,1
66634,0
66635,0
66636,0
66637,0
66638,0
66639,0
6664,1
66640,1
66641,0
66642,0
66643,1
66644,1
66645,1
66646,1
66647,1
66648,0
66649,1
6665,1
66650,0
66651,0
66652,0
66653,0
66654,1
66655,0
66656,0
66657,0
66658,0
66659,0
6666,1
66660,0
66661,0
66662,0
66663,0
66664,1
66665,1
66666,0
66667,1
66668,1
66669,0
6667,1
66670,0
66671,0
66672,0
66673,1
66674,1
66675,0
66676,0
66677,0
66678,0
66679,0
6668,1
66680,0
66681,0
66682,1
66683,1
66684,0
66685,0
66686,0
66687,0
66688,1
66689,1
6669,1
66690,0
66691,0
66692,1
66693,1
66694,1
66695,1
66696,0
66697,0
66698,0
66699,0
667,1
6670,1
66700,0
66701,0
66702,0
66703,0
66704,1
66705,0
66706,0
66707,1
66708,1
66709,0
6671,1
66710,0
66711,0
66712,0
66713,1
66714,0
66715,1
66716,0
66717,1
66718,0
66719,0
6672,1
66720,0
66721,0
66722,0
66723,0
66724,0
66725,1
66726,1
66727,0
66728,1
66729,0
6673,1
66730,0
66731,0
66732,0
66733,0
66734,0
66735,0
66736,0
66737,1
66738,0
66739,0
6674,1
66740,0
66741,1
66742,0
66743,0
66744,1
66745,0
66746,1
66747,1
66748,0
66749,0
6675,1
66750,0
66751,0
66752,0
66753,0
66754,0
66755,0
66756,1
66757,1
66758,0
66759,0
6676,1
66760,0
66761,0
66762,0
66763,0
66764,1
66765,1
66766,0
66767,0
66768,1
66769,1
6677,1
66770,1
66771,0
66772,1
66773,1
66774,1
66775,1
66776,0
66777,0
66778,0
66779,1
6678,1
66780,0
66781,0
66782,1
66783,0
66784,1
66785,0
66786,0
66787,0
66788,1
66789,1
6679,1
66790,0
66791,1
66792,1
66793,0
66794,0
66795,1
66796,1
66797,0
66798,0
66799,0
668,1
6680,1
66800,1
66801,0
66802,0
66803,0
66804,0
66805,0
66806,1
66807,1
66808,0
66809,1
6681,1
66810,0
66811,1
66812,0
66813,1
66814,0
66815,0
66816,1
66817,0
66818,1
66819,0
6682,1
66820,0
66821,0
66822,0
66823,1
66824,0
66825,1
66826,0
66827,1
66828,1
66829,0
6683,1
66830,1
66831,1
66832,0
66833,1
66834,0
66835,1
66836,1
66837,0
66838,1
66839,0
6684,1
66840,1
66841,0
66842,0
66843,0
66844,1
66845,0
66846,0
66847,1
66848,0
66849,1
6685,1
66850,0
66851,0
66852,0
66853,0
66854,0
66855,0
66856,1
66857,1
66858,0
66859,0
6686,1
66860,0
66861,0
66862,0
66863,0
66864,0
66865,0
66866,0
66867,0
66868,1
66869,1
6687,1
66870,0
66871,0
66872,1
66873,0
66874,1
66875,0
66876,0
66877,0
66878,0
66879,1
6688,1
66880,0
66881,0
66882,1
66883,0
66884,0
66885,0
66886,0
66887,1
66888,0
66889,1
6689,1
66890,1
66891,0
66892,0
66893,0
66894,1
66895,0
66896,0
66897,0
66898,1
66899,0
669,1
6690,1
66900,1
66901,1
66902,0
66903,0
66904,1
66905,1
66906,1
66907,1
66908,0
66909,1
6691,1
66910,1
66911,0
66912,0
66913,1
66914,0
66915,0
66916,0
66917,1
66918,1
66919,0
6692,1
66920,0
66921,0
66922,0
66923,1
66924,0
66925,0
66926,0
66927,0
66928,0
66929,0
6693,1
66930,1
66931,0
66932,0
66933,1
66934,0
66935,0
66936,1
66937,0
66938,1
66939,0
6694,1
66940,0
66941,0
66942,1
66943,1
66944,0
66945,0
66946,1
66947,0
66948,0
66949,0
6695,1
66950,1
66951,0
66952,0
66953,0
66954,0
66955,0
66956,0
66957,0
66958,1
66959,0
6696,1
66960,0
66961,1
66962,0
66963,1
66964,1
66965,0
66966,0
66967,0
66968,0
66969,0
6697,1
66970,0
66971,0
66972,0
66973,1
66974,0
66975,0
66976,0
66977,0
66978,0
66979,0
6698,1
66980,0
66981,0
66982,0
66983,0
66984,0
66985,0
66986,1
66987,0
66988,1
66989,1
6699,1
66990,0
66991,0
66992,0
66993,0
66994,0
66995,0
66996,0
66997,0
66998,0
66999,0
67,1
670,1
6700,1
67000,0
67001,0
67002,1
67003,1
67004,0
67005,0
67006,1
67007,0
67008,0
67009,1
6701,1
67010,1
67011,1
67012,1
67013,0
67014,0
67015,1
67016,1
67017,0
67018,1
67019,1
6702,1
67020,1
67021,0
67022,1
67023,1
67024,0
67025,0
67026,0
67027,1
67028,0
67029,0
6703,1
67030,0
67031,0
67032,0
67033,1
67034,1
67035,0
67036,0
67037,0
67038,0
67039,0
6704,1
67040,0
67041,1
67042,0
67043,1
67044,1
67045,0
67046,1
67047,1
67048,1
67049,0
6705,1
67050,0
67051,1
67052,0
67053,0
67054,0
67055,1
67056,0
67057,0
67058,0
67059,0
6706,1
67060,0
67061,0
67062,1
67063,1
67064,0
67065,0
67066,0
67067,0
67068,1
67069,1
6707,1
67070,1
67071,0
67072,1
67073,0
67074,0
67075,0
67076,1
67077,1
67078,0
67079,1
6708,1
67080,0
67081,0
67082,0
67083,0
67084,1
67085,1
67086,0
67087,1
67088,0
67089,1
6709,1
67090,0
67091,0
67092,0
67093,0
67094,1
67095,1
67096,0
67097,1
67098,0
67099,0
671,0
6710,1
67100,1
67101,0
67102,0
67103,1
67104,0
67105,0
67106,1
67107,1
67108,0
67109,1
6711,1
67110,0
67111,0
67112,0
67113,1
67114,0
67115,0
67116,0
67117,0
67118,1
67119,0
6712,1
67120,0
67121,0
67122,1
67123,0
67124,1
67125,0
67126,0
67127,1
67128,0
67129,0
6713,1
67130,0
67131,0
67132,0
67133,0
67134,0
67135,1
67136,1
67137,0
67138,1
67139,1
6714,1
67140,0
67141,1
67142,0
67143,0
67144,1
67145,0
67146,0
67147,0
67148,1
67149,1
6715,1
67150,0
67151,0
67152,0
67153,1
67154,0
67155,0
67156,0
67157,0
67158,0
67159,1
6716,1
67160,0
67161,0
67162,0
67163,1
67164,0
67165,1
67166,0
67167,0
67168,1
67169,1
6717,1
67170,0
67171,1
67172,1
67173,0
67174,0
67175,1
67176,0
67177,1
67178,0
67179,0
6718,1
67180,0
67181,1
67182,1
67183,1
67184,0
67185,1
67186,0
67187,0
67188,0
67189,0
6719,1
67190,0
67191,1
67192,1
67193,0
67194,0
67195,0
67196,1
67197,0
67198,0
67199,0
672,1
6720,1
67200,0
67201,1
67202,0
67203,0
67204,0
67205,1
67206,0
67207,0
67208,0
67209,0
6721,1
67210,1
67211,0
67212,0
67213,1
67214,0
67215,0
67216,1
67217,0
67218,0
67219,0
6722,1
67220,0
67221,0
67222,0
67223,0
67224,1
67225,1
67226,0
67227,0
67228,1
67229,0
6723,1
67230,0
67231,0
67232,1
67233,1
67234,0
67235,0
67236,0
67237,0
67238,0
67239,0
6724,1
67240,0
67241,0
67242,0
67243,0
67244,1
67245,1
67246,1
67247,0
67248,1
67249,0
6725,1
67250,0
67251,1
67252,0
67253,1
67254,1
67255,0
67256,0
67257,0
67258,1
67259,0
6726,1
67260,0
67261,0
67262,0
67263,0
67264,1
67265,1
67266,0
67267,0
67268,1
67269,0
6727,1
67270,0
67271,1
67272,1
67273,1
67274,1
67275,0
67276,0
67277,0
67278,0
67279,1
6728,1
67280,1
67281,0
67282,0
67283,1
67284,0
67285,0
67286,1
67287,0
67288,0
67289,0
6729,1
67290,0
67291,1
67292,1
67293,0
67294,1
67295,0
67296,1
67297,0
67298,0
67299,1
673,1
6730,1
67300,0
67301,0
67302,0
67303,0
67304,1
67305,1
67306,0
67307,0
67308,1
67309,0
6731,1
67310,0
67311,0
67312,0
67313,1
67314,1
67315,0
67316,0
67317,0
67318,1
67319,1
6732,1
67320,1
67321,0
67322,0
67323,0
67324,0
67325,1
67326,0
67327,1
67328,0
67329,1
6733,1
67330,0
67331,0
67332,0
67333,1
67334,0
67335,0
67336,0
67337,0
67338,0
67339,0
6734,1
67340,1
67341,1
67342,0
67343,0
67344,0
67345,1
67346,0
67347,1
67348,0
67349,0
6735,1
67350,0
67351,1
67352,0
67353,0
67354,1
67355,0
67356,0
67357,0
67358,0
67359,1
6736,1
67360,0
67361,0
67362,1
67363,1
67364,0
67365,0
67366,0
67367,1
67368,0
67369,1
6737,1
67370,1
67371,0
67372,0
67373,0
67374,1
67375,0
67376,1
67377,1
67378,0
67379,1
6738,1
67380,0
67381,0
67382,1
67383,1
67384,1
67385,1
67386,0
67387,1
67388,1
67389,0
6739,1
67390,0
67391,0
67392,1
67393,0
67394,1
67395,0
67396,1
67397,0
67398,0
67399,0
674,1
6740,1
67400,0
67401,1
67402,0
67403,0
67404,0
67405,1
67406,0
67407,1
67408,0
67409,0
6741,1
67410,0
67411,0
67412,0
67413,1
67414,1
67415,1
67416,0
67417,1
67418,1
67419,0
6742,1
67420,1
67421,0
67422,0
67423,0
67424,1
67425,0
67426,0
67427,1
67428,0
67429,0
6743,1
67430,1
67431,0
67432,0
67433,1
67434,0
67435,0
67436,0
67437,0
67438,0
67439,0
6744,1
67440,0
67441,0
67442,0
67443,0
67444,1
67445,0
67446,0
67447,0
67448,1
67449,0
6745,1
67450,0
67451,0
67452,0
67453,1
67454,0
67455,1
67456,0
67457,0
67458,1
67459,1
6746,1
67460,1
67461,1
67462,1
67463,0
67464,0
67465,1
67466,0
67467,0
67468,0
67469,0
6747,1
67470,1
67471,0
67472,0
67473,0
67474,0
67475,1
67476,1
67477,0
67478,0
67479,0
6748,1
67480,0
67481,1
67482,0
67483,0
67484,1
67485,1
67486,0
67487,0
67488,1
67489,0
6749,1
67490,1
67491,1
67492,0
67493,0
67494,0
67495,1
67496,0
67497,1
67498,0
67499,0
675,1
6750,1
67500,1
67501,0
67502,0
67503,0
67504,0
67505,1
67506,0
67507,0
67508,0
67509,0
6751,1
67510,0
67511,1
67512,0
67513,0
67514,1
67515,0
67516,1
67517,0
67518,0
67519,0
6752,1
67520,1
67521,1
67522,1
67523,0
67524,0
67525,0
67526,1
67527,1
67528,1
67529,0
6753,1
67530,1
67531,1
67532,0
67533,0
67534,1
67535,0
67536,1
67537,0
67538,0
67539,0
6754,1
67540,0
67541,0
67542,0
67543,0
67544,1
67545,1
67546,0
67547,1
67548,1
67549,1
6755,1
67550,0
67551,0
67552,0
67553,0
67554,0
67555,0
67556,0
67557,0
67558,0
67559,0
6756,1
67560,1
67561,0
67562,1
67563,0
67564,0
67565,1
67566,0
67567,1
67568,0
67569,1
6757,1
67570,0
67571,0
67572,1
67573,1
67574,0
67575,0
67576,1
67577,1
67578,0
67579,0
6758,1
67580,0
67581,0
67582,0
67583,0
67584,0
67585,1
67586,1
67587,1
67588,0
67589,1
6759,1
67590,0
67591,0
67592,0
67593,0
67594,1
67595,0
67596,0
67597,0
67598,0
67599,0
676,1
6760,1
67600,0
67601,0
67602,0
67603,1
67604,1
67605,1
67606,0
67607,0
67608,1
67609,0
6761,1
67610,1
67611,0
67612,0
67613,1
67614,0
67615,0
67616,1
67617,0
67618,1
67619,1
6762,1
67620,0
67621,0
67622,1
67623,1
67624,1
67625,0
67626,1
67627,1
67628,0
67629,0
6763,1
67630,0
67631,1
67632,0
67633,0
67634,1
67635,0
67636,0
67637,1
67638,1
67639,0
6764,1
67640,1
67641,0
67642,1
67643,0
67644,0
67645,0
67646,0
67647,0
67648,0
67649,0
6765,1
67650,0
67651,1
67652,0
67653,0
67654,1
67655,1
67656,0
67657,1
67658,1
67659,0
6766,1
67660,0
67661,0
67662,1
67663,0
67664,0
67665,0
67666,0
67667,1
67668,0
67669,1
6767,1
67670,0
67671,0
67672,1
67673,0
67674,1
67675,0
67676,0
67677,1
67678,0
67679,1
6768,1
67680,1
67681,0
67682,1
67683,1
67684,0
67685,0
67686,1
67687,0
67688,0
67689,0
6769,1
67690,0
67691,0
67692,1
67693,0
67694,0
67695,0
67696,0
67697,0
67698,1
67699,1
677,1
6770,1
67700,0
67701,0
67702,0
67703,1
67704,0
67705,0
67706,0
67707,1
67708,1
67709,0
6771,1
67710,1
67711,1
67712,1
67713,0
67714,1
67715,1
67716,1
67717,0
67718,1
67719,1
6772,1
67720,1
67721,0
67722,0
67723,0
67724,0
67725,1
67726,0
67727,0
67728,1
67729,0
6773,1
67730,0
67731,0
67732,0
67733,1
67734,0
67735,0
67736,1
67737,1
67738,0
67739,1
6774,1
67740,1
67741,1
67742,1
67743,0
67744,1
67745,1
67746,0
67747,1
67748,0
67749,1
6775,1
67750,1
67751,0
67752,0
67753,1
67754,1
67755,0
67756,0
67757,0
67758,0
67759,1
6776,1
67760,0
67761,0
67762,0
67763,0
67764,1
67765,1
67766,0
67767,0
67768,0
67769,0
6777,1
67770,1
67771,1
67772,0
67773,0
67774,0
67775,0
67776,1
67777,1
67778,1
67779,0
6778,1
67780,0
67781,1
67782,1
67783,0
67784,1
67785,0
67786,1
67787,0
67788,0
67789,0
6779,1
67790,1
67791,0
67792,1
67793,0
67794,1
67795,1
67796,1
67797,0
67798,0
67799,1
678,1
6780,1
67800,0
67801,0
67802,1
67803,1
67804,0
67805,0
67806,0
67807,0
67808,1
67809,0
6781,1
67810,1
67811,0
67812,0
67813,0
67814,0
67815,0
67816,1
67817,0
67818,1
67819,1
6782,1
67820,0
67821,1
67822,1
67823,1
67824,1
67825,1
67826,1
67827,0
67828,0
67829,0
6783,1
67830,1
67831,1
67832,1
67833,0
67834,0
67835,0
67836,0
67837,1
67838,1
67839,0
6784,1
67840,0
67841,1
67842,1
67843,0
67844,1
67845,0
67846,0
67847,0
67848,1
67849,0
6785,1
67850,0
67851,0
67852,1
67853,0
67854,0
67855,1
67856,0
67857,1
67858,1
67859,1
6786,1
67860,0
67861,1
67862,1
67863,0
67864,1
67865,1
67866,1
67867,1
67868,0
67869,0
6787,1
67870,1
67871,0
67872,0
67873,0
67874,0
67875,0
67876,1
67877,1
67878,1
67879,0
6788,1
67880,0
67881,1
67882,0
67883,1
67884,0
67885,1
67886,0
67887,0
67888,0
67889,1
6789,1
67890,0
67891,1
67892,0
67893,1
67894,0
67895,1
67896,0
67897,1
67898,1
67899,0
679,1
6790,0
67900,1
67901,1
67902,0
67903,0
67904,1
67905,1
67906,0
67907,0
67908,0
67909,0
6791,1
67910,0
67911,1
67912,0
67913,0
67914,1
67915,1
67916,1
67917,0
67918,0
67919,0
6792,1
67920,0
67921,0
67922,1
67923,0
67924,0
67925,1
67926,0
67927,0
67928,0
67929,1
6793,1
67930,0
67931,0
67932,1
67933,0
67934,0
67935,0
67936,0
67937,1
67938,0
67939,1
6794,1
67940,0
67941,1
67942,0
67943,0
67944,0
67945,0
67946,0
67947,1
67948,1
67949,0
6795,1
67950,0
67951,1
67952,0
67953,1
67954,0
67955,0
67956,0
67957,0
67958,1
67959,1
6796,1
67960,1
67961,0
67962,1
67963,0
67964,1
67965,0
67966,1
67967,0
67968,1
67969,1
6797,1
67970,0
67971,1
67972,0
67973,0
67974,0
67975,1
67976,0
67977,1
67978,0
67979,0
6798,1
67980,1
67981,0
67982,0
67983,1
67984,1
67985,0
67986,0
67987,1
67988,0
67989,0
6799,1
67990,0
67991,0
67992,0
67993,0
67994,0
67995,0
67996,0
67997,0
67998,0
67999,1
68,1
680,1
6800,1
68000,0
68001,0
68002,0
68003,1
68004,0
68005,1
68006,0
68007,0
68008,1
68009,0
6801,1
68010,1
68011,0
68012,0
68013,0
68014,1
68015,1
68016,1
68017,1
68018,0
68019,1
6802,1
68020,1
68021,0
68022,0
68023,0
68024,1
68025,1
68026,0
68027,0
68028,1
68029,1
6803,1
68030,0
68031,0
68032,0
68033,0
68034,0
68035,0
68036,0
68037,0
68038,1
68039,0
6804,1
68040,0
68041,1
68042,1
68043,0
68044,1
68045,0
68046,0
68047,0
68048,0
68049,1
6805,1
68050,1
68051,1
68052,0
68053,0
68054,0
68055,0
68056,1
68057,0
68058,1
68059,0
6806,1
68060,1
68061,0
68062,1
68063,0
68064,0
68065,0
68066,1
68067,1
68068,1
68069,1
6807,0
68070,0
68071,0
68072,0
68073,0
68074,1
68075,0
68076,0
68077,0
68078,0
68079,0
6808,1
68080,0
68081,1
68082,1
68083,0
68084,1
68085,1
68086,0
68087,1
68088,0
68089,1
6809,1
68090,1
68091,1
68092,0
68093,0
68094,1
68095,1
68096,1
68097,1
68098,0
68099,1
681,1
6810,1
68100,1
68101,1
68102,0
68103,1
68104,0
68105,0
68106,0
68107,1
68108,0
68109,0
6811,1
68110,1
68111,0
68112,1
68113,0
68114,0
68115,0
68116,1
68117,1
68118,0
68119,1
6812,1
68120,0
68121,0
68122,1
68123,1
68124,0
68125,0
68126,1
68127,1
68128,0
68129,1
6813,1
68130,0
68131,1
68132,0
68133,0
68134,0
68135,0
68136,0
68137,0
68138,1
68139,0
6814,1
68140,0
68141,0
68142,1
68143,0
68144,1
68145,1
68146,0
68147,0
68148,0
68149,0
6815,1
68150,1
68151,0
68152,1
68153,0
68154,1
68155,0
68156,0
68157,0
68158,1
68159,0
6816,1
68160,1
68161,0
68162,1
68163,0
68164,0
68165,0
68166,1
68167,1
68168,0
68169,0
6817,1
68170,0
68171,0
68172,0
68173,1
68174,0
68175,1
68176,0
68177,0
68178,0
68179,1
6818,1
68180,0
68181,0
68182,0
68183,0
68184,1
68185,1
68186,0
68187,0
68188,1
68189,0
6819,1
68190,1
68191,1
68192,0
68193,1
68194,0
68195,0
68196,0
68197,1
68198,0
68199,0
682,1
6820,1
68200,1
68201,1
68202,1
68203,0
68204,0
68205,0
68206,0
68207,0
68208,1
68209,0
6821,1
68210,1
68211,0
68212,0
68213,0
68214,1
68215,0
68216,0
68217,0
68218,1
68219,0
6822,1
68220,1
68221,0
68222,1
68223,1
68224,0
68225,0
68226,1
68227,0
68228,1
68229,0
6823,1
68230,1
68231,1
68232,1
68233,0
68234,0
68235,1
68236,0
68237,1
68238,0
68239,0
6824,1
68240,0
68241,0
68242,1
68243,0
68244,0
68245,1
68246,0
68247,0
68248,1
68249,0
6825,1
68250,1
68251,0
68252,1
68253,0
68254,1
68255,0
68256,0
68257,0
68258,0
68259,0
6826,1
68260,0
68261,1
68262,0
68263,1
68264,0
68265,0
68266,0
68267,1
68268,0
68269,0
6827,1
68270,0
68271,0
68272,0
68273,1
68274,0
68275,1
68276,0
68277,0
68278,1
68279,0
6828,1
68280,1
68281,0
68282,1
68283,1
68284,0
68285,0
68286,0
68287,0
68288,1
68289,0
6829,1
68290,0
68291,0
68292,0
68293,0
68294,0
68295,1
68296,0
68297,0
68298,0
68299,0
683,1
6830,1
68300,0
68301,1
68302,0
68303,1
68304,0
68305,1
68306,1
68307,0
68308,1
68309,0
6831,1
68310,0
68311,0
68312,0
68313,1
68314,0
68315,1
68316,0
68317,0
68318,0
68319,0
6832,1
68320,1
68321,0
68322,0
68323,0
68324,1
68325,1
68326,0
68327,0
68328,0
68329,1
6833,1
68330,0
68331,0
68332,1
68333,0
68334,1
68335,0
68336,0
68337,0
68338,0
68339,1
6834,1
68340,0
68341,0
68342,0
68343,0
68344,0
68345,1
68346,0
68347,1
68348,0
68349,0
6835,1
68350,0
68351,0
68352,0
68353,1
68354,1
68355,1
68356,0
68357,1
68358,1
68359,1
6836,1
68360,1
68361,0
68362,0
68363,0
68364,0
68365,1
68366,0
68367,0
68368,0
68369,1
6837,1
68370,1
68371,0
68372,0
68373,0
68374,1
68375,0
68376,1
68377,1
68378,0
68379,0
6838,1
68380,1
68381,1
68382,1
68383,1
68384,0
68385,0
68386,0
68387,0
68388,1
68389,0
6839,1
68390,1
68391,0
68392,1
68393,0
68394,0
68395,0
68396,0
68397,1
68398,1
68399,0
684,1
6840,1
68400,0
68401,1
68402,0
68403,0
68404,1
68405,0
68406,0
68407,0
68408,0
68409,0
6841,1
68410,0
68411,0
68412,0
68413,0
68414,0
68415,1
68416,0
68417,0
68418,1
68419,0
6842,1
68420,0
68421,0
68422,0
68423,0
68424,0
68425,0
68426,1
68427,0
68428,1
68429,0
6843,1
68430,1
68431,0
68432,0
68433,0
68434,0
68435,0
68436,0
68437,0
68438,1
68439,1
6844,1
68440,0
68441,0
68442,1
68443,0
68444,1
68445,1
68446,1
68447,1
68448,0
68449,0
6845,1
68450,0
68451,0
68452,0
68453,0
68454,0
68455,1
68456,1
68457,0
68458,0
68459,1
6846,1
68460,1
68461,1
68462,1
68463,0
68464,1
68465,0
68466,1
68467,1
68468,0
68469,0
6847,1
68470,0
68471,1
68472,1
68473,0
68474,0
68475,0
68476,0
68477,1
68478,0
68479,1
6848,1
68480,0
68481,1
68482,1
68483,1
68484,0
68485,0
68486,1
68487,0
68488,0
68489,0
6849,1
68490,0
68491,0
68492,0
68493,1
68494,1
68495,0
68496,0
68497,0
68498,0
68499,1
685,1
6850,1
68500,0
68501,1
68502,1
68503,1
68504,0
68505,1
68506,0
68507,0
68508,0
68509,0
6851,1
68510,0
68511,0
68512,1
68513,0
68514,0
68515,0
68516,0
68517,0
68518,0
68519,0
6852,1
68520,0
68521,1
68522,0
68523,1
68524,1
68525,0
68526,1
68527,0
68528,1
68529,0
6853,1
68530,1
68531,1
68532,1
68533,0
68534,1
68535,1
68536,0
68537,0
68538,0
68539,1
6854,1
68540,0
68541,0
68542,1
68543,0
68544,0
68545,1
68546,0
68547,0
68548,1
68549,0
6855,1
68550,1
68551,1
68552,1
68553,0
68554,1
68555,0
68556,0
68557,0
68558,1
68559,0
6856,1
68560,0
68561,1
68562,0
68563,0
68564,1
68565,0
68566,0
68567,1
68568,0
68569,0
6857,1
68570,1
68571,1
68572,0
68573,0
68574,0
68575,1
68576,0
68577,0
68578,1
68579,0
6858,1
68580,0
68581,0
68582,0
68583,1
68584,1
68585,1
68586,1
68587,1
68588,1
68589,0
6859,1
68590,1
68591,0
68592,0
68593,1
68594,1
68595,1
68596,0
68597,0
68598,0
68599,1
686,1
6860,1
68600,0
68601,0
68602,0
68603,0
68604,0
68605,1
68606,1
68607,1
68608,0
68609,0
6861,1
68610,0
68611,0
68612,1
68613,0
68614,1
68615,0
68616,1
68617,0
68618,0
68619,1
6862,1
68620,0
68621,1
68622,0
68623,0
68624,0
68625,0
68626,0
68627,1
68628,0
68629,0
6863,1
68630,1
68631,0
68632,1
68633,1
68634,0
68635,0
68636,1
68637,1
68638,0
68639,0
6864,1
68640,1
68641,0
68642,0
68643,0
68644,1
68645,0
68646,1
68647,0
68648,0
68649,0
6865,1
68650,0
68651,0
68652,0
68653,1
68654,0
68655,0
68656,1
68657,0
68658,1
68659,0
6866,1
68660,0
68661,1
68662,0
68663,1
68664,0
68665,0
68666,1
68667,0
68668,1
68669,1
6867,1
68670,1
68671,0
68672,0
68673,1
68674,1
68675,0
68676,0
68677,1
68678,0
68679,1
6868,1
68680,1
68681,1
68682,1
68683,1
68684,0
68685,0
68686,0
68687,1
68688,0
68689,1
6869,1
68690,0
68691,0
68692,0
68693,1
68694,1
68695,0
68696,1
68697,0
68698,1
68699,0
687,1
6870,1
68700,1
68701,0
68702,1
68703,0
68704,1
68705,1
68706,0
68707,0
68708,0
68709,1
6871,1
68710,0
68711,1
68712,0
68713,1
68714,0
68715,1
68716,0
68717,0
68718,0
68719,1
6872,1
68720,1
68721,1
68722,0
68723,1
68724,0
68725,1
68726,0
68727,1
68728,1
68729,1
6873,1
68730,0
68731,0
68732,1
68733,1
68734,0
68735,0
68736,1
68737,0
68738,1
68739,0
6874,1
68740,0
68741,0
68742,1
68743,0
68744,1
68745,1
68746,0
68747,1
68748,0
68749,1
6875,1
68750,0
68751,0
68752,0
68753,0
68754,1
68755,0
68756,1
68757,0
68758,1
68759,1
6876,1
68760,0
68761,0
68762,1
68763,0
68764,0
68765,1
68766,0
68767,0
68768,1
68769,0
6877,1
68770,0
68771,1
68772,0
68773,0
68774,0
68775,0
68776,0
68777,0
68778,1
68779,0
6878,1
68780,0
68781,0
68782,1
68783,0
68784,0
68785,0
68786,1
68787,0
68788,0
68789,0
6879,1
68790,0
68791,1
68792,1
68793,1
68794,0
68795,0
68796,1
68797,0
68798,0
68799,1
688,1
6880,1
68800,0
68801,1
68802,0
68803,1
68804,0
68805,0
68806,1
68807,0
68808,1
68809,1
6881,1
68810,0
68811,1
68812,0
68813,0
68814,0
68815,0
68816,1
68817,0
68818,1
68819,1
6882,1
68820,0
68821,1
68822,0
68823,1
68824,0
68825,0
68826,0
68827,0
68828,0
68829,1
6883,1
68830,0
68831,0
68832,1
68833,0
68834,1
68835,1
68836,1
68837,0
68838,1
68839,0
6884,1
68840,0
68841,1
68842,0
68843,1
68844,0
68845,0
68846,0
68847,0
68848,0
68849,0
6885,1
68850,0
68851,0
68852,1
68853,1
68854,1
68855,0
68856,0
68857,0
68858,0
68859,0
6886,1
68860,0
68861,0
68862,1
68863,1
68864,0
68865,1
68866,0
68867,1
68868,0
68869,1
6887,1
68870,0
68871,0
68872,1
68873,1
68874,1
68875,1
68876,0
68877,0
68878,1
68879,1
6888,1
68880,0
68881,1
68882,0
68883,0
68884,0
68885,1
68886,1
68887,0
68888,0
68889,0
6889,1
68890,0
68891,0
68892,0
68893,0
68894,0
68895,1
68896,1
68897,0
68898,0
68899,0
689,1
6890,1
68900,1
68901,0
68902,0
68903,0
68904,0
68905,1
68906,1
68907,0
68908,0
68909,0
6891,1
68910,0
68911,0
68912,0
68913,0
68914,0
68915,1
68916,0
68917,0
68918,1
68919,0
6892,1
68920,1
68921,1
68922,0
68923,0
68924,0
68925,0
68926,1
68927,0
68928,0
68929,0
6893,1
68930,1
68931,0
68932,1
68933,1
68934,0
68935,0
68936,1
68937,0
68938,0
68939,0
6894,1
68940,0
68941,0
68942,0
68943,0
68944,1
68945,0
68946,0
68947,0
68948,0
68949,0
6895,1
68950,0
68951,0
68952,0
68953,1
68954,0
68955,0
68956,0
68957,1
68958,0
68959,0
6896,1
68960,0
68961,1
68962,1
68963,1
68964,0
68965,0
68966,0
68967,0
68968,0
68969,0
6897,1
68970,1
68971,0
68972,0
68973,0
68974,0
68975,0
68976,0
68977,0
68978,0
68979,0
6898,1
68980,1
68981,0
68982,0
68983,0
68984,0
68985,1
68986,0
68987,0
68988,0
68989,0
6899,1
68990,0
68991,0
68992,0
68993,0
68994,0
68995,1
68996,0
68997,0
68998,1
68999,0
69,1
690,1
6900,1
69000,0
69001,0
69002,1
69003,1
69004,0
69005,0
69006,0
69007,1
69008,0
69009,0
6901,1
69010,0
69011,0
69012,0
69013,1
69014,0
69015,0
69016,1
69017,1
69018,0
69019,0
6902,1
69020,0
69021,1
69022,0
69023,0
69024,0
69025,0
69026,0
69027,0
69028,0
69029,0
6903,1
69030,1
69031,0
69032,1
69033,1
69034,0
69035,0
69036,0
69037,1
69038,0
69039,1
6904,1
69040,0
69041,0
69042,1
69043,1
69044,1
69045,0
69046,1
69047,1
69048,0
69049,0
6905,1
69050,1
69051,1
69052,0
69053,0
69054,0
69055,1
69056,0
69057,0
69058,1
69059,0
6906,1
69060,1
69061,0
69062,1
69063,1
69064,0
69065,1
69066,0
69067,1
69068,0
69069,0
6907,1
69070,1
69071,0
69072,1
69073,0
69074,0
69075,1
69076,0
69077,0
69078,1
69079,0
6908,1
69080,1
69081,1
69082,0
69083,0
69084,0
69085,0
69086,0
69087,0
69088,1
69089,1
6909,1
69090,1
69091,1
69092,0
69093,0
69094,1
69095,0
69096,0
69097,1
69098,0
69099,0
691,1
6910,1
69100,1
69101,0
69102,0
69103,0
69104,1
69105,0
69106,1
69107,1
69108,1
69109,0
6911,1
69110,1
69111,1
69112,0
69113,0
69114,0
69115,0
69116,0
69117,1
69118,1
69119,0
6912,1
69120,1
69121,1
69122,0
69123,0
69124,1
69125,0
69126,0
69127,0
69128,1
69129,1
6913,1
69130,1
69131,1
69132,1
69133,0
69134,1
69135,0
69136,1
69137,0
69138,0
69139,1
6914,1
69140,0
69141,0
69142,1
69143,1
69144,0
69145,0
69146,0
69147,0
69148,0
69149,0
6915,1
69150,1
69151,1
69152,0
69153,0
69154,1
69155,0
69156,0
69157,0
69158,0
69159,0
6916,1
69160,1
69161,0
69162,0
69163,0
69164,1
69165,1
69166,1
69167,1
69168,0
69169,1
6917,1
69170,0
69171,0
69172,1
69173,0
69174,0
69175,1
69176,0
69177,0
69178,0
69179,0
6918,1
69180,1
69181,0
69182,0
69183,1
69184,0
69185,1
69186,0
69187,0
69188,0
69189,1
6919,1
69190,0
69191,0
69192,0
69193,1
69194,0
69195,1
69196,0
69197,1
69198,0
69199,0
692,1
6920,1
69200,1
69201,0
69202,1
69203,0
69204,1
69205,0
69206,0
69207,0
69208,0
69209,1
6921,1
69210,0
69211,0
69212,0
69213,0
69214,0
69215,1
69216,0
69217,0
69218,0
69219,0
6922,1
69220,0
69221,0
69222,1
69223,0
69224,1
69225,0
69226,0
69227,1
69228,1
69229,0
6923,1
69230,0
69231,0
69232,1
69233,1
69234,0
69235,0
69236,1
69237,0
69238,0
69239,1
6924,1
69240,0
69241,0
69242,1
69243,1
69244,1
69245,1
69246,0
69247,0
69248,0
69249,0
6925,1
69250,0
69251,0
69252,1
69253,0
69254,0
69255,0
69256,1
69257,0
69258,0
69259,0
6926,1
69260,0
69261,0
69262,1
69263,1
69264,1
69265,0
69266,0
69267,1
69268,0
69269,0
6927,1
69270,1
69271,1
69272,0
69273,0
69274,1
69275,0
69276,0
69277,1
69278,1
69279,0
6928,1
69280,0
69281,0
69282,0
69283,0
69284,0
69285,0
69286,0
69287,0
69288,0
69289,0
6929,1
69290,1
69291,0
69292,0
69293,0
69294,0
69295,0
69296,0
69297,1
69298,0
69299,0
693,1
6930,1
69300,1
69301,0
69302,1
69303,0
69304,1
69305,1
69306,0
69307,1
69308,1
69309,1
6931,1
69310,1
69311,0
69312,0
69313,0
69314,1
69315,1
69316,0
69317,0
69318,0
69319,0
6932,1
69320,0
69321,0
69322,1
69323,1
69324,0
69325,0
69326,1
69327,0
69328,1
69329,0
6933,1
69330,0
69331,0
69332,0
69333,0
69334,0
69335,1
69336,0
69337,0
69338,0
69339,0
6934,1
69340,0
69341,1
69342,0
69343,0
69344,1
69345,0
69346,0
69347,1
69348,0
69349,0
6935,1
69350,1
69351,0
69352,1
69353,0
69354,0
69355,1
69356,0
69357,0
69358,0
69359,1
6936,1
69360,0
69361,0
69362,0
69363,1
69364,0
69365,0
69366,0
69367,1
69368,0
69369,0
6937,1
69370,0
69371,0
69372,0
69373,0
69374,1
69375,0
69376,1
69377,0
69378,1
69379,0
6938,1
69380,1
69381,0
69382,0
69383,0
69384,0
69385,0
69386,0
69387,1
69388,0
69389,1
6939,1
69390,0
69391,1
69392,1
69393,0
69394,0
69395,0
69396,1
69397,1
69398,0
69399,0
694,1
6940,1
69400,0
69401,0
69402,0
69403,0
69404,0
69405,0
69406,1
69407,1
69408,0
69409,0
6941,1
69410,0
69411,0
69412,1
69413,1
69414,0
69415,1
69416,1
69417,0
69418,0
69419,0
6942,1
69420,0
69421,0
69422,1
69423,0
69424,0
69425,0
69426,0
69427,1
69428,0
69429,0
6943,1
69430,0
69431,0
69432,0
69433,0
69434,0
69435,0
69436,0
69437,1
69438,0
69439,0
6944,1
69440,1
69441,0
69442,0
69443,0
69444,1
69445,0
69446,0
69447,1
69448,1
69449,0
6945,1
69450,0
69451,1
69452,1
69453,0
69454,0
69455,0
69456,0
69457,0
69458,0
69459,0
6946,1
69460,0
69461,0
69462,1
69463,0
69464,1
69465,1
69466,1
69467,0
69468,0
69469,0
6947,1
69470,0
69471,0
69472,0
69473,0
69474,0
69475,1
69476,0
69477,0
69478,0
69479,1
6948,1
69480,0
69481,0
69482,1
69483,1
69484,0
69485,1
69486,0
69487,0
69488,0
69489,0
6949,1
69490,1
69491,1
69492,0
69493,0
69494,1
69495,0
69496,1
69497,0
69498,1
69499,0
695,1
6950,1
69500,0
69501,1
69502,0
69503,1
69504,0
69505,1
69506,0
69507,1
69508,0
69509,1
6951,1
69510,0
69511,0
69512,0
69513,1
69514,0
69515,0
69516,1
69517,1
69518,0
69519,0
6952,1
69520,0
69521,1
69522,1
69523,0
69524,0
69525,0
69526,0
69527,1
69528,0
69529,0
6953,1
69530,1
69531,1
69532,0
69533,1
69534,0
69535,0
69536,0
69537,0
69538,0
69539,0
6954,1
69540,1
69541,1
69542,1
69543,0
69544,0
69545,1
69546,1
69547,0
69548,1
69549,1
6955,1
69550,0
69551,0
69552,0
69553,1
69554,0
69555,0
69556,0
69557,0
69558,0
69559,0
6956,1
69560,1
69561,0
69562,0
69563,0
69564,0
69565,0
69566,0
69567,1
69568,1
69569,1
6957,1
69570,0
69571,0
69572,0
69573,1
69574,0
69575,0
69576,0
69577,0
69578,0
69579,0
6958,1
69580,0
69581,1
69582,0
69583,1
69584,1
69585,1
69586,1
69587,0
69588,0
69589,0
6959,1
69590,0
69591,0
69592,0
69593,1
69594,1
69595,0
69596,0
69597,0
69598,1
69599,1
696,1
6960,1
69600,1
69601,0
69602,0
69603,1
69604,1
69605,0
69606,1
69607,0
69608,0
69609,0
6961,1
69610,0
69611,0
69612,1
69613,1
69614,0
69615,1
69616,0
69617,1
69618,0
69619,0
6962,1
69620,1
69621,0
69622,0
69623,0
69624,0
69625,0
69626,0
69627,1
69628,0
69629,0
6963,1
69630,0
69631,0
69632,1
69633,1
69634,0
69635,0
69636,0
69637,0
69638,1
69639,1
6964,1
69640,0
69641,0
69642,1
69643,1
69644,0
69645,0
69646,1
69647,0
69648,0
69649,0
6965,1
69650,0
69651,0
69652,0
69653,1
69654,0
69655,0
69656,1
69657,0
69658,0
69659,1
6966,1
69660,1
69661,0
69662,1
69663,0
69664,0
69665,0
69666,0
69667,0
69668,0
69669,1
6967,1
69670,1
69671,0
69672,0
69673,0
69674,0
69675,0
69676,0
69677,0
69678,1
69679,0
6968,1
69680,0
69681,0
69682,0
69683,1
69684,0
69685,0
69686,0
69687,0
69688,0
69689,0
6969,1
69690,0
69691,0
69692,0
69693,0
69694,0
69695,0
69696,1
69697,1
69698,0
69699,0
697,1
6970,1
69700,1
69701,0
69702,1
69703,0
69704,0
69705,0
69706,0
69707,0
69708,1
69709,1
6971,1
69710,0
69711,0
69712,1
69713,0
69714,1
69715,0
69716,1
69717,0
69718,0
69719,0
6972,1
69720,1
69721,0
69722,1
69723,0
69724,1
69725,1
69726,0
69727,0
69728,1
69729,1
6973,1
69730,0
69731,0
69732,1
69733,1
69734,0
69735,0
69736,0
69737,1
69738,0
69739,0
6974,1
69740,0
69741,0
69742,1
69743,0
69744,0
69745,1
69746,0
69747,0
69748,1
69749,0
6975,1
69750,1
69751,1
69752,1
69753,0
69754,1
69755,0
69756,0
69757,0
69758,0
69759,0
6976,1
69760,0
69761,0
69762,0
69763,0
69764,0
69765,1
69766,1
69767,0
69768,0
69769,1
6977,1
69770,0
69771,0
69772,1
69773,1
69774,0
69775,1
69776,0
69777,0
69778,0
69779,1
6978,1
69780,0
69781,0
69782,0
69783,1
69784,0
69785,0
69786,0
69787,0
69788,0
69789,1
6979,1
69790,0
69791,1
69792,1
69793,0
69794,0
69795,0
69796,0
69797,1
69798,0
69799,1
698,1
6980,1
69800,0
69801,0
69802,0
69803,0
69804,0
69805,0
69806,1
69807,0
69808,0
69809,0
6981,1
69810,1
69811,1
69812,0
69813,0
69814,0
69815,0
69816,0
69817,1
69818,1
69819,0
6982,1
69820,0
69821,1
69822,0
69823,0
69824,1
69825,1
69826,0
69827,1
69828,0
69829,0
6983,1
69830,0
69831,0
69832,0
69833,0
69834,0
69835,1
69836,0
69837,1
69838,0
69839,1
6984,1
69840,0
69841,0
69842,1
69843,1
69844,1
69845,1
69846,1
69847,0
69848,0
69849,0
6985,1
69850,0
69851,0
69852,0
69853,0
69854,1
69855,1
69856,0
69857,0
69858,0
69859,0
6986,1
69860,0
69861,1
69862,0
69863,1
69864,1
69865,0
69866,0
69867,0
69868,0
69869,0
6987,1
69870,0
69871,1
69872,0
69873,0
69874,1
69875,1
69876,1
69877,1
69878,1
69879,0
6988,1
69880,1
69881,0
69882,0
69883,0
69884,1
69885,1
69886,0
69887,0
69888,0
69889,0
6989,1
69890,1
69891,0
69892,1
69893,1
69894,1
69895,0
69896,0
69897,1
69898,0
69899,0
699,1
6990,1
69900,0
69901,0
69902,1
69903,1
69904,1
69905,0
69906,0
69907,0
69908,0
69909,0
6991,1
69910,0
69911,1
69912,0
69913,0
69914,1
69915,1
69916,0
69917,0
69918,0
69919,0
6992,1
69920,1
69921,0
69922,0
69923,0
69924,0
69925,0
69926,0
69927,0
69928,1
69929,1
6993,1
69930,1
69931,0
69932,0
69933,1
69934,1
69935,1
69936,0
69937,0
69938,0
69939,1
6994,1
69940,1
69941,0
69942,0
69943,0
69944,0
69945,1
69946,1
69947,1
69948,0
69949,0
6995,1
69950,0
69951,0
69952,0
69953,0
69954,0
69955,0
69956,0
69957,0
69958,0
69959,0
6996,1
69960,0
69961,1
69962,0
69963,0
69964,0
69965,1
69966,1
69967,0
69968,1
69969,0
6997,1
69970,0
69971,1
69972,0
69973,0
69974,1
69975,1
69976,0
69977,0
69978,0
69979,0
6998,1
69980,1
69981,0
69982,0
69983,0
69984,0
69985,0
69986,1
69987,0
69988,0
69989,0
6999,1
69990,1
69991,1
69992,0
69993,0
69994,0
69995,1
69996,0
69997,0
69998,0
69999,1
7,1
70,1
700,1
7000,1
70000,0
70001,0
70002,1
70003,1
70004,0
70005,0
70006,0
70007,1
70008,0
70009,0
7001,1
70010,0
70011,1
70012,0
70013,1
70014,1
70015,0
70016,0
70017,0
70018,0
70019,0
7002,1
70020,0
70021,0
70022,0
70023,1
70024,1
70025,1
70026,0
70027,0
70028,0
70029,0
7003,1
70030,1
70031,0
70032,1
70033,0
70034,0
70035,0
70036,1
70037,1
70038,1
70039,0
7004,1
70040,0
70041,1
70042,0
70043,1
70044,0
70045,0
70046,0
70047,1
70048,0
70049,0
7005,1
70050,0
70051,0
70052,1
70053,0
70054,0
70055,0
70056,1
70057,0
70058,0
70059,1
7006,1
70060,0
70061,1
70062,0
70063,0
70064,0
70065,0
70066,1
70067,0
70068,0
70069,0
7007,1
70070,0
70071,1
70072,0
70073,0
70074,1
70075,0
70076,0
70077,0
70078,0
70079,1
7008,1
70080,0
70081,1
70082,1
70083,0
70084,0
70085,0
70086,0
70087,1
70088,0
70089,0
7009,1
70090,1
70091,0
70092,1
70093,1
70094,0
70095,0
70096,1
70097,0
70098,1
70099,0
701,1
7010,1
70100,0
70101,0
70102,0
70103,0
70104,0
70105,0
70106,0
70107,0
70108,0
70109,0
7011,1
70110,1
70111,0
70112,1
70113,0
70114,0
70115,1
70116,0
70117,0
70118,1
70119,0
7012,1
70120,0
70121,1
70122,1
70123,0
70124,0
70125,0
70126,0
70127,1
70128,1
70129,0
7013,1
70130,1
70131,0
70132,0
70133,1
70134,0
70135,0
70136,0
70137,0
70138,0
70139,0
7014,1
70140,1
70141,0
70142,1
70143,0
70144,0
70145,0
70146,0
70147,1
70148,1
70149,0
7015,1
70150,0
70151,1
70152,1
70153,0
70154,1
70155,1
70156,1
70157,1
70158,0
70159,1
7016,1
70160,1
70161,0
70162,0
70163,0
70164,0
70165,0
70166,0
70167,1
70168,1
70169,1
7017,1
70170,0
70171,0
70172,0
70173,1
70174,0
70175,0
70176,1
70177,0
70178,0
70179,0
7018,1
70180,0
70181,0
70182,0
70183,0
70184,0
70185,1
70186,1
70187,0
70188,0
70189,0
7019,1
70190,1
70191,0
70192,0
70193,0
70194,1
70195,0
70196,0
70197,0
70198,1
70199,1
702,1
7020,1
70200,0
70201,1
70202,0
70203,0
70204,1
70205,0
70206,0
70207,0
70208,1
70209,0
7021,1
70210,1
70211,1
70212,0
70213,0
70214,0
70215,1
70216,0
70217,0
70218,0
70219,0
7022,1
70220,1
70221,0
70222,0
70223,0
70224,0
70225,1
70226,0
70227,1
70228,1
70229,0
7023,1
70230,0
70231,0
70232,0
70233,0
70234,0
70235,0
70236,1
70237,1
70238,1
70239,0
7024,1
70240,1
70241,0
70242,0
70243,0
70244,0
70245,1
70246,0
70247,1
70248,1
70249,1
7025,1
70250,1
70251,0
70252,1
70253,1
70254,1
70255,1
70256,0
70257,0
70258,1
70259,0
7026,1
70260,1
70261,0
70262,0
70263,1
70264,0
70265,1
70266,0
70267,1
70268,0
70269,1
7027,1
70270,0
70271,0
70272,0
70273,0
70274,1
70275,1
70276,0
70277,0
70278,0
70279,0
7028,1
70280,0
70281,1
70282,1
70283,0
70284,1
70285,0
70286,0
70287,1
70288,0
70289,1
7029,1
70290,1
70291,0
70292,0
70293,1
70294,0
70295,0
70296,0
70297,0
70298,0
70299,1
703,1
7030,1
70300,0
70301,0
70302,0
70303,0
70304,1
70305,1
70306,0
70307,0
70308,0
70309,0
7031,1
70310,0
70311,0
70312,0
70313,1
70314,0
70315,0
70316,1
70317,1
70318,1
70319,1
7032,1
70320,1
70321,0
70322,0
70323,0
70324,0
70325,1
70326,0
70327,0
70328,0
70329,0
7033,1
70330,1
70331,0
70332,1
70333,1
70334,1
70335,1
70336,0
70337,1
70338,0
70339,1
7034,1
70340,0
70341,1
70342,1
70343,0
70344,0
70345,1
70346,1
70347,0
70348,1
70349,0
7035,1
70350,0
70351,0
70352,0
70353,0
70354,0
70355,1
70356,1
70357,0
70358,0
70359,0
7036,1
70360,1
70361,0
70362,0
70363,0
70364,1
70365,0
70366,1
70367,0
70368,0
70369,1
7037,1
70370,1
70371,1
70372,0
70373,1
70374,1
70375,1
70376,1
70377,0
70378,1
70379,1
7038,1
70380,0
70381,0
70382,0
70383,0
70384,0
70385,0
70386,0
70387,0
70388,1
70389,0
7039,0
70390,0
70391,0
70392,1
70393,0
70394,0
70395,1
70396,0
70397,0
70398,0
70399,0
704,1
7040,1
70400,0
70401,0
70402,0
70403,0
70404,1
70405,0
70406,1
70407,0
70408,1
70409,0
7041,1
70410,0
70411,0
70412,0
70413,0
70414,0
70415,0
70416,0
70417,0
70418,1
70419,0
7042,1
70420,0
70421,1
70422,1
70423,1
70424,1
70425,1
70426,0
70427,0
70428,0
70429,1
7043,1
70430,0
70431,1
70432,0
70433,0
70434,0
70435,1
70436,1
70437,0
70438,0
70439,0
7044,1
70440,0
70441,1
70442,1
70443,1
70444,1
70445,1
70446,1
70447,0
70448,0
70449,0
7045,1
70450,0
70451,0
70452,0
70453,0
70454,1
70455,0
70456,0
70457,1
70458,0
70459,0
7046,1
70460,1
70461,1
70462,1
70463,1
70464,0
70465,0
70466,1
70467,0
70468,1
70469,0
7047,1
70470,1
70471,1
70472,1
70473,0
70474,0
70475,0
70476,1
70477,0
70478,1
70479,1
7048,0
70480,1
70481,0
70482,0
70483,0
70484,1
70485,1
70486,0
70487,0
70488,0
70489,0
7049,1
70490,0
70491,0
70492,0
70493,1
70494,0
70495,0
70496,1
70497,1
70498,0
70499,0
705,1
7050,1
70500,0
70501,1
70502,0
70503,0
70504,0
70505,0
70506,0
70507,0
70508,0
70509,0
7051,1
70510,0
70511,1
70512,1
70513,0
70514,1
70515,0
70516,1
70517,1
70518,0
70519,1
7052,1
70520,0
70521,0
70522,0
70523,1
70524,1
70525,0
70526,0
70527,0
70528,1
70529,1
7053,1
70530,0
70531,0
70532,0
70533,0
70534,0
70535,1
70536,1
70537,1
70538,0
70539,0
7054,1
70540,1
70541,0
70542,1
70543,1
70544,0
70545,1
70546,1
70547,1
70548,0
70549,0
7055,1
70550,1
70551,0
70552,0
70553,0
70554,0
70555,0
70556,0
70557,0
70558,0
70559,0
7056,1
70560,1
70561,1
70562,1
70563,0
70564,0
70565,1
70566,0
70567,0
70568,0
70569,1
7057,1
70570,0
70571,0
70572,0
70573,1
70574,0
70575,0
70576,1
70577,0
70578,1
70579,0
7058,1
70580,0
70581,0
70582,1
70583,0
70584,1
70585,0
70586,1
70587,1
70588,0
70589,0
7059,1
70590,0
70591,0
70592,1
70593,1
70594,1
70595,1
70596,0
70597,0
70598,0
70599,1
706,1
7060,1
70600,1
70601,0
70602,0
70603,0
70604,1
70605,1
70606,0
70607,0
70608,0
70609,0
7061,1
70610,0
70611,1
70612,1
70613,1
70614,0
70615,0
70616,0
70617,0
70618,0
70619,0
7062,0
70620,1
70621,0
70622,0
70623,0
70624,0
70625,1
70626,1
70627,0
70628,1
70629,0
7063,1
70630,0
70631,0
70632,1
70633,0
70634,1
70635,0
70636,0
70637,0
70638,0
70639,0
7064,1
70640,0
70641,1
70642,0
70643,0
70644,0
70645,0
70646,0
70647,0
70648,1
70649,0
7065,1
70650,0
70651,0
70652,0
70653,1
70654,0
70655,1
70656,0
70657,0
70658,0
70659,0
7066,1
70660,0
70661,1
70662,0
70663,0
70664,1
70665,0
70666,0
70667,1
70668,0
70669,0
7067,1
70670,0
70671,1
70672,0
70673,1
70674,0
70675,0
70676,0
70677,0
70678,0
70679,0
7068,1
70680,1
70681,0
70682,0
70683,1
70684,0
70685,0
70686,0
70687,0
70688,0
70689,1
7069,1
70690,1
70691,1
70692,1
70693,0
70694,0
70695,1
70696,1
70697,1
70698,0
70699,0
707,1
7070,1
70700,1
70701,0
70702,1
70703,0
70704,0
70705,0
70706,0
70707,1
70708,0
70709,0
7071,1
70710,0
70711,1
70712,0
70713,0
70714,0
70715,1
70716,1
70717,0
70718,1
70719,0
7072,1
70720,1
70721,0
70722,1
70723,1
70724,0
70725,0
70726,1
70727,1
70728,0
70729,0
7073,1
70730,0
70731,1
70732,0
70733,1
70734,0
70735,0
70736,0
70737,0
70738,0
70739,0
7074,1
70740,1
70741,0
70742,0
70743,1
70744,1
70745,0
70746,0
70747,0
70748,0
70749,0
7075,1
70750,0
70751,0
70752,0
70753,0
70754,0
70755,1
70756,0
70757,0
70758,0
70759,0
7076,1
70760,1
70761,0
70762,0
70763,0
70764,0
70765,0
70766,1
70767,1
70768,0
70769,0
7077,1
70770,0
70771,0
70772,1
70773,0
70774,0
70775,1
70776,0
70777,1
70778,0
70779,0
7078,1
70780,0
70781,1
70782,1
70783,0
70784,0
70785,0
70786,1
70787,0
70788,0
70789,1
7079,1
70790,0
70791,0
70792,1
70793,0
70794,1
70795,1
70796,0
70797,0
70798,0
70799,1
708,1
7080,1
70800,0
70801,1
70802,1
70803,1
70804,0
70805,1
70806,1
70807,1
70808,1
70809,1
7081,1
70810,0
70811,0
70812,0
70813,0
70814,1
70815,0
70816,0
70817,1
70818,1
70819,0
7082,1
70820,0
70821,0
70822,1
70823,0
70824,0
70825,0
70826,1
70827,0
70828,0
70829,0
7083,1
70830,0
70831,1
70832,0
70833,0
70834,1
70835,0
70836,0
70837,0
70838,0
70839,1
7084,1
70840,1
70841,0
70842,1
70843,1
70844,0
70845,1
70846,0
70847,1
70848,0
70849,0
7085,1
70850,1
70851,0
70852,0
70853,1
70854,0
70855,0
70856,0
70857,1
70858,1
70859,0
7086,1
70860,1
70861,0
70862,0
70863,0
70864,0
70865,1
70866,0
70867,1
70868,0
70869,0
7087,1
70870,0
70871,1
70872,0
70873,1
70874,0
70875,0
70876,1
70877,1
70878,1
70879,0
7088,1
70880,1
70881,0
70882,0
70883,0
70884,0
70885,1
70886,0
70887,1
70888,1
70889,0
7089,1
70890,0
70891,0
70892,1
70893,1
70894,1
70895,0
70896,0
70897,0
70898,0
70899,1
709,1
7090,1
70900,1
70901,0
70902,0
70903,0
70904,0
70905,0
70906,1
70907,0
70908,0
70909,0
7091,1
70910,0
70911,0
70912,0
70913,0
70914,0
70915,1
70916,0
70917,1
70918,1
70919,0
7092,1
70920,0
70921,0
70922,1
70923,0
70924,0
70925,0
70926,0
70927,0
70928,0
70929,0
7093,1
70930,1
70931,1
70932,0
70933,0
70934,1
70935,1
70936,0
70937,0
70938,0
70939,1
7094,1
70940,0
70941,0
70942,0
70943,0
70944,0
70945,0
70946,0
70947,0
70948,0
70949,0
7095,1
70950,0
70951,0
70952,0
70953,0
70954,0
70955,0
70956,0
70957,1
70958,0
70959,1
7096,1
70960,0
70961,1
70962,1
70963,0
70964,0
70965,0
70966,0
70967,0
70968,0
70969,1
7097,0
70970,0
70971,1
70972,1
70973,1
70974,0
70975,0
70976,1
70977,0
70978,0
70979,0
7098,1
70980,0
70981,1
70982,0
70983,0
70984,1
70985,0
70986,0
70987,1
70988,0
70989,0
7099,1
70990,0
70991,0
70992,0
70993,0
70994,1
70995,1
70996,0
70997,1
70998,1
70999,0
71,1
710,1
7100,0
71000,0
71001,0
71002,0
71003,1
71004,0
71005,1
71006,1
71007,1
71008,0
71009,1
7101,0
71010,0
71011,0
71012,0
71013,0
71014,0
71015,0
71016,0
71017,1
71018,0
71019,0
7102,1
71020,1
71021,0
71022,0
71023,0
71024,1
71025,0
71026,0
71027,0
71028,1
71029,0
7103,1
71030,0
71031,1
71032,0
71033,0
71034,0
71035,0
71036,0
71037,0
71038,0
71039,0
7104,1
71040,1
71041,1
71042,0
71043,0
71044,0
71045,0
71046,0
71047,1
71048,0
71049,1
7105,0
71050,1
71051,0
71052,1
71053,0
71054,1
71055,0
71056,0
71057,0
71058,0
71059,1
7106,1
71060,0
71061,1
71062,0
71063,0
71064,0
71065,0
71066,0
71067,0
71068,1
71069,0
7107,1
71070,1
71071,0
71072,0
71073,1
71074,1
71075,1
71076,1
71077,0
71078,0
71079,1
7108,1
71080,1
71081,1
71082,0
71083,0
71084,1
71085,0
71086,1
71087,0
71088,0
71089,1
7109,1
71090,0
71091,0
71092,0
71093,1
71094,1
71095,1
71096,0
71097,0
71098,0
71099,0
711,1
7110,1
71100,0
71101,0
71102,1
71103,0
71104,0
71105,0
71106,1
71107,0
71108,0
71109,1
7111,1
71110,0
71111,1
71112,0
71113,0
71114,1
71115,1
71116,0
71117,0
71118,0
71119,0
7112,1
71120,0
71121,1
71122,1
71123,1
71124,1
71125,0
71126,1
71127,1
71128,0
71129,0
7113,0
71130,0
71131,0
71132,0
71133,1
71134,1
71135,1
71136,0
71137,0
71138,0
71139,0
7114,1
71140,0
71141,0
71142,1
71143,1
71144,0
71145,1
71146,0
71147,1
71148,0
71149,1
7115,1
71150,1
71151,1
71152,0
71153,0
71154,1
71155,1
71156,0
71157,1
71158,1
71159,1
7116,1
71160,1
71161,1
71162,0
71163,1
71164,1
71165,1
71166,0
71167,0
71168,1
71169,0
7117,1
71170,1
71171,1
71172,0
71173,0
71174,0
71175,0
71176,1
71177,0
71178,0
71179,1
7118,1
71180,0
71181,0
71182,1
71183,1
71184,0
71185,1
71186,1
71187,0
71188,0
71189,0
7119,1
71190,0
71191,0
71192,1
71193,0
71194,0
71195,1
71196,0
71197,0
71198,0
71199,1
712,1
7120,1
71200,1
71201,0
71202,0
71203,0
71204,1
71205,0
71206,0
71207,0
71208,0
71209,0
7121,1
71210,1
71211,1
71212,0
71213,0
71214,0
71215,0
71216,1
71217,1
71218,0
71219,0
7122,1
71220,0
71221,0
71222,1
71223,0
71224,0
71225,0
71226,0
71227,0
71228,1
71229,0
7123,1
71230,0
71231,0
71232,1
71233,0
71234,0
71235,1
71236,0
71237,0
71238,1
71239,0
7124,1
71240,0
71241,0
71242,0
71243,0
71244,0
71245,0
71246,0
71247,1
71248,1
71249,0
7125,1
71250,0
71251,1
71252,0
71253,0
71254,0
71255,0
71256,1
71257,1
71258,1
71259,0
7126,1
71260,0
71261,0
71262,0
71263,1
71264,0
71265,1
71266,0
71267,1
71268,0
71269,0
7127,1
71270,0
71271,1
71272,1
71273,0
71274,1
71275,1
71276,1
71277,0
71278,0
71279,0
7128,1
71280,0
71281,0
71282,0
71283,0
71284,1
71285,1
71286,1
71287,1
71288,0
71289,0
7129,1
71290,0
71291,1
71292,0
71293,0
71294,0
71295,1
71296,1
71297,0
71298,0
71299,0
713,1
7130,1
71300,1
71301,1
71302,0
71303,0
71304,0
71305,1
71306,0
71307,0
71308,1
71309,1
7131,1
71310,1
71311,0
71312,1
71313,0
71314,0
71315,0
71316,0
71317,1
71318,0
71319,0
7132,1
71320,1
71321,0
71322,0
71323,1
71324,0
71325,0
71326,0
71327,1
71328,0
71329,0
7133,1
71330,0
71331,0
71332,0
71333,1
71334,0
71335,0
71336,0
71337,0
71338,1
71339,0
7134,1
71340,0
71341,1
71342,0
71343,0
71344,0
71345,0
71346,0
71347,0
71348,1
71349,1
7135,0
71350,1
71351,1
71352,0
71353,0
71354,0
71355,0
71356,0
71357,0
71358,0
71359,1
7136,1
71360,1
71361,0
71362,1
71363,0
71364,0
71365,1
71366,0
71367,1
71368,0
71369,0
7137,1
71370,0
71371,0
71372,0
71373,0
71374,0
71375,1
71376,0
71377,1
71378,0
71379,0
7138,1
71380,0
71381,0
71382,0
71383,0
71384,0
71385,1
71386,0
71387,0
71388,1
71389,0
7139,1
71390,0
71391,0
71392,0
71393,1
71394,1
71395,1
71396,0
71397,1
71398,0
71399,1
714,1
7140,1
71400,0
71401,0
71402,0
71403,1
71404,0
71405,1
71406,1
71407,1
71408,0
71409,0
7141,1
71410,1
71411,0
71412,0
71413,0
71414,1
71415,0
71416,1
71417,1
71418,0
71419,0
7142,1
71420,1
71421,1
71422,1
71423,0
71424,0
71425,0
71426,0
71427,1
71428,0
71429,1
7143,1
71430,1
71431,0
71432,1
71433,0
71434,0
71435,1
71436,1
71437,1
71438,0
71439,1
7144,1
71440,0
71441,1
71442,0
71443,1
71444,0
71445,1
71446,1
71447,1
71448,1
71449,0
7145,1
71450,0
71451,1
71452,0
71453,1
71454,0
71455,0
71456,0
71457,0
71458,0
71459,0
7146,1
71460,0
71461,1
71462,1
71463,0
71464,0
71465,1
71466,0
71467,1
71468,1
71469,0
7147,1
71470,1
71471,0
71472,1
71473,0
71474,1
71475,0
71476,0
71477,1
71478,0
71479,0
7148,1
71480,0
71481,0
71482,1
71483,0
71484,1
71485,1
71486,0
71487,0
71488,0
71489,0
7149,0
71490,0
71491,0
71492,1
71493,1
71494,0
71495,0
71496,0
71497,1
71498,1
71499,0
715,1
7150,0
71500,1
71501,0
71502,0
71503,0
71504,0
71505,0
71506,0
71507,0
71508,0
71509,1
7151,1
71510,0
71511,0
71512,0
71513,1
71514,0
71515,0
71516,0
71517,0
71518,1
71519,0
7152,1
71520,0
71521,1
71522,0
71523,0
71524,0
71525,0
71526,1
71527,1
71528,0
71529,1
7153,1
71530,1
71531,0
71532,0
71533,0
71534,0
71535,0
71536,0
71537,0
71538,0
71539,1
7154,1
71540,0
71541,0
71542,0
71543,0
71544,0
71545,1
71546,0
71547,0
71548,0
71549,0
7155,1
71550,0
71551,0
71552,1
71553,0
71554,0
71555,0
71556,1
71557,0
71558,1
71559,0
7156,1
71560,0
71561,1
71562,1
71563,0
71564,0
71565,1
71566,1
71567,1
71568,0
71569,0
7157,1
71570,0
71571,0
71572,0
71573,0
71574,0
71575,1
71576,1
71577,1
71578,0
71579,0
7158,1
71580,0
71581,0
71582,0
71583,1
71584,0
71585,0
71586,1
71587,0
71588,0
71589,0
7159,1
71590,1
71591,0
71592,1
71593,0
71594,0
71595,1
71596,0
71597,1
71598,0
71599,0
716,1
7160,1
71600,0
71601,0
71602,0
71603,0
71604,0
71605,0
71606,1
71607,0
71608,1
71609,0
7161,1
71610,1
71611,0
71612,0
71613,1
71614,1
71615,1
71616,0
71617,1
71618,0
71619,0
7162,0
71620,1
71621,0
71622,0
71623,1
71624,1
71625,0
71626,1
71627,0
71628,0
71629,1
7163,1
71630,0
71631,0
71632,1
71633,0
71634,0
71635,0
71636,1
71637,0
71638,0
71639,0
7164,1
71640,0
71641,1
71642,1
71643,0
71644,1
71645,0
71646,1
71647,0
71648,0
71649,0
7165,1
71650,0
71651,0
71652,0
71653,1
71654,0
71655,0
71656,1
71657,1
71658,0
71659,1
7166,1
71660,0
71661,0
71662,0
71663,1
71664,0
71665,1
71666,1
71667,0
71668,0
71669,1
7167,1
71670,0
71671,0
71672,0
71673,0
71674,0
71675,1
71676,0
71677,0
71678,0
71679,0
7168,1
71680,1
71681,1
71682,0
71683,0
71684,1
71685,1
71686,0
71687,1
71688,0
71689,1
7169,1
71690,0
71691,1
71692,0
71693,1
71694,0
71695,0
71696,0
71697,0
71698,1
71699,0
717,1
7170,1
71700,1
71701,0
71702,0
71703,1
71704,1
71705,0
71706,1
71707,0
71708,0
71709,0
7171,1
71710,0
71711,0
71712,0
71713,1
71714,0
71715,0
71716,0
71717,0
71718,0
71719,0
7172,1
71720,1
71721,1
71722,0
71723,0
71724,1
71725,0
71726,1
71727,1
71728,0
71729,0
7173,1
71730,1
71731,0
71732,0
71733,0
71734,1
71735,1
71736,0
71737,1
71738,0
71739,0
7174,1
71740,0
71741,0
71742,0
71743,0
71744,1
71745,0
71746,1
71747,0
71748,1
71749,0
7175,1
71750,1
71751,1
71752,0
71753,0
71754,1
71755,0
71756,1
71757,0
71758,1
71759,0
7176,1
71760,1
71761,1
71762,0
71763,1
71764,0
71765,0
71766,0
71767,0
71768,0
71769,0
7177,1
71770,0
71771,0
71772,0
71773,1
71774,1
71775,0
71776,1
71777,0
71778,1
71779,1
7178,1
71780,1
71781,1
71782,0
71783,0
71784,0
71785,1
71786,0
71787,1
71788,0
71789,0
7179,1
71790,1
71791,0
71792,0
71793,0
71794,0
71795,0
71796,1
71797,1
71798,0
71799,1
718,1
7180,1
71800,0
71801,1
71802,1
71803,0
71804,0
71805,0
71806,0
71807,0
71808,0
71809,1
7181,1
71810,0
71811,0
71812,0
71813,1
71814,1
71815,1
71816,0
71817,1
71818,1
71819,0
7182,1
71820,0
71821,1
71822,0
71823,0
71824,1
71825,1
71826,0
71827,1
71828,1
71829,0
7183,1
71830,0
71831,0
71832,0
71833,0
71834,1
71835,0
71836,0
71837,0
71838,1
71839,0
7184,1
71840,0
71841,0
71842,0
71843,0
71844,1
71845,1
71846,0
71847,1
71848,0
71849,1
7185,0
71850,1
71851,0
71852,1
71853,0
71854,0
71855,0
71856,1
71857,0
71858,1
71859,1
7186,1
71860,0
71861,1
71862,1
71863,1
71864,0
71865,0
71866,0
71867,0
71868,0
71869,1
7187,1
71870,0
71871,0
71872,1
71873,1
71874,0
71875,0
71876,0
71877,1
71878,0
71879,1
7188,1
71880,0
71881,0
71882,0
71883,0
71884,0
71885,0
71886,1
71887,1
71888,0
71889,0
7189,1
71890,1
71891,0
71892,1
71893,1
71894,0
71895,0
71896,1
71897,0
71898,0
71899,1
719,1
7190,1
71900,0
71901,0
71902,1
71903,1
71904,0
71905,1
71906,0
71907,0
71908,1
71909,1
7191,0
71910,0
71911,0
71912,1
71913,0
71914,0
71915,0
71916,0
71917,0
71918,1
71919,1
7192,1
71920,1
71921,0
71922,0
71923,1
71924,0
71925,0
71926,0
71927,1
71928,0
71929,1
7193,1
71930,1
71931,1
71932,0
71933,0
71934,0
71935,1
71936,1
71937,1
71938,1
71939,0
7194,1
71940,1
71941,1
71942,0
71943,1
71944,0
71945,0
71946,1
71947,1
71948,1
71949,0
7195,1
71950,1
71951,1
71952,0
71953,1
71954,0
71955,1
71956,0
71957,1
71958,0
71959,1
7196,1
71960,0
71961,0
71962,1
71963,0
71964,1
71965,0
71966,1
71967,1
71968,0
71969,0
7197,1
71970,0
71971,1
71972,0
71973,1
71974,1
71975,1
71976,1
71977,1
71978,1
71979,0
7198,1
71980,0
71981,0
71982,0
71983,1
71984,1
71985,0
71986,0
71987,0
71988,1
71989,1
7199,1
71990,1
71991,1
71992,0
71993,1
71994,0
71995,0
71996,0
71997,1
71998,0
71999,0
72,1
720,1
7200,1
72000,0
72001,0
72002,0
72003,0
72004,0
72005,0
72006,0
72007,0
72008,1
72009,1
7201,1
72010,0
72011,0
72012,0
72013,0
72014,1
72015,1
72016,0
72017,1
72018,1
72019,0
7202,1
72020,1
72021,1
72022,1
72023,0
72024,0
72025,0
72026,1
72027,0
72028,0
72029,0
7203,0
72030,1
72031,0
72032,1
72033,1
72034,1
72035,0
72036,1
72037,1
72038,0
72039,0
7204,1
72040,0
72041,0
72042,1
72043,0
72044,0
72045,0
72046,0
72047,1
72048,0
72049,0
7205,1
72050,0
72051,1
72052,0
72053,0
72054,1
72055,0
72056,0
72057,0
72058,0
72059,0
7206,1
72060,1
72061,0
72062,1
72063,0
72064,1
72065,0
72066,1
72067,0
72068,0
72069,1
7207,1
72070,0
72071,1
72072,1
72073,1
72074,1
72075,0
72076,0
72077,0
72078,0
72079,1
7208,1
72080,0
72081,1
72082,0
72083,0
72084,1
72085,1
72086,0
72087,0
72088,1
72089,1
7209,1
72090,1
72091,0
72092,0
72093,0
72094,0
72095,1
72096,1
72097,0
72098,1
72099,0
721,1
7210,1
72100,1
72101,0
72102,1
72103,1
72104,1
72105,0
72106,1
72107,0
72108,0
72109,0
7211,1
72110,0
72111,1
72112,0
72113,0
72114,1
72115,0
72116,0
72117,0
72118,0
72119,0
7212,1
72120,0
72121,0
72122,0
72123,0
72124,1
72125,0
72126,0
72127,0
72128,0
72129,0
7213,1
72130,0
72131,1
72132,0
72133,1
72134,0
72135,0
72136,0
72137,1
72138,1
72139,1
7214,1
72140,0
72141,1
72142,0
72143,1
72144,0
72145,0
72146,0
72147,1
72148,1
72149,0
7215,1
72150,1
72151,0
72152,1
72153,1
72154,1
72155,0
72156,0
72157,0
72158,0
72159,0
7216,1
72160,0
72161,1
72162,0
72163,0
72164,0
72165,1
72166,0
72167,0
72168,0
72169,0
7217,1
72170,0
72171,0
72172,0
72173,0
72174,1
72175,0
72176,0
72177,0
72178,0
72179,1
7218,1
72180,0
72181,1
72182,0
72183,0
72184,0
72185,1
72186,0
72187,1
72188,0
72189,0
7219,1
72190,0
72191,0
72192,1
72193,1
72194,1
72195,0
72196,1
72197,0
72198,0
72199,0
722,1
7220,1
72200,1
72201,0
72202,0
72203,0
72204,0
72205,1
72206,0
72207,1
72208,1
72209,0
7221,1
72210,0
72211,1
72212,1
72213,0
72214,0
72215,1
72216,0
72217,0
72218,0
72219,0
7222,1
72220,1
72221,0
72222,1
72223,1
72224,0
72225,0
72226,0
72227,0
72228,0
72229,1
7223,1
72230,1
72231,0
72232,1
72233,1
72234,0
72235,0
72236,0
72237,0
72238,0
72239,1
7224,1
72240,0
72241,0
72242,0
72243,1
72244,0
72245,1
72246,0
72247,0
72248,0
72249,0
7225,1
72250,1
72251,0
72252,0
72253,1
72254,1
72255,0
72256,1
72257,0
72258,1
72259,0
7226,1
72260,0
72261,0
72262,0
72263,1
72264,0
72265,0
72266,0
72267,0
72268,1
72269,0
7227,1
72270,1
72271,0
72272,0
72273,1
72274,1
72275,1
72276,0
72277,1
72278,0
72279,1
7228,1
72280,1
72281,1
72282,0
72283,0
72284,0
72285,0
72286,0
72287,0
72288,0
72289,1
7229,1
72290,0
72291,1
72292,0
72293,1
72294,1
72295,1
72296,0
72297,0
72298,1
72299,0
723,1
7230,1
72300,1
72301,0
72302,0
72303,0
72304,0
72305,1
72306,1
72307,0
72308,0
72309,0
7231,1
72310,0
72311,1
72312,0
72313,0
72314,1
72315,0
72316,1
72317,0
72318,0
72319,1
7232,1
72320,1
72321,1
72322,0
72323,0
72324,1
72325,0
72326,1
72327,0
72328,0
72329,0
7233,1
72330,1
72331,0
72332,1
72333,0
72334,1
72335,1
72336,0
72337,1
72338,1
72339,1
7234,1
72340,0
72341,1
72342,1
72343,1
72344,0
72345,0
72346,1
72347,1
72348,1
72349,1
7235,1
72350,1
72351,0
72352,0
72353,0
72354,0
72355,1
72356,1
72357,0
72358,0
72359,0
7236,1
72360,1
72361,1
72362,0
72363,0
72364,0
72365,0
72366,0
72367,1
72368,0
72369,1
7237,1
72370,1
72371,1
72372,0
72373,0
72374,0
72375,1
72376,1
72377,1
72378,0
72379,0
7238,1
72380,1
72381,0
72382,0
72383,0
72384,0
72385,0
72386,0
72387,0
72388,0
72389,0
7239,1
72390,1
72391,0
72392,1
72393,1
72394,1
72395,0
72396,0
72397,1
72398,0
72399,1
724,1
7240,1
72400,0
72401,1
72402,0
72403,1
72404,0
72405,0
72406,0
72407,0
72408,1
72409,0
7241,1
72410,0
72411,0
72412,0
72413,0
72414,0
72415,0
72416,0
72417,0
72418,0
72419,1
7242,1
72420,0
72421,0
72422,0
72423,0
72424,0
72425,0
72426,0
72427,1
72428,1
72429,1
7243,1
72430,1
72431,1
72432,0
72433,0
72434,0
72435,0
72436,1
72437,0
72438,0
72439,1
7244,1
72440,1
72441,0
72442,1
72443,0
72444,0
72445,0
72446,1
72447,1
72448,1
72449,0
7245,1
72450,0
72451,1
72452,0
72453,1
72454,0
72455,1
72456,0
72457,1
72458,0
72459,0
7246,1
72460,1
72461,0
72462,0
72463,1
72464,0
72465,1
72466,0
72467,0
72468,0
72469,1
7247,1
72470,0
72471,0
72472,1
72473,0
72474,0
72475,0
72476,0
72477,1
72478,1
72479,0
7248,1
72480,0
72481,0
72482,1
72483,0
72484,1
72485,1
72486,0
72487,0
72488,0
72489,0
7249,1
72490,1
72491,0
72492,1
72493,0
72494,1
72495,0
72496,1
72497,0
72498,0
72499,1
725,1
7250,1
72500,1
72501,0
72502,1
72503,0
72504,0
72505,1
72506,1
72507,0
72508,1
72509,0
7251,1
72510,0
72511,0
72512,1
72513,1
72514,0
72515,0
72516,0
72517,0
72518,1
72519,0
7252,1
72520,0
72521,0
72522,0
72523,0
72524,0
72525,1
72526,1
72527,0
72528,0
72529,0
7253,1
72530,1
72531,0
72532,0
72533,1
72534,0
72535,0
72536,1
72537,0
72538,0
72539,0
7254,1
72540,1
72541,0
72542,0
72543,0
72544,0
72545,0
72546,0
72547,0
72548,1
72549,1
7255,1
72550,0
72551,0
72552,1
72553,1
72554,0
72555,0
72556,0
72557,0
72558,0
72559,0
7256,1
72560,1
72561,0
72562,0
72563,0
72564,0
72565,0
72566,1
72567,0
72568,0
72569,0
7257,1
72570,1
72571,0
72572,0
72573,0
72574,0
72575,0
72576,0
72577,1
72578,1
72579,1
7258,1
72580,0
72581,0
72582,0
72583,0
72584,0
72585,0
72586,1
72587,0
72588,1
72589,1
7259,1
72590,0
72591,1
72592,0
72593,0
72594,0
72595,1
72596,0
72597,1
72598,0
72599,0
726,1
7260,1
72600,0
72601,0
72602,0
72603,0
72604,1
72605,1
72606,0
72607,0
72608,0
72609,0
7261,1
72610,0
72611,1
72612,1
72613,0
72614,0
72615,0
72616,0
72617,0
72618,0
72619,0
7262,1
72620,1
72621,0
72622,0
72623,0
72624,1
72625,1
72626,0
72627,0
72628,0
72629,1
7263,1
72630,1
72631,1
72632,0
72633,1
72634,0
72635,0
72636,0
72637,0
72638,1
72639,0
7264,1
72640,1
72641,1
72642,1
72643,0
72644,0
72645,1
72646,0
72647,0
72648,0
72649,0
7265,1
72650,1
72651,1
72652,1
72653,0
72654,0
72655,0
72656,0
72657,0
72658,0
72659,0
7266,1
72660,0
72661,0
72662,0
72663,0
72664,0
72665,1
72666,0
72667,0
72668,0
72669,1
7267,1
72670,1
72671,0
72672,0
72673,1
72674,1
72675,0
72676,1
72677,1
72678,1
72679,0
7268,0
72680,0
72681,0
72682,1
72683,1
72684,0
72685,1
72686,0
72687,1
72688,1
72689,1
7269,1
72690,0
72691,1
72692,0
72693,0
72694,1
72695,1
72696,1
72697,0
72698,1
72699,1
727,1
7270,1
72700,0
72701,1
72702,1
72703,0
72704,0
72705,1
72706,0
72707,0
72708,0
72709,0
7271,1
72710,0
72711,1
72712,1
72713,0
72714,1
72715,0
72716,0
72717,0
72718,1
72719,0
7272,1
72720,0
72721,1
72722,0
72723,0
72724,0
72725,0
72726,0
72727,1
72728,1
72729,0
7273,1
72730,0
72731,1
72732,1
72733,0
72734,0
72735,1
72736,0
72737,1
72738,0
72739,0
7274,1
72740,1
72741,1
72742,0
72743,1
72744,1
72745,1
72746,0
72747,0
72748,0
72749,0
7275,1
72750,1
72751,0
72752,1
72753,1
72754,1
72755,1
72756,1
72757,0
72758,0
72759,0
7276,1
72760,0
72761,1
72762,0
72763,1
72764,0
72765,0
72766,1
72767,0
72768,1
72769,1
7277,1
72770,0
72771,1
72772,0
72773,1
72774,0
72775,0
72776,1
72777,1
72778,0
72779,1
7278,1
72780,0
72781,0
72782,1
72783,0
72784,0
72785,0
72786,1
72787,0
72788,0
72789,1
7279,1
72790,0
72791,1
72792,0
72793,1
72794,1
72795,1
72796,1
72797,0
72798,0
72799,0
728,1
7280,1
72800,1
72801,0
72802,0
72803,0
72804,1
72805,0
72806,0
72807,1
72808,1
72809,0
7281,1
72810,1
72811,0
72812,0
72813,0
72814,0
72815,0
72816,0
72817,0
72818,1
72819,0
7282,1
72820,0
72821,0
72822,0
72823,0
72824,0
72825,0
72826,1
72827,0
72828,0
72829,1
7283,1
72830,0
72831,1
72832,0
72833,0
72834,1
72835,1
72836,1
72837,1
72838,0
72839,0
7284,1
72840,0
72841,0
72842,0
72843,0
72844,1
72845,0
72846,0
72847,0
72848,1
72849,0
7285,1
72850,1
72851,0
72852,0
72853,0
72854,1
72855,1
72856,1
72857,0
72858,1
72859,0
7286,1
72860,1
72861,0
72862,0
72863,0
72864,1
72865,0
72866,0
72867,1
72868,0
72869,1
7287,1
72870,0
72871,1
72872,1
72873,0
72874,1
72875,0
72876,1
72877,1
72878,0
72879,0
7288,1
72880,1
72881,1
72882,0
72883,1
72884,0
72885,0
72886,0
72887,1
72888,0
72889,0
7289,1
72890,1
72891,0
72892,1
72893,1
72894,1
72895,1
72896,1
72897,1
72898,1
72899,0
729,1
7290,1
72900,1
72901,1
72902,0
72903,0
72904,0
72905,0
72906,1
72907,1
72908,0
72909,0
7291,1
72910,1
72911,0
72912,1
72913,0
72914,0
72915,0
72916,0
72917,0
72918,0
72919,0
7292,1
72920,0
72921,1
72922,1
72923,0
72924,1
72925,1
72926,0
72927,0
72928,0
72929,0
7293,1
72930,0
72931,1
72932,1
72933,0
72934,0
72935,0
72936,0
72937,0
72938,0
72939,0
7294,1
72940,1
72941,0
72942,1
72943,0
72944,1
72945,0
72946,0
72947,1
72948,1
72949,0
7295,0
72950,0
72951,1
72952,0
72953,1
72954,0
72955,0
72956,1
72957,0
72958,1
72959,1
7296,1
72960,1
72961,1
72962,0
72963,0
72964,0
72965,1
72966,0
72967,0
72968,1
72969,0
7297,1
72970,0
72971,1
72972,0
72973,0
72974,1
72975,1
72976,1
72977,0
72978,1
72979,0
7298,1
72980,0
72981,1
72982,0
72983,0
72984,1
72985,0
72986,0
72987,1
72988,0
72989,1
7299,1
72990,0
72991,0
72992,0
72993,0
72994,0
72995,1
72996,0
72997,1
72998,0
72999,1
73,1
730,1
7300,1
73000,0
73001,1
73002,0
73003,0
73004,0
73005,0
73006,1
73007,0
73008,0
73009,1
7301,1
73010,1
73011,0
73012,1
73013,0
73014,0
73015,0
73016,1
73017,0
73018,0
73019,1
7302,1
73020,1
73021,0
73022,0
73023,0
73024,1
73025,1
73026,0
73027,1
73028,1
73029,1
7303,1
73030,0
73031,0
73032,0
73033,1
73034,1
73035,0
73036,0
73037,1
73038,1
73039,0
7304,1
73040,0
73041,0
73042,0
73043,0
73044,0
73045,0
73046,0
73047,0
73048,1
73049,0
7305,1
73050,1
73051,0
73052,1
73053,0
73054,0
73055,1
73056,0
73057,0
73058,1
73059,0
7306,1
73060,1
73061,1
73062,1
73063,1
73064,1
73065,0
73066,1
73067,0
73068,0
73069,0
7307,1
73070,0
73071,0
73072,0
73073,0
73074,1
73075,1
73076,0
73077,1
73078,0
73079,0
7308,1
73080,1
73081,1
73082,1
73083,1
73084,0
73085,0
73086,0
73087,1
73088,1
73089,0
7309,1
73090,0
73091,0
73092,0
73093,0
73094,1
73095,0
73096,0
73097,1
73098,0
73099,1
731,1
7310,1
73100,0
73101,1
73102,1
73103,1
73104,1
73105,1
73106,0
73107,0
73108,0
73109,0
7311,1
73110,0
73111,0
73112,0
73113,0
73114,0
73115,1
73116,1
73117,0
73118,0
73119,1
7312,1
73120,0
73121,1
73122,0
73123,1
73124,0
73125,0
73126,1
73127,0
73128,0
73129,0
7313,1
73130,1
73131,1
73132,1
73133,1
73134,1
73135,0
73136,1
73137,0
73138,0
73139,0
7314,1
73140,0
73141,1
73142,0
73143,1
73144,0
73145,1
73146,0
73147,0
73148,0
73149,1
7315,1
73150,0
73151,0
73152,0
73153,0
73154,1
73155,0
73156,0
73157,0
73158,1
73159,1
7316,1
73160,1
73161,0
73162,1
73163,1
73164,1
73165,0
73166,0
73167,0
73168,1
73169,1
7317,1
73170,0
73171,1
73172,0
73173,0
73174,1
73175,0
73176,0
73177,1
73178,0
73179,0
7318,1
73180,0
73181,0
73182,0
73183,0
73184,0
73185,0
73186,1
73187,0
73188,0
73189,0
7319,1
73190,1
73191,0
73192,1
73193,0
73194,1
73195,0
73196,1
73197,0
73198,1
73199,0
732,1
7320,0
73200,0
73201,0
73202,0
73203,0
73204,0
73205,0
73206,0
73207,0
73208,1
73209,0
7321,1
73210,1
73211,0
73212,1
73213,0
73214,0
73215,1
73216,0
73217,0
73218,0
73219,0
7322,1
73220,0
73221,1
73222,1
73223,0
73224,0
73225,0
73226,1
73227,0
73228,0
73229,0
7323,1
73230,0
73231,0
73232,1
73233,1
73234,1
73235,0
73236,1
73237,1
73238,0
73239,0
7324,1
73240,0
73241,0
73242,1
73243,0
73244,1
73245,0
73246,1
73247,0
73248,0
73249,1
7325,1
73250,0
73251,0
73252,0
73253,0
73254,0
73255,0
73256,0
73257,0
73258,1
73259,1
7326,1
73260,0
73261,0
73262,0
73263,0
73264,1
73265,0
73266,0
73267,1
73268,0
73269,1
7327,1
73270,1
73271,0
73272,1
73273,0
73274,0
73275,0
73276,1
73277,0
73278,1
73279,1
7328,1
73280,1
73281,0
73282,1
73283,0
73284,0
73285,0
73286,0
73287,0
73288,0
73289,0
7329,1
73290,1
73291,0
73292,0
73293,0
73294,0
73295,0
73296,1
73297,0
73298,0
73299,0
733,0
7330,1
73300,1
73301,1
73302,1
73303,0
73304,0
73305,0
73306,1
73307,0
73308,1
73309,0
7331,1
73310,0
73311,1
73312,1
73313,0
73314,1
73315,0
73316,0
73317,0
73318,0
73319,1
7332,1
73320,0
73321,1
73322,1
73323,0
73324,0
73325,0
73326,0
73327,0
73328,1
73329,0
7333,1
73330,0
73331,0
73332,0
73333,1
73334,1
73335,1
73336,1
73337,1
73338,1
73339,0
7334,1
73340,0
73341,0
73342,0
73343,0
73344,0
73345,0
73346,0
73347,1
73348,0
73349,0
7335,1
73350,1
73351,0
73352,0
73353,0
73354,0
73355,0
73356,0
73357,1
73358,0
73359,1
7336,1
73360,1
73361,0
73362,0
73363,0
73364,0
73365,0
73366,0
73367,1
73368,0
73369,0
7337,1
73370,0
73371,0
73372,1
73373,0
73374,1
73375,0
73376,0
73377,1
73378,0
73379,0
7338,1
73380,0
73381,0
73382,0
73383,1
73384,1
73385,0
73386,0
73387,0
73388,1
73389,1
7339,1
73390,1
73391,1
73392,0
73393,1
73394,1
73395,0
73396,0
73397,0
73398,1
73399,1
734,1
7340,1
73400,1
73401,1
73402,0
73403,0
73404,0
73405,0
73406,0
73407,0
73408,1
73409,0
7341,1
73410,1
73411,1
73412,1
73413,0
73414,0
73415,0
73416,1
73417,1
73418,1
73419,0
7342,1
73420,1
73421,1
73422,0
73423,1
73424,0
73425,1
73426,0
73427,1
73428,1
73429,0
7343,1
73430,0
73431,0
73432,0
73433,0
73434,1
73435,0
73436,0
73437,1
73438,0
73439,0
7344,1
73440,0
73441,0
73442,1
73443,1
73444,0
73445,0
73446,1
73447,0
73448,0
73449,0
7345,1
73450,0
73451,1
73452,1
73453,1
73454,0
73455,0
73456,0
73457,1
73458,1
73459,1
7346,1
73460,0
73461,0
73462,0
73463,0
73464,1
73465,0
73466,0
73467,0
73468,0
73469,0
7347,1
73470,0
73471,0
73472,0
73473,0
73474,0
73475,1
73476,0
73477,0
73478,0
73479,1
7348,1
73480,1
73481,1
73482,1
73483,0
73484,1
73485,0
73486,0
73487,0
73488,0
73489,0
7349,1
73490,1
73491,0
73492,0
73493,1
73494,0
73495,1
73496,0
73497,1
73498,0
73499,1
735,1
7350,1
73500,0
73501,0
73502,0
73503,0
73504,1
73505,1
73506,0
73507,1
73508,0
73509,0
7351,1
73510,1
73511,0
73512,0
73513,0
73514,0
73515,0
73516,0
73517,0
73518,0
73519,1
7352,1
73520,0
73521,0
73522,1
73523,0
73524,0
73525,0
73526,1
73527,1
73528,0
73529,1
7353,1
73530,0
73531,1
73532,1
73533,0
73534,0
73535,1
73536,0
73537,0
73538,0
73539,0
7354,1
73540,0
73541,0
73542,0
73543,0
73544,0
73545,0
73546,1
73547,0
73548,1
73549,1
7355,1
73550,0
73551,0
73552,1
73553,0
73554,1
73555,1
73556,1
73557,1
73558,1
73559,1
7356,1
73560,0
73561,0
73562,1
73563,1
73564,0
73565,1
73566,1
73567,0
73568,0
73569,1
7357,1
73570,0
73571,0
73572,0
73573,1
73574,1
73575,0
73576,1
73577,1
73578,1
73579,1
7358,1
73580,0
73581,0
73582,1
73583,0
73584,1
73585,0
73586,0
73587,1
73588,1
73589,0
7359,1
73590,1
73591,1
73592,0
73593,0
73594,0
73595,1
73596,0
73597,0
73598,0
73599,1
736,1
7360,1
73600,0
73601,1
73602,0
73603,1
73604,0
73605,1
73606,0
73607,0
73608,1
73609,1
7361,1
73610,0
73611,1
73612,1
73613,1
73614,1
73615,0
73616,0
73617,0
73618,0
73619,0
7362,1
73620,1
73621,0
73622,0
73623,0
73624,0
73625,0
73626,0
73627,0
73628,1
73629,0
7363,1
73630,0
73631,1
73632,1
73633,0
73634,0
73635,1
73636,1
73637,1
73638,0
73639,0
7364,1
73640,0
73641,1
73642,1
73643,1
73644,0
73645,0
73646,0
73647,0
73648,1
73649,1
7365,1
73650,0
73651,0
73652,0
73653,1
73654,0
73655,0
73656,1
73657,1
73658,0
73659,1
7366,1
73660,1
73661,0
73662,1
73663,1
73664,1
73665,1
73666,0
73667,0
73668,0
73669,0
7367,1
73670,1
73671,1
73672,0
73673,1
73674,0
73675,0
73676,1
73677,0
73678,1
73679,0
7368,1
73680,0
73681,0
73682,1
73683,0
73684,1
73685,1
73686,0
73687,1
73688,0
73689,1
7369,1
73690,0
73691,0
73692,0
73693,1
73694,0
73695,1
73696,1
73697,1
73698,1
73699,0
737,1
7370,1
73700,1
73701,1
73702,0
73703,1
73704,0
73705,0
73706,1
73707,1
73708,0
73709,1
7371,1
73710,1
73711,0
73712,1
73713,0
73714,0
73715,1
73716,1
73717,0
73718,1
73719,0
7372,1
73720,0
73721,0
73722,0
73723,0
73724,1
73725,0
73726,0
73727,1
73728,0
73729,0
7373,1
73730,0
73731,0
73732,0
73733,0
73734,1
73735,1
73736,1
73737,1
73738,1
73739,0
7374,1
73740,0
73741,0
73742,0
73743,1
73744,0
73745,0
73746,0
73747,1
73748,0
73749,1
7375,1
73750,0
73751,1
73752,1
73753,0
73754,0
73755,1
73756,1
73757,0
73758,0
73759,1
7376,1
73760,0
73761,1
73762,0
73763,1
73764,0
73765,1
73766,0
73767,1
73768,1
73769,0
7377,1
73770,0
73771,1
73772,1
73773,0
73774,1
73775,1
73776,0
73777,1
73778,1
73779,1
7378,1
73780,0
73781,0
73782,0
73783,1
73784,0
73785,0
73786,0
73787,0
73788,0
73789,0
7379,1
73790,0
73791,0
73792,1
73793,0
73794,0
73795,1
73796,0
73797,0
73798,0
73799,0
738,1
7380,1
73800,0
73801,0
73802,0
73803,0
73804,0
73805,1
73806,0
73807,1
73808,1
73809,1
7381,1
73810,0
73811,1
73812,0
73813,0
73814,0
73815,1
73816,0
73817,0
73818,1
73819,1
7382,1
73820,1
73821,0
73822,1
73823,1
73824,0
73825,0
73826,0
73827,0
73828,0
73829,1
7383,1
73830,1
73831,0
73832,0
73833,0
73834,0
73835,0
73836,1
73837,1
73838,1
73839,1
7384,1
73840,0
73841,1
73842,1
73843,0
73844,1
73845,0
73846,1
73847,1
73848,1
73849,1
7385,1
73850,0
73851,1
73852,1
73853,1
73854,0
73855,0
73856,1
73857,0
73858,0
73859,0
7386,1
73860,1
73861,1
73862,0
73863,0
73864,0
73865,1
73866,1
73867,0
73868,1
73869,1
7387,1
73870,0
73871,0
73872,1
73873,0
73874,0
73875,1
73876,1
73877,0
73878,0
73879,0
7388,1
73880,0
73881,0
73882,1
73883,1
73884,1
73885,0
73886,0
73887,0
73888,0
73889,0
7389,1
73890,0
73891,0
73892,0
73893,0
73894,0
73895,0
73896,1
73897,1
73898,0
73899,0
739,1
7390,1
73900,0
73901,0
73902,0
73903,0
73904,0
73905,1
73906,0
73907,0
73908,0
73909,0
7391,1
73910,0
73911,0
73912,1
73913,0
73914,0
73915,1
73916,1
73917,1
73918,0
73919,0
7392,1
73920,0
73921,0
73922,0
73923,0
73924,1
73925,0
73926,0
73927,1
73928,1
73929,1
7393,1
73930,1
73931,0
73932,1
73933,0
73934,0
73935,1
73936,0
73937,1
73938,0
73939,0
7394,1
73940,0
73941,0
73942,0
73943,0
73944,1
73945,0
73946,0
73947,0
73948,0
73949,0
7395,1
73950,0
73951,0
73952,1
73953,1
73954,1
73955,0
73956,0
73957,1
73958,1
73959,0
7396,1
73960,0
73961,0
73962,1
73963,0
73964,0
73965,0
73966,0
73967,0
73968,0
73969,1
7397,1
73970,1
73971,1
73972,0
73973,0
73974,0
73975,1
73976,0
73977,1
73978,1
73979,1
7398,1
73980,0
73981,1
73982,0
73983,1
73984,1
73985,0
73986,0
73987,0
73988,0
73989,0
7399,0
73990,0
73991,0
73992,0
73993,0
73994,0
73995,1
73996,1
73997,0
73998,1
73999,1
74,1
740,1
7400,1
74000,0
74001,1
74002,1
74003,0
74004,0
74005,1
74006,0
74007,1
74008,1
74009,1
7401,1
74010,0
74011,0
74012,1
74013,0
74014,1
74015,0
74016,0
74017,0
74018,0
74019,1
7402,1
74020,0
74021,1
74022,1
74023,0
74024,0
74025,1
74026,0
74027,0
74028,0
74029,0
7403,1
74030,0
74031,0
74032,0
74033,1
74034,0
74035,0
74036,1
74037,0
74038,0
74039,0
7404,1
74040,0
74041,0
74042,0
74043,1
74044,0
74045,0
74046,0
74047,0
74048,0
74049,0
7405,1
74050,1
74051,0
74052,0
74053,1
74054,1
74055,1
74056,1
74057,1
74058,1
74059,0
7406,1
74060,0
74061,0
74062,0
74063,1
74064,0
74065,1
74066,0
74067,0
74068,0
74069,0
7407,1
74070,1
74071,0
74072,0
74073,0
74074,0
74075,0
74076,1
74077,1
74078,0
74079,0
7408,1
74080,1
74081,1
74082,0
74083,1
74084,0
74085,0
74086,1
74087,1
74088,0
74089,1
7409,1
74090,1
74091,0
74092,0
74093,0
74094,0
74095,1
74096,0
74097,0
74098,1
74099,0
741,1
7410,1
74100,1
74101,0
74102,0
74103,0
74104,0
74105,1
74106,1
74107,1
74108,0
74109,1
7411,1
74110,0
74111,1
74112,0
74113,0
74114,1
74115,1
74116,1
74117,0
74118,1
74119,0
7412,1
74120,0
74121,1
74122,0
74123,1
74124,1
74125,1
74126,1
74127,0
74128,1
74129,0
7413,1
74130,1
74131,0
74132,0
74133,0
74134,1
74135,0
74136,1
74137,1
74138,0
74139,1
7414,1
74140,0
74141,0
74142,0
74143,0
74144,0
74145,0
74146,0
74147,0
74148,0
74149,1
7415,1
74150,0
74151,1
74152,1
74153,0
74154,0
74155,0
74156,0
74157,0
74158,0
74159,0
7416,1
74160,0
74161,0
74162,0
74163,1
74164,0
74165,0
74166,0
74167,0
74168,1
74169,1
7417,1
74170,1
74171,0
74172,0
74173,1
74174,0
74175,0
74176,1
74177,0
74178,1
74179,1
7418,1
74180,1
74181,0
74182,0
74183,0
74184,0
74185,0
74186,0
74187,0
74188,1
74189,1
7419,1
74190,1
74191,1
74192,0
74193,0
74194,0
74195,0
74196,1
74197,0
74198,1
74199,1
742,1
7420,1
74200,0
74201,0
74202,0
74203,1
74204,0
74205,0
74206,1
74207,0
74208,0
74209,0
7421,1
74210,1
74211,0
74212,1
74213,0
74214,0
74215,1
74216,0
74217,0
74218,0
74219,1
7422,1
74220,1
74221,0
74222,0
74223,1
74224,0
74225,1
74226,0
74227,1
74228,1
74229,0
7423,1
74230,0
74231,0
74232,1
74233,0
74234,0
74235,1
74236,1
74237,0
74238,1
74239,0
7424,1
74240,1
74241,0
74242,0
74243,1
74244,0
74245,0
74246,0
74247,0
74248,0
74249,0
7425,1
74250,0
74251,1
74252,1
74253,0
74254,1
74255,1
74256,0
74257,0
74258,1
74259,1
7426,1
74260,0
74261,0
74262,1
74263,1
74264,0
74265,1
74266,0
74267,0
74268,0
74269,0
7427,1
74270,0
74271,0
74272,0
74273,0
74274,0
74275,0
74276,0
74277,0
74278,0
74279,0
7428,1
74280,1
74281,1
74282,1
74283,0
74284,0
74285,1
74286,0
74287,0
74288,0
74289,0
7429,1
74290,1
74291,0
74292,1
74293,0
74294,1
74295,0
74296,0
74297,0
74298,0
74299,0
743,1
7430,1
74300,1
74301,1
74302,0
74303,1
74304,0
74305,0
74306,0
74307,1
74308,0
74309,0
7431,1
74310,1
74311,1
74312,0
74313,0
74314,0
74315,0
74316,0
74317,1
74318,0
74319,0
7432,1
74320,0
74321,0
74322,0
74323,1
74324,0
74325,0
74326,1
74327,0
74328,1
74329,1
7433,1
74330,0
74331,1
74332,1
74333,0
74334,1
74335,0
74336,1
74337,0
74338,0
74339,0
7434,1
74340,0
74341,0
74342,1
74343,0
74344,1
74345,1
74346,1
74347,0
74348,1
74349,0
7435,1
74350,0
74351,0
74352,1
74353,1
74354,0
74355,0
74356,0
74357,1
74358,0
74359,0
7436,1
74360,1
74361,0
74362,0
74363,0
74364,1
74365,0
74366,1
74367,0
74368,0
74369,1
7437,1
74370,1
74371,0
74372,0
74373,0
74374,0
74375,1
74376,1
74377,0
74378,1
74379,1
7438,1
74380,0
74381,0
74382,0
74383,1
74384,1
74385,1
74386,0
74387,0
74388,0
74389,1
7439,1
74390,0
74391,0
74392,0
74393,0
74394,0
74395,0
74396,0
74397,0
74398,1
74399,1
744,1
7440,1
74400,0
74401,1
74402,1
74403,1
74404,0
74405,0
74406,1
74407,0
74408,0
74409,1
7441,1
74410,1
74411,1
74412,0
74413,1
74414,0
74415,0
74416,0
74417,0
74418,0
74419,1
7442,1
74420,0
74421,1
74422,1
74423,0
74424,1
74425,0
74426,1
74427,0
74428,1
74429,0
7443,1
74430,0
74431,0
74432,0
74433,0
74434,0
74435,0
74436,0
74437,1
74438,0
74439,0
7444,1
74440,0
74441,0
74442,0
74443,0
74444,0
74445,0
74446,0
74447,0
74448,1
74449,0
7445,1
74450,0
74451,1
74452,1
74453,0
74454,0
74455,1
74456,1
74457,1
74458,0
74459,0
7446,1
74460,1
74461,0
74462,0
74463,0
74464,1
74465,1
74466,0
74467,1
74468,0
74469,0
7447,1
74470,0
74471,0
74472,1
74473,0
74474,1
74475,0
74476,0
74477,0
74478,1
74479,0
7448,1
74480,0
74481,0
74482,0
74483,0
74484,0
74485,0
74486,0
74487,0
74488,0
74489,1
7449,1
74490,1
74491,1
74492,1
74493,0
74494,0
74495,0
74496,0
74497,0
74498,0
74499,0
745,1
7450,1
74500,1
74501,1
74502,0
74503,0
74504,0
74505,1
74506,0
74507,1
74508,0
74509,1
7451,1
74510,0
74511,0
74512,1
74513,1
74514,0
74515,0
74516,0
74517,0
74518,1
74519,1
7452,1
74520,0
74521,1
74522,1
74523,0
74524,0
74525,0
74526,1
74527,0
74528,1
74529,0
7453,1
74530,0
74531,1
74532,0
74533,1
74534,0
74535,1
74536,1
74537,0
74538,0
74539,0
7454,1
74540,1
74541,0
74542,1
74543,0
74544,1
74545,1
74546,0
74547,1
74548,0
74549,0
7455,1
74550,0
74551,0
74552,1
74553,0
74554,0
74555,1
74556,1
74557,0
74558,0
74559,0
7456,1
74560,0
74561,0
74562,0
74563,0
74564,0
74565,1
74566,0
74567,0
74568,1
74569,0
7457,1
74570,0
74571,1
74572,1
74573,1
74574,0
74575,0
74576,0
74577,1
74578,1
74579,1
7458,1
74580,0
74581,0
74582,0
74583,1
74584,1
74585,1
74586,0
74587,0
74588,0
74589,0
7459,1
74590,0
74591,0
74592,0
74593,0
74594,0
74595,0
74596,1
74597,1
74598,0
74599,1
746,1
7460,1
74600,0
74601,0
74602,1
74603,0
74604,0
74605,1
74606,0
74607,1
74608,1
74609,1
7461,1
74610,0
74611,0
74612,1
74613,0
74614,1
74615,0
74616,0
74617,0
74618,0
74619,1
7462,1
74620,0
74621,0
74622,0
74623,0
74624,0
74625,1
74626,1
74627,0
74628,0
74629,1
7463,1
74630,0
74631,0
74632,0
74633,0
74634,0
74635,1
74636,0
74637,0
74638,0
74639,0
7464,1
74640,1
74641,0
74642,1
74643,0
74644,0
74645,0
74646,0
74647,1
74648,0
74649,0
7465,1
74650,0
74651,0
74652,0
74653,0
74654,0
74655,0
74656,0
74657,1
74658,1
74659,0
7466,1
74660,0
74661,0
74662,0
74663,0
74664,0
74665,0
74666,0
74667,1
74668,1
74669,0
7467,1
74670,0
74671,0
74672,0
74673,1
74674,1
74675,1
74676,1
74677,0
74678,1
74679,0
7468,1
74680,0
74681,0
74682,0
74683,1
74684,0
74685,1
74686,1
74687,0
74688,0
74689,0
7469,1
74690,0
74691,0
74692,1
74693,0
74694,0
74695,0
74696,0
74697,1
74698,1
74699,1
747,1
7470,1
74700,0
74701,1
74702,0
74703,0
74704,0
74705,1
74706,0
74707,0
74708,0
74709,1
7471,1
74710,0
74711,1
74712,0
74713,0
74714,1
74715,1
74716,0
74717,0
74718,0
74719,1
7472,1
74720,0
74721,0
74722,1
74723,1
74724,1
74725,1
74726,0
74727,0
74728,0
74729,0
7473,1
74730,0
74731,0
74732,1
74733,1
74734,0
74735,1
74736,0
74737,1
74738,0
74739,0
7474,1
74740,0
74741,0
74742,0
74743,0
74744,0
74745,0
74746,0
74747,1
74748,0
74749,1
7475,1
74750,0
74751,1
74752,0
74753,0
74754,0
74755,1
74756,0
74757,0
74758,0
74759,1
7476,1
74760,0
74761,0
74762,0
74763,0
74764,0
74765,0
74766,1
74767,1
74768,0
74769,0
7477,1
74770,0
74771,0
74772,1
74773,0
74774,0
74775,0
74776,1
74777,0
74778,0
74779,0
7478,1
74780,1
74781,0
74782,0
74783,0
74784,0
74785,1
74786,0
74787,0
74788,1
74789,1
7479,1
74790,0
74791,1
74792,0
74793,0
74794,0
74795,1
74796,1
74797,1
74798,0
74799,0
748,1
7480,1
74800,0
74801,1
74802,0
74803,0
74804,1
74805,1
74806,0
74807,1
74808,1
74809,0
7481,1
74810,1
74811,0
74812,0
74813,1
74814,1
74815,0
74816,1
74817,0
74818,0
74819,0
7482,1
74820,0
74821,1
74822,1
74823,1
74824,1
74825,0
74826,0
74827,1
74828,0
74829,0
7483,1
74830,0
74831,1
74832,0
74833,0
74834,1
74835,1
74836,1
74837,1
74838,0
74839,0
7484,1
74840,0
74841,0
74842,1
74843,0
74844,1
74845,0
74846,1
74847,1
74848,1
74849,0
7485,1
74850,1
74851,1
74852,0
74853,0
74854,0
74855,0
74856,0
74857,1
74858,1
74859,0
7486,1
74860,1
74861,1
74862,0
74863,0
74864,0
74865,0
74866,1
74867,0
74868,1
74869,0
7487,1
74870,0
74871,0
74872,0
74873,1
74874,1
74875,1
74876,1
74877,0
74878,0
74879,1
7488,1
74880,1
74881,1
74882,0
74883,0
74884,1
74885,1
74886,0
74887,0
74888,1
74889,1
7489,1
74890,1
74891,0
74892,1
74893,0
74894,0
74895,0
74896,0
74897,0
74898,0
74899,0
749,1
7490,1
74900,0
74901,1
74902,0
74903,1
74904,0
74905,1
74906,1
74907,0
74908,1
74909,0
7491,1
74910,1
74911,0
74912,0
74913,1
74914,1
74915,0
74916,1
74917,0
74918,1
74919,0
7492,1
74920,0
74921,1
74922,1
74923,1
74924,0
74925,0
74926,0
74927,0
74928,0
74929,0
7493,1
74930,0
74931,1
74932,1
74933,1
74934,0
74935,1
74936,0
74937,1
74938,0
74939,1
7494,1
74940,0
74941,1
74942,0
74943,0
74944,0
74945,0
74946,1
74947,0
74948,0
74949,0
7495,1
74950,0
74951,1
74952,0
74953,0
74954,0
74955,0
74956,0
74957,0
74958,0
74959,1
7496,1
74960,0
74961,1
74962,0
74963,0
74964,0
74965,0
74966,1
74967,0
74968,0
74969,1
7497,1
74970,0
74971,0
74972,1
74973,0
74974,1
74975,0
74976,1
74977,0
74978,1
74979,0
7498,1
74980,0
74981,1
74982,0
74983,1
74984,1
74985,0
74986,0
74987,0
74988,0
74989,0
7499,1
74990,0
74991,0
74992,0
74993,0
74994,1
74995,1
74996,0
74997,0
74998,1
74999,0
75,1
750,1
7500,1
75000,0
75001,1
75002,0
75003,1
75004,1
75005,0
75006,1
75007,1
75008,0
75009,0
7501,1
75010,0
75011,0
75012,0
75013,0
75014,1
75015,0
75016,0
75017,0
75018,1
75019,1
7502,1
75020,0
75021,1
75022,1
75023,1
75024,0
75025,0
75026,0
75027,1
75028,0
75029,0
7503,1
75030,1
75031,0
75032,0
75033,1
75034,0
75035,0
75036,0
75037,0
75038,0
75039,0
7504,1
75040,0
75041,0
75042,0
75043,0
75044,1
75045,0
75046,1
75047,0
75048,0
75049,0
7505,1
75050,0
75051,1
75052,1
75053,1
75054,0
75055,1
75056,0
75057,0
75058,1
75059,1
7506,1
75060,1
75061,1
75062,0
75063,0
75064,1
75065,0
75066,1
75067,0
75068,0
75069,1
7507,1
75070,0
75071,1
75072,1
75073,1
75074,0
75075,1
75076,1
75077,1
75078,0
75079,1
7508,1
75080,1
75081,1
75082,1
75083,1
75084,0
75085,0
75086,0
75087,0
75088,1
75089,1
7509,1
75090,1
75091,0
75092,0
75093,0
75094,0
75095,1
75096,0
75097,0
75098,0
75099,1
751,1
7510,1
75100,1
75101,1
75102,0
75103,0
75104,1
75105,0
75106,0
75107,0
75108,0
75109,0
7511,1
75110,0
75111,1
75112,0
75113,0
75114,0
75115,1
75116,1
75117,1
75118,0
75119,1
7512,1
75120,1
75121,1
75122,0
75123,1
75124,0
75125,1
75126,0
75127,1
75128,1
75129,0
7513,1
75130,0
75131,0
75132,0
75133,0
75134,0
75135,1
75136,1
75137,0
75138,0
75139,0
7514,1
75140,1
75141,0
75142,1
75143,0
75144,1
75145,1
75146,0
75147,1
75148,0
75149,0
7515,1
75150,0
75151,1
75152,0
75153,0
75154,0
75155,0
75156,1
75157,0
75158,1
75159,1
7516,1
75160,1
75161,1
75162,0
75163,0
75164,0
75165,0
75166,0
75167,0
75168,0
75169,1
7517,1
75170,1
75171,0
75172,0
75173,1
75174,0
75175,1
75176,0
75177,1
75178,1
75179,1
7518,1
75180,0
75181,1
75182,0
75183,0
75184,0
75185,1
75186,0
75187,0
75188,0
75189,0
7519,1
75190,0
75191,1
75192,1
75193,0
75194,1
75195,1
75196,0
75197,0
75198,1
75199,1
752,1
7520,1
75200,0
75201,0
75202,0
75203,0
75204,1
75205,0
75206,0
75207,1
75208,0
75209,1
7521,1
75210,0
75211,1
75212,1
75213,1
75214,0
75215,1
75216,1
75217,1
75218,0
75219,0
7522,1
75220,0
75221,0
75222,1
75223,0
75224,0
75225,0
75226,0
75227,1
75228,0
75229,0
7523,1
75230,0
75231,0
75232,0
75233,0
75234,0
75235,0
75236,0
75237,1
75238,1
75239,1
7524,1
75240,1
75241,1
75242,0
75243,0
75244,0
75245,0
75246,1
75247,0
75248,0
75249,0
7525,1
75250,1
75251,1
75252,0
75253,0
75254,0
75255,0
75256,0
75257,0
75258,0
75259,0
7526,1
75260,0
75261,1
75262,0
75263,1
75264,0
75265,0
75266,1
75267,0
75268,1
75269,0
7527,1
75270,1
75271,0
75272,0
75273,1
75274,0
75275,0
75276,1
75277,1
75278,0
75279,1
7528,1
75280,0
75281,1
75282,0
75283,1
75284,0
75285,0
75286,1
75287,0
75288,0
75289,1
7529,1
75290,1
75291,1
75292,1
75293,0
75294,0
75295,1
75296,1
75297,0
75298,1
75299,1
753,1
7530,1
75300,1
75301,0
75302,0
75303,0
75304,0
75305,1
75306,0
75307,1
75308,0
75309,1
7531,1
75310,0
75311,0
75312,1
75313,1
75314,0
75315,1
75316,0
75317,1
75318,1
75319,0
7532,1
75320,0
75321,0
75322,1
75323,0
75324,0
75325,0
75326,0
75327,0
75328,0
75329,1
7533,1
75330,0
75331,0
75332,0
75333,0
75334,0
75335,0
75336,0
75337,0
75338,0
75339,1
7534,0
75340,0
75341,0
75342,1
75343,1
75344,0
75345,1
75346,1
75347,1
75348,0
75349,1
7535,1
75350,0
75351,0
75352,1
75353,0
75354,1
75355,0
75356,1
75357,1
75358,0
75359,0
7536,1
75360,0
75361,0
75362,0
75363,0
75364,0
75365,1
75366,0
75367,0
75368,0
75369,1
7537,1
75370,1
75371,1
75372,0
75373,0
75374,0
75375,0
75376,1
75377,0
75378,0
75379,0
7538,1
75380,0
75381,0
75382,0
75383,0
75384,0
75385,0
75386,0
75387,1
75388,0
75389,1
7539,1
75390,1
75391,1
75392,0
75393,0
75394,0
75395,0
75396,1
75397,0
75398,0
75399,0
754,1
7540,1
75400,0
75401,0
75402,0
75403,1
75404,0
75405,0
75406,0
75407,0
75408,0
75409,1
7541,1
75410,0
75411,0
75412,0
75413,0
75414,0
75415,0
75416,0
75417,0
75418,0
75419,0
7542,1
75420,1
75421,0
75422,0
75423,0
75424,1
75425,0
75426,0
75427,0
75428,1
75429,0
7543,1
75430,1
75431,0
75432,0
75433,0
75434,1
75435,1
75436,1
75437,1
75438,0
75439,1
7544,1
75440,0
75441,0
75442,1
75443,0
75444,0
75445,1
75446,0
75447,0
75448,1
75449,1
7545,1
75450,1
75451,0
75452,0
75453,0
75454,0
75455,0
75456,0
75457,1
75458,0
75459,0
7546,1
75460,1
75461,0
75462,0
75463,1
75464,1
75465,1
75466,0
75467,0
75468,0
75469,1
7547,1
75470,1
75471,0
75472,0
75473,0
75474,1
75475,0
75476,0
75477,0
75478,0
75479,1
7548,1
75480,0
75481,0
75482,0
75483,0
75484,1
75485,0
75486,1
75487,0
75488,0
75489,0
7549,1
75490,0
75491,0
75492,0
75493,0
75494,1
75495,0
75496,0
75497,0
75498,1
75499,1
755,1
7550,1
75500,1
75501,0
75502,0
75503,0
75504,0
75505,0
75506,0
75507,1
75508,1
75509,1
7551,1
75510,1
75511,0
75512,0
75513,0
75514,0
75515,0
75516,0
75517,1
75518,0
75519,0
7552,1
75520,0
75521,0
75522,0
75523,0
75524,1
75525,1
75526,0
75527,0
75528,1
75529,0
7553,1
75530,0
75531,0
75532,0
75533,1
75534,0
75535,0
75536,1
75537,0
75538,1
75539,1
7554,1
75540,0
75541,0
75542,0
75543,0
75544,1
75545,1
75546,1
75547,0
75548,1
75549,0
7555,1
75550,0
75551,0
75552,1
75553,0
75554,1
75555,0
75556,1
75557,0
75558,0
75559,0
7556,1
75560,1
75561,0
75562,1
75563,0
75564,1
75565,0
75566,1
75567,0
75568,0
75569,0
7557,1
75570,1
75571,1
75572,1
75573,0
75574,1
75575,0
75576,0
75577,1
75578,1
75579,0
7558,1
75580,0
75581,1
75582,0
75583,0
75584,0
75585,0
75586,1
75587,0
75588,1
75589,1
7559,1
75590,1
75591,0
75592,0
75593,1
75594,1
75595,1
75596,1
75597,1
75598,0
75599,0
756,1
7560,1
75600,1
75601,1
75602,0
75603,0
75604,0
75605,1
75606,0
75607,1
75608,1
75609,0
7561,1
75610,0
75611,0
75612,1
75613,1
75614,1
75615,0
75616,0
75617,0
75618,1
75619,0
7562,1
75620,0
75621,1
75622,0
75623,1
75624,1
75625,0
75626,0
75627,1
75628,0
75629,1
7563,1
75630,0
75631,0
75632,0
75633,1
75634,0
75635,0
75636,1
75637,0
75638,1
75639,0
7564,1
75640,0
75641,1
75642,0
75643,0
75644,1
75645,0
75646,0
75647,0
75648,1
75649,0
7565,1
75650,0
75651,1
75652,0
75653,0
75654,1
75655,1
75656,0
75657,0
75658,1
75659,1
7566,1
75660,1
75661,1
75662,0
75663,0
75664,0
75665,1
75666,1
75667,0
75668,0
75669,1
7567,1
75670,1
75671,0
75672,1
75673,0
75674,1
75675,1
75676,0
75677,0
75678,1
75679,0
7568,1
75680,0
75681,0
75682,1
75683,1
75684,0
75685,0
75686,0
75687,1
75688,0
75689,1
7569,1
75690,1
75691,1
75692,1
75693,0
75694,0
75695,0
75696,0
75697,0
75698,0
75699,1
757,1
7570,1
75700,0
75701,0
75702,0
75703,0
75704,1
75705,1
75706,1
75707,1
75708,0
75709,0
7571,1
75710,0
75711,0
75712,1
75713,0
75714,1
75715,0
75716,0
75717,0
75718,0
75719,0
7572,1
75720,0
75721,0
75722,0
75723,0
75724,0
75725,0
75726,0
75727,0
75728,0
75729,0
7573,1
75730,1
75731,0
75732,1
75733,1
75734,0
75735,0
75736,0
75737,0
75738,0
75739,1
7574,1
75740,0
75741,0
75742,1
75743,0
75744,0
75745,0
75746,0
75747,1
75748,1
75749,0
7575,1
75750,0
75751,1
75752,1
75753,0
75754,0
75755,0
75756,0
75757,0
75758,0
75759,0
7576,1
75760,1
75761,0
75762,0
75763,1
75764,0
75765,0
75766,1
75767,0
75768,0
75769,0
7577,1
75770,0
75771,1
75772,0
75773,0
75774,0
75775,1
75776,0
75777,0
75778,1
75779,1
7578,1
75780,1
75781,1
75782,0
75783,0
75784,1
75785,0
75786,0
75787,0
75788,0
75789,0
7579,1
75790,0
75791,1
75792,1
75793,1
75794,0
75795,0
75796,0
75797,0
75798,0
75799,0
758,1
7580,1
75800,0
75801,0
75802,0
75803,0
75804,1
75805,0
75806,0
75807,0
75808,0
75809,0
7581,1
75810,1
75811,1
75812,1
75813,1
75814,1
75815,1
75816,1
75817,1
75818,1
75819,0
7582,1
75820,1
75821,1
75822,1
75823,0
75824,1
75825,0
75826,0
75827,1
75828,0
75829,0
7583,1
75830,1
75831,1
75832,0
75833,1
75834,1
75835,0
75836,0
75837,0
75838,0
75839,0
7584,1
75840,0
75841,1
75842,1
75843,1
75844,0
75845,0
75846,0
75847,1
75848,0
75849,0
7585,1
75850,0
75851,0
75852,1
75853,0
75854,0
75855,0
75856,0
75857,0
75858,1
75859,1
7586,1
75860,1
75861,1
75862,1
75863,0
75864,0
75865,0
75866,0
75867,1
75868,0
75869,0
7587,1
75870,1
75871,0
75872,1
75873,0
75874,0
75875,0
75876,0
75877,0
75878,0
75879,0
7588,1
75880,0
75881,0
75882,0
75883,0
75884,1
75885,1
75886,0
75887,1
75888,0
75889,1
7589,1
75890,0
75891,0
75892,0
75893,0
75894,0
75895,1
75896,1
75897,0
75898,1
75899,0
759,1
7590,1
75900,0
75901,0
75902,1
75903,0
75904,0
75905,0
75906,1
75907,0
75908,1
75909,0
7591,1
75910,1
75911,0
75912,1
75913,1
75914,1
75915,1
75916,1
75917,1
75918,1
75919,1
7592,1
75920,0
75921,1
75922,0
75923,1
75924,0
75925,0
75926,0
75927,0
75928,0
75929,1
7593,1
75930,1
75931,0
75932,0
75933,1
75934,0
75935,0
75936,0
75937,1
75938,0
75939,0
7594,1
75940,0
75941,1
75942,0
75943,0
75944,0
75945,0
75946,0
75947,1
75948,0
75949,1
7595,1
75950,0
75951,0
75952,0
75953,0
75954,0
75955,0
75956,0
75957,0
75958,1
75959,0
7596,1
75960,0
75961,0
75962,1
75963,0
75964,0
75965,1
75966,0
75967,1
75968,1
75969,1
7597,1
75970,1
75971,0
75972,0
75973,0
75974,1
75975,0
75976,0
75977,0
75978,0
75979,1
7598,1
75980,0
75981,0
75982,0
75983,1
75984,1
75985,0
75986,0
75987,0
75988,0
75989,0
7599,1
75990,0
75991,0
75992,1
75993,1
75994,1
75995,1
75996,0
75997,1
75998,0
75999,0
76,1
760,1
7600,1
76000,0
76001,0
76002,1
76003,0
76004,0
76005,0
76006,1
76007,1
76008,1
76009,0
7601,1
76010,1
76011,1
76012,0
76013,0
76014,0
76015,1
76016,0
76017,0
76018,0
76019,0
7602,1
76020,0
76021,0
76022,0
76023,0
76024,0
76025,1
76026,0
76027,0
76028,0
76029,0
7603,1
76030,1
76031,0
76032,0
76033,0
76034,0
76035,0
76036,0
76037,0
76038,1
76039,0
7604,1
76040,0
76041,1
76042,0
76043,1
76044,1
76045,0
76046,0
76047,1
76048,1
76049,0
7605,1
76050,0
76051,0
76052,1
76053,1
76054,0
76055,0
76056,0
76057,1
76058,1
76059,1
7606,1
76060,0
76061,1
76062,0
76063,0
76064,0
76065,0
76066,1
76067,1
76068,0
76069,1
7607,1
76070,0
76071,1
76072,0
76073,1
76074,1
76075,1
76076,0
76077,1
76078,1
76079,1
7608,1
76080,0
76081,1
76082,1
76083,1
76084,0
76085,0
76086,0
76087,0
76088,0
76089,0
7609,1
76090,1
76091,0
76092,1
76093,0
76094,0
76095,1
76096,0
76097,0
76098,0
76099,0
761,1
7610,1
76100,1
76101,0
76102,0
76103,1
76104,0
76105,1
76106,0
76107,0
76108,0
76109,0
7611,1
76110,1
76111,0
76112,1
76113,1
76114,1
76115,0
76116,1
76117,1
76118,1
76119,0
7612,1
76120,0
76121,1
76122,1
76123,1
76124,1
76125,1
76126,1
76127,1
76128,1
76129,1
7613,1
76130,0
76131,0
76132,0
76133,0
76134,0
76135,1
76136,0
76137,0
76138,0
76139,1
7614,1
76140,1
76141,1
76142,0
76143,1
76144,1
76145,0
76146,1
76147,1
76148,0
76149,0
7615,1
76150,0
76151,0
76152,0
76153,0
76154,0
76155,0
76156,0
76157,0
76158,0
76159,0
7616,1
76160,0
76161,1
76162,1
76163,0
76164,1
76165,0
76166,1
76167,0
76168,1
76169,0
7617,1
76170,1
76171,1
76172,0
76173,1
76174,0
76175,0
76176,1
76177,1
76178,1
76179,0
7618,1
76180,0
76181,0
76182,0
76183,0
76184,0
76185,1
76186,0
76187,1
76188,0
76189,0
7619,1
76190,1
76191,0
76192,1
76193,1
76194,1
76195,0
76196,1
76197,0
76198,0
76199,1
762,1
7620,1
76200,1
76201,0
76202,0
76203,0
76204,1
76205,0
76206,0
76207,0
76208,1
76209,0
7621,1
76210,0
76211,0
76212,1
76213,0
76214,1
76215,1
76216,0
76217,1
76218,0
76219,0
7622,1
76220,1
76221,0
76222,0
76223,0
76224,0
76225,1
76226,1
76227,1
76228,0
76229,0
7623,1
76230,0
76231,0
76232,1
76233,0
76234,1
76235,1
76236,1
76237,1
76238,0
76239,0
7624,1
76240,1
76241,0
76242,0
76243,0
76244,0
76245,0
76246,0
76247,0
76248,0
76249,0
7625,1
76250,0
76251,1
76252,1
76253,0
76254,0
76255,0
76256,0
76257,0
76258,1
76259,0
7626,1
76260,0
76261,1
76262,0
76263,1
76264,0
76265,0
76266,0
76267,0
76268,1
76269,0
7627,1
76270,1
76271,0
76272,1
76273,0
76274,0
76275,1
76276,1
76277,0
76278,1
76279,0
7628,1
76280,0
76281,1
76282,0
76283,0
76284,1
76285,1
76286,0
76287,1
76288,0
76289,1
7629,1
76290,1
76291,0
76292,1
76293,1
76294,1
76295,0
76296,1
76297,1
76298,0
76299,0
763,1
7630,1
76300,0
76301,0
76302,0
76303,0
76304,1
76305,1
76306,1
76307,1
76308,1
76309,0
7631,1
76310,0
76311,0
76312,1
76313,0
76314,0
76315,0
76316,0
76317,0
76318,0
76319,1
7632,1
76320,0
76321,0
76322,0
76323,1
76324,0
76325,0
76326,0
76327,0
76328,1
76329,1
7633,1
76330,1
76331,0
76332,1
76333,0
76334,0
76335,0
76336,0
76337,1
76338,0
76339,0
7634,1
76340,0
76341,1
76342,1
76343,0
76344,0
76345,1
76346,0
76347,0
76348,1
76349,0
7635,1
76350,0
76351,0
76352,0
76353,1
76354,1
76355,0
76356,0
76357,0
76358,0
76359,0
7636,1
76360,1
76361,0
76362,0
76363,0
76364,0
76365,1
76366,1
76367,0
76368,0
76369,0
7637,1
76370,1
76371,1
76372,0
76373,0
76374,0
76375,0
76376,0
76377,0
76378,0
76379,0
7638,1
76380,1
76381,0
76382,0
76383,0
76384,0
76385,0
76386,1
76387,1
76388,0
76389,1
7639,1
76390,0
76391,1
76392,0
76393,1
76394,0
76395,1
76396,0
76397,0
76398,0
76399,0
764,1
7640,1
76400,0
76401,1
76402,0
76403,0
76404,0
76405,1
76406,0
76407,0
76408,0
76409,1
7641,1
76410,0
76411,0
76412,1
76413,0
76414,1
76415,0
76416,0
76417,0
76418,0
76419,0
7642,1
76420,0
76421,0
76422,1
76423,0
76424,0
76425,0
76426,1
76427,1
76428,0
76429,1
7643,1
76430,0
76431,1
76432,1
76433,0
76434,0
76435,1
76436,0
76437,0
76438,0
76439,1
7644,1
76440,0
76441,1
76442,0
76443,0
76444,1
76445,0
76446,0
76447,1
76448,0
76449,1
7645,1
76450,1
76451,1
76452,1
76453,0
76454,1
76455,0
76456,0
76457,0
76458,0
76459,0
7646,1
76460,1
76461,1
76462,0
76463,0
76464,0
76465,0
76466,1
76467,1
76468,0
76469,0
7647,1
76470,0
76471,0
76472,0
76473,0
76474,1
76475,1
76476,0
76477,0
76478,0
76479,0
7648,1
76480,0
76481,1
76482,1
76483,0
76484,1
76485,1
76486,0
76487,0
76488,0
76489,1
7649,1
76490,0
76491,0
76492,0
76493,0
76494,0
76495,0
76496,0
76497,0
76498,1
76499,0
765,1
7650,1
76500,0
76501,0
76502,1
76503,1
76504,0
76505,0
76506,1
76507,1
76508,1
76509,0
7651,1
76510,0
76511,0
76512,1
76513,1
76514,0
76515,0
76516,0
76517,0
76518,0
76519,0
7652,1
76520,0
76521,1
76522,1
76523,0
76524,1
76525,0
76526,0
76527,0
76528,1
76529,1
7653,1
76530,1
76531,0
76532,0
76533,1
76534,1
76535,0
76536,1
76537,0
76538,0
76539,0
7654,1
76540,1
76541,0
76542,1
76543,0
76544,0
76545,1
76546,1
76547,0
76548,0
76549,0
7655,1
76550,1
76551,1
76552,0
76553,0
76554,0
76555,1
76556,1
76557,1
76558,0
76559,1
7656,1
76560,1
76561,1
76562,0
76563,0
76564,1
76565,1
76566,0
76567,1
76568,0
76569,1
7657,1
76570,0
76571,1
76572,0
76573,0
76574,0
76575,1
76576,0
76577,0
76578,0
76579,1
7658,1
76580,0
76581,1
76582,0
76583,0
76584,0
76585,1
76586,0
76587,0
76588,0
76589,1
7659,1
76590,0
76591,0
76592,0
76593,0
76594,0
76595,0
76596,0
76597,1
76598,0
76599,0
766,1
7660,1
76600,0
76601,0
76602,1
76603,0
76604,0
76605,1
76606,0
76607,1
76608,0
76609,1
7661,1
76610,0
76611,0
76612,0
76613,1
76614,0
76615,0
76616,0
76617,1
76618,0
76619,0
7662,1
76620,1
76621,0
76622,0
76623,1
76624,1
76625,0
76626,0
76627,1
76628,1
76629,0
7663,1
76630,1
76631,1
76632,1
76633,0
76634,1
76635,0
76636,0
76637,0
76638,0
76639,0
7664,1
76640,0
76641,0
76642,0
76643,0
76644,0
76645,1
76646,0
76647,0
76648,1
76649,1
7665,1
76650,0
76651,1
76652,0
76653,0
76654,1
76655,0
76656,0
76657,0
76658,0
76659,0
7666,1
76660,0
76661,0
76662,0
76663,1
76664,0
76665,0
76666,1
76667,1
76668,0
76669,0
7667,1
76670,0
76671,0
76672,0
76673,0
76674,0
76675,0
76676,0
76677,0
76678,1
76679,1
7668,1
76680,0
76681,1
76682,0
76683,1
76684,1
76685,1
76686,1
76687,0
76688,0
76689,0
7669,1
76690,0
76691,0
76692,0
76693,1
76694,0
76695,0
76696,1
76697,0
76698,1
76699,1
767,1
7670,1
76700,0
76701,0
76702,0
76703,1
76704,0
76705,1
76706,0
76707,1
76708,0
76709,1
7671,1
76710,0
76711,1
76712,1
76713,0
76714,0
76715,1
76716,1
76717,0
76718,0
76719,0
7672,1
76720,1
76721,0
76722,0
76723,0
76724,0
76725,0
76726,1
76727,1
76728,1
76729,0
7673,1
76730,0
76731,1
76732,0
76733,0
76734,1
76735,0
76736,1
76737,1
76738,1
76739,0
7674,1
76740,0
76741,0
76742,1
76743,0
76744,0
76745,0
76746,0
76747,0
76748,1
76749,0
7675,1
76750,0
76751,0
76752,0
76753,0
76754,1
76755,0
76756,0
76757,0
76758,1
76759,0
7676,1
76760,0
76761,0
76762,0
76763,1
76764,0
76765,0
76766,1
76767,0
76768,1
76769,0
7677,1
76770,1
76771,0
76772,0
76773,1
76774,0
76775,1
76776,1
76777,0
76778,1
76779,1
7678,1
76780,0
76781,0
76782,0
76783,0
76784,0
76785,0
76786,0
76787,0
76788,1
76789,1
7679,1
76790,0
76791,0
76792,1
76793,1
76794,0
76795,1
76796,0
76797,0
76798,0
76799,0
768,1
7680,1
76800,0
76801,1
76802,0
76803,1
76804,1
76805,0
76806,0
76807,1
76808,1
76809,0
7681,1
76810,0
76811,0
76812,0
76813,0
76814,1
76815,1
76816,0
76817,1
76818,0
76819,0
7682,1
76820,0
76821,1
76822,1
76823,0
76824,0
76825,1
76826,0
76827,0
76828,0
76829,0
7683,1
76830,0
76831,0
76832,1
76833,1
76834,0
76835,0
76836,0
76837,1
76838,0
76839,1
7684,1
76840,0
76841,0
76842,0
76843,0
76844,0
76845,1
76846,0
76847,0
76848,1
76849,1
7685,1
76850,0
76851,1
76852,0
76853,1
76854,0
76855,1
76856,0
76857,1
76858,1
76859,1
7686,1
76860,1
76861,0
76862,1
76863,0
76864,0
76865,1
76866,0
76867,0
76868,0
76869,0
7687,1
76870,0
76871,1
76872,0
76873,0
76874,0
76875,0
76876,0
76877,1
76878,1
76879,0
7688,1
76880,0
76881,1
76882,1
76883,1
76884,0
76885,1
76886,0
76887,0
76888,1
76889,0
7689,1
76890,0
76891,0
76892,1
76893,0
76894,0
76895,0
76896,1
76897,0
76898,1
76899,0
769,1
7690,1
76900,0
76901,0
76902,1
76903,0
76904,0
76905,1
76906,0
76907,0
76908,0
76909,0
7691,1
76910,0
76911,0
76912,0
76913,0
76914,1
76915,1
76916,0
76917,1
76918,0
76919,0
7692,1
76920,1
76921,0
76922,1
76923,0
76924,1
76925,0
76926,0
76927,0
76928,1
76929,1
7693,1
76930,1
76931,1
76932,0
76933,0
76934,1
76935,0
76936,0
76937,1
76938,0
76939,1
7694,1
76940,1
76941,1
76942,0
76943,0
76944,1
76945,0
76946,1
76947,0
76948,0
76949,0
7695,1
76950,0
76951,1
76952,1
76953,1
76954,1
76955,1
76956,1
76957,0
76958,0
76959,0
7696,1
76960,1
76961,0
76962,0
76963,0
76964,1
76965,0
76966,0
76967,1
76968,1
76969,1
7697,1
76970,0
76971,1
76972,1
76973,0
76974,1
76975,1
76976,0
76977,1
76978,1
76979,0
7698,1
76980,0
76981,1
76982,0
76983,0
76984,0
76985,0
76986,1
76987,0
76988,0
76989,0
7699,1
76990,1
76991,0
76992,0
76993,1
76994,0
76995,1
76996,0
76997,0
76998,0
76999,1
77,1
770,1
7700,1
77000,1
77001,0
77002,0
77003,0
77004,1
77005,1
77006,0
77007,1
77008,1
77009,0
7701,1
77010,0
77011,1
77012,0
77013,0
77014,1
77015,1
77016,0
77017,0
77018,0
77019,0
7702,1
77020,0
77021,0
77022,0
77023,0
77024,1
77025,1
77026,0
77027,0
77028,0
77029,0
7703,1
77030,1
77031,0
77032,0
77033,0
77034,0
77035,0
77036,0
77037,0
77038,1
77039,1
7704,1
77040,0
77041,0
77042,0
77043,0
77044,1
77045,0
77046,0
77047,0
77048,0
77049,1
7705,1
77050,0
77051,0
77052,0
77053,0
77054,1
77055,1
77056,0
77057,1
77058,0
77059,0
7706,1
77060,0
77061,0
77062,0
77063,0
77064,1
77065,0
77066,0
77067,1
77068,0
77069,0
7707,1
77070,0
77071,1
77072,0
77073,1
77074,1
77075,0
77076,1
77077,0
77078,0
77079,0
7708,1
77080,0
77081,0
77082,0
77083,1
77084,1
77085,1
77086,1
77087,1
77088,0
77089,0
7709,1
77090,1
77091,0
77092,0
77093,0
77094,1
77095,0
77096,0
77097,1
77098,0
77099,0
771,1
7710,1
77100,0
77101,1
77102,0
77103,1
77104,1
77105,0
77106,1
77107,1
77108,0
77109,0
7711,1
77110,0
77111,0
77112,0
77113,0
77114,1
77115,0
77116,0
77117,1
77118,0
77119,0
7712,1
77120,0
77121,1
77122,0
77123,0
77124,0
77125,0
77126,0
77127,1
77128,1
77129,1
7713,1
77130,0
77131,1
77132,0
77133,0
77134,0
77135,0
77136,0
77137,1
77138,1
77139,1
7714,1
77140,0
77141,0
77142,0
77143,1
77144,0
77145,0
77146,1
77147,0
77148,1
77149,1
7715,1
77150,1
77151,1
77152,0
77153,0
77154,1
77155,0
77156,1
77157,0
77158,1
77159,0
7716,1
77160,1
77161,0
77162,0
77163,0
77164,0
77165,0
77166,0
77167,0
77168,0
77169,0
7717,1
77170,1
77171,1
77172,1
77173,1
77174,0
77175,0
77176,0
77177,1
77178,0
77179,0
7718,1
77180,0
77181,0
77182,1
77183,0
77184,1
77185,1
77186,1
77187,0
77188,0
77189,0
7719,1
77190,0
77191,0
77192,1
77193,0
77194,0
77195,1
77196,0
77197,1
77198,1
77199,0
772,0
7720,1
77200,1
77201,1
77202,0
77203,0
77204,1
77205,1
77206,0
77207,1
77208,0
77209,0
7721,1
77210,0
77211,1
77212,0
77213,1
77214,1
77215,0
77216,0
77217,0
77218,0
77219,1
7722,1
77220,1
77221,0
77222,1
77223,1
77224,0
77225,0
77226,1
77227,0
77228,0
77229,1
7723,1
77230,1
77231,1
77232,0
77233,0
77234,0
77235,1
77236,0
77237,1
77238,0
77239,1
7724,1
77240,0
77241,0
77242,0
77243,0
77244,0
77245,1
77246,1
77247,1
77248,1
77249,0
7725,1
77250,1
77251,0
77252,1
77253,0
77254,0
77255,0
77256,1
77257,0
77258,0
77259,0
7726,1
77260,0
77261,0
77262,0
77263,0
77264,0
77265,1
77266,0
77267,1
77268,0
77269,0
7727,1
77270,0
77271,0
77272,1
77273,0
77274,1
77275,0
77276,0
77277,0
77278,1
77279,0
7728,1
77280,0
77281,0
77282,1
77283,0
77284,0
77285,1
77286,0
77287,0
77288,1
77289,0
7729,1
77290,0
77291,0
77292,0
77293,0
77294,1
77295,0
77296,0
77297,1
77298,1
77299,0
773,1
7730,1
77300,0
77301,0
77302,0
77303,1
77304,0
77305,1
77306,1
77307,0
77308,0
77309,0
7731,1
77310,0
77311,0
77312,0
77313,0
77314,0
77315,1
77316,0
77317,0
77318,0
77319,0
7732,1
77320,1
77321,1
77322,1
77323,1
77324,0
77325,0
77326,0
77327,1
77328,1
77329,1
7733,1
77330,0
77331,1
77332,1
77333,0
77334,0
77335,0
77336,0
77337,1
77338,0
77339,0
7734,1
77340,0
77341,0
77342,0
77343,0
77344,0
77345,1
77346,1
77347,0
77348,1
77349,0
7735,1
77350,0
77351,1
77352,1
77353,1
77354,0
77355,0
77356,1
77357,0
77358,1
77359,0
7736,1
77360,1
77361,1
77362,0
77363,1
77364,1
77365,0
77366,0
77367,0
77368,0
77369,0
7737,1
77370,0
77371,0
77372,0
77373,0
77374,0
77375,0
77376,1
77377,0
77378,1
77379,0
7738,1
77380,1
77381,0
77382,0
77383,1
77384,0
77385,0
77386,0
77387,0
77388,1
77389,0
7739,1
77390,1
77391,0
77392,0
77393,0
77394,0
77395,0
77396,0
77397,0
77398,1
77399,0
774,1
7740,1
77400,0
77401,0
77402,1
77403,0
77404,0
77405,1
77406,1
77407,0
77408,1
77409,0
7741,1
77410,1
77411,1
77412,1
77413,0
77414,0
77415,0
77416,0
77417,0
77418,1
77419,1
7742,1
77420,1
77421,0
77422,0
77423,1
77424,1
77425,1
77426,1
77427,1
77428,0
77429,1
7743,1
77430,0
77431,0
77432,0
77433,0
77434,1
77435,0
77436,0
77437,0
77438,1
77439,0
7744,1
77440,0
77441,1
77442,1
77443,0
77444,0
77445,1
77446,0
77447,1
77448,0
77449,0
7745,1
77450,0
77451,0
77452,1
77453,0
77454,0
77455,0
77456,1
77457,0
77458,0
77459,0
7746,1
77460,0
77461,0
77462,0
77463,1
77464,1
77465,0
77466,0
77467,1
77468,1
77469,1
7747,1
77470,0
77471,1
77472,0
77473,1
77474,1
77475,0
77476,0
77477,0
77478,0
77479,1
7748,1
77480,0
77481,1
77482,0
77483,1
77484,0
77485,0
77486,0
77487,1
77488,0
77489,0
7749,1
77490,1
77491,0
77492,0
77493,1
77494,0
77495,1
77496,1
77497,0
77498,1
77499,0
775,1
7750,1
77500,0
77501,1
77502,0
77503,0
77504,0
77505,1
77506,1
77507,0
77508,0
77509,0
7751,1
77510,0
77511,0
77512,1
77513,0
77514,1
77515,0
77516,0
77517,1
77518,1
77519,1
7752,1
77520,0
77521,1
77522,0
77523,1
77524,1
77525,1
77526,1
77527,1
77528,1
77529,0
7753,1
77530,0
77531,0
77532,0
77533,0
77534,0
77535,0
77536,1
77537,1
77538,0
77539,1
7754,1
77540,1
77541,1
77542,0
77543,0
77544,0
77545,1
77546,1
77547,0
77548,0
77549,1
7755,1
77550,0
77551,1
77552,0
77553,0
77554,0
77555,0
77556,0
77557,1
77558,1
77559,1
7756,1
77560,0
77561,1
77562,0
77563,0
77564,0
77565,0
77566,1
77567,1
77568,1
77569,0
7757,1
77570,0
77571,0
77572,0
77573,1
77574,0
77575,0
77576,0
77577,0
77578,0
77579,0
7758,1
77580,0
77581,1
77582,1
77583,0
77584,0
77585,0
77586,0
77587,1
77588,1
77589,1
7759,1
77590,0
77591,0
77592,0
77593,0
77594,0
77595,0
77596,0
77597,0
77598,0
77599,0
776,1
7760,1
77600,1
77601,1
77602,0
77603,1
77604,1
77605,0
77606,0
77607,1
77608,0
77609,0
7761,1
77610,0
77611,0
77612,1
77613,0
77614,0
77615,1
77616,0
77617,0
77618,0
77619,0
7762,1
77620,0
77621,1
77622,0
77623,0
77624,0
77625,0
77626,0
77627,0
77628,1
77629,0
7763,1
77630,0
77631,1
77632,1
77633,1
77634,0
77635,0
77636,1
77637,1
77638,0
77639,0
7764,1
77640,1
77641,0
77642,0
77643,1
77644,0
77645,0
77646,1
77647,1
77648,1
77649,0
7765,1
77650,0
77651,1
77652,0
77653,1
77654,1
77655,0
77656,1
77657,0
77658,0
77659,0
7766,1
77660,0
77661,0
77662,0
77663,0
77664,0
77665,1
77666,1
77667,1
77668,0
77669,0
7767,1
77670,1
77671,0
77672,1
77673,0
77674,0
77675,0
77676,0
77677,0
77678,1
77679,1
7768,1
77680,0
77681,1
77682,0
77683,1
77684,0
77685,1
77686,0
77687,1
77688,1
77689,0
7769,1
77690,0
77691,0
77692,0
77693,0
77694,0
77695,1
77696,0
77697,0
77698,0
77699,1
777,1
7770,1
77700,1
77701,1
77702,1
77703,1
77704,1
77705,0
77706,1
77707,0
77708,0
77709,1
7771,1
77710,0
77711,0
77712,1
77713,0
77714,0
77715,0
77716,0
77717,0
77718,0
77719,1
7772,1
77720,0
77721,1
77722,0
77723,0
77724,0
77725,0
77726,1
77727,0
77728,1
77729,0
7773,1
77730,0
77731,1
77732,0
77733,0
77734,1
77735,0
77736,1
77737,0
77738,1
77739,0
7774,1
77740,1
77741,0
77742,0
77743,1
77744,1
77745,0
77746,1
77747,1
77748,0
77749,0
7775,1
77750,0
77751,0
77752,0
77753,1
77754,0
77755,1
77756,1
77757,0
77758,1
77759,0
7776,1
77760,0
77761,1
77762,0
77763,0
77764,1
77765,0
77766,0
77767,0
77768,1
77769,1
7777,1
77770,1
77771,1
77772,1
77773,1
77774,1
77775,0
77776,0
77777,0
77778,0
77779,1
7778,1
77780,0
77781,1
77782,0
77783,1
77784,0
77785,0
77786,0
77787,0
77788,1
77789,0
7779,1
77790,0
77791,1
77792,0
77793,0
77794,1
77795,0
77796,1
77797,0
77798,1
77799,0
778,1
7780,1
77800,0
77801,1
77802,1
77803,0
77804,0
77805,0
77806,0
77807,0
77808,0
77809,0
7781,1
77810,1
77811,0
77812,0
77813,1
77814,0
77815,0
77816,1
77817,1
77818,1
77819,0
7782,1
77820,0
77821,1
77822,1
77823,1
77824,0
77825,0
77826,0
77827,0
77828,1
77829,1
7783,1
77830,1
77831,0
77832,1
77833,0
77834,0
77835,1
77836,0
77837,0
77838,1
77839,0
7784,1
77840,0
77841,0
77842,0
77843,0
77844,0
77845,1
77846,1
77847,1
77848,0
77849,0
7785,1
77850,0
77851,1
77852,1
77853,0
77854,1
77855,1
77856,0
77857,0
77858,0
77859,0
7786,1
77860,1
77861,0
77862,0
77863,0
77864,0
77865,0
77866,0
77867,0
77868,1
77869,0
7787,1
77870,1
77871,0
77872,0
77873,0
77874,1
77875,1
77876,1
77877,0
77878,0
77879,0
7788,1
77880,1
77881,0
77882,0
77883,0
77884,1
77885,0
77886,0
77887,0
77888,1
77889,0
7789,1
77890,0
77891,1
77892,0
77893,1
77894,1
77895,0
77896,1
77897,0
77898,0
77899,0
779,1
7790,1
77900,0
77901,0
77902,1
77903,1
77904,0
77905,1
77906,0
77907,0
77908,0
77909,1
7791,1
77910,0
77911,0
77912,1
77913,1
77914,0
77915,1
77916,1
77917,1
77918,0
77919,0
7792,1
77920,0
77921,1
77922,1
77923,1
77924,0
77925,0
77926,1
77927,1
77928,0
77929,0
7793,1
77930,0
77931,0
77932,0
77933,0
77934,0
77935,1
77936,0
77937,0
77938,1
77939,0
7794,1
77940,0
77941,0
77942,0
77943,0
77944,0
77945,0
77946,1
77947,0
77948,1
77949,0
7795,1
77950,0
77951,0
77952,1
77953,0
77954,0
77955,0
77956,1
77957,0
77958,0
77959,1
7796,1
77960,0
77961,0
77962,0
77963,0
77964,0
77965,0
77966,1
77967,1
77968,0
77969,0
7797,1
77970,0
77971,0
77972,1
77973,1
77974,1
77975,0
77976,0
77977,0
77978,0
77979,0
7798,1
77980,1
77981,0
77982,1
77983,0
77984,1
77985,0
77986,1
77987,0
77988,1
77989,1
7799,1
77990,0
77991,1
77992,1
77993,1
77994,0
77995,1
77996,1
77997,0
77998,1
77999,0
78,1
780,1
7800,1
78000,0
78001,0
78002,1
78003,1
78004,0
78005,0
78006,1
78007,0
78008,0
78009,1
7801,1
78010,0
78011,0
78012,0
78013,0
78014,0
78015,1
78016,0
78017,0
78018,0
78019,1
7802,1
78020,0
78021,0
78022,0
78023,1
78024,1
78025,1
78026,0
78027,0
78028,0
78029,0
7803,1
78030,0
78031,0
78032,0
78033,0
78034,0
78035,0
78036,1
78037,1
78038,0
78039,0
7804,1
78040,0
78041,0
78042,0
78043,1
78044,0
78045,1
78046,0
78047,0
78048,0
78049,1
7805,1
78050,0
78051,0
78052,0
78053,0
78054,1
78055,1
78056,1
78057,1
78058,1
78059,0
7806,1
78060,0
78061,0
78062,1
78063,0
78064,0
78065,0
78066,0
78067,1
78068,0
78069,0
7807,1
78070,1
78071,0
78072,0
78073,1
78074,1
78075,1
78076,0
78077,1
78078,0
78079,0
7808,1
78080,0
78081,1
78082,1
78083,1
78084,0
78085,0
78086,0
78087,0
78088,0
78089,0
7809,1
78090,0
78091,0
78092,0
78093,0
78094,1
78095,0
78096,0
78097,0
78098,1
78099,1
781,1
7810,1
78100,0
78101,0
78102,1
78103,1
78104,0
78105,0
78106,0
78107,0
78108,1
78109,0
7811,1
78110,1
78111,1
78112,0
78113,1
78114,1
78115,0
78116,0
78117,0
78118,1
78119,0
7812,1
78120,1
78121,0
78122,1
78123,1
78124,1
78125,0
78126,0
78127,1
78128,0
78129,0
7813,1
78130,1
78131,0
78132,0
78133,0
78134,1
78135,0
78136,0
78137,0
78138,0
78139,0
7814,1
78140,0
78141,1
78142,0
78143,0
78144,1
78145,0
78146,0
78147,1
78148,1
78149,0
7815,1
78150,0
78151,0
78152,0
78153,0
78154,0
78155,0
78156,0
78157,0
78158,1
78159,1
7816,1
78160,1
78161,0
78162,0
78163,1
78164,1
78165,1
78166,1
78167,1
78168,0
78169,0
7817,1
78170,0
78171,0
78172,1
78173,0
78174,0
78175,0
78176,0
78177,1
78178,1
78179,0
7818,1
78180,0
78181,1
78182,1
78183,0
78184,0
78185,0
78186,0
78187,0
78188,0
78189,0
7819,1
78190,0
78191,0
78192,0
78193,0
78194,0
78195,1
78196,1
78197,0
78198,1
78199,0
782,1
7820,1
78200,1
78201,1
78202,0
78203,1
78204,0
78205,1
78206,0
78207,0
78208,0
78209,0
7821,1
78210,0
78211,0
78212,1
78213,1
78214,1
78215,1
78216,1
78217,0
78218,1
78219,1
7822,1
78220,1
78221,0
78222,0
78223,1
78224,0
78225,0
78226,0
78227,1
78228,0
78229,0
7823,1
78230,0
78231,0
78232,1
78233,0
78234,1
78235,1
78236,1
78237,0
78238,0
78239,0
7824,1
78240,0
78241,0
78242,1
78243,1
78244,1
78245,0
78246,0
78247,0
78248,0
78249,0
7825,1
78250,0
78251,0
78252,0
78253,0
78254,0
78255,1
78256,0
78257,1
78258,1
78259,0
7826,1
78260,0
78261,0
78262,1
78263,0
78264,0
78265,0
78266,0
78267,0
78268,0
78269,1
7827,1
78270,0
78271,0
78272,0
78273,0
78274,0
78275,0
78276,0
78277,0
78278,0
78279,0
7828,1
78280,0
78281,0
78282,1
78283,0
78284,0
78285,0
78286,0
78287,0
78288,0
78289,1
7829,1
78290,0
78291,0
78292,0
78293,0
78294,1
78295,1
78296,0
78297,0
78298,0
78299,0
783,1
7830,1
78300,0
78301,0
78302,0
78303,0
78304,0
78305,1
78306,1
78307,0
78308,1
78309,1
7831,1
78310,0
78311,1
78312,0
78313,0
78314,0
78315,0
78316,0
78317,1
78318,0
78319,0
7832,1
78320,0
78321,1
78322,0
78323,1
78324,0
78325,1
78326,1
78327,0
78328,1
78329,1
7833,1
78330,0
78331,0
78332,0
78333,0
78334,1
78335,1
78336,1
78337,0
78338,1
78339,0
7834,1
78340,1
78341,0
78342,0
78343,0
78344,0
78345,1
78346,0
78347,1
78348,0
78349,1
7835,1
78350,0
78351,0
78352,1
78353,0
78354,1
78355,1
78356,1
78357,1
78358,1
78359,1
7836,1
78360,0
78361,0
78362,0
78363,1
78364,1
78365,0
78366,1
78367,0
78368,0
78369,0
7837,1
78370,0
78371,1
78372,0
78373,0
78374,0
78375,0
78376,0
78377,0
78378,1
78379,0
7838,1
78380,0
78381,0
78382,0
78383,0
78384,0
78385,1
78386,0
78387,0
78388,0
78389,1
7839,1
78390,0
78391,1
78392,0
78393,0
78394,0
78395,0
78396,0
78397,1
78398,0
78399,0
784,1
7840,1
78400,0
78401,0
78402,1
78403,1
78404,0
78405,1
78406,1
78407,0
78408,0
78409,1
7841,1
78410,1
78411,1
78412,1
78413,0
78414,0
78415,0
78416,1
78417,0
78418,0
78419,0
7842,1
78420,0
78421,0
78422,0
78423,1
78424,1
78425,0
78426,1
78427,0
78428,1
78429,0
7843,1
78430,1
78431,1
78432,0
78433,0
78434,0
78435,0
78436,1
78437,1
78438,0
78439,1
7844,1
78440,0
78441,0
78442,0
78443,1
78444,1
78445,1
78446,0
78447,0
78448,0
78449,0
7845,1
78450,0
78451,1
78452,1
78453,1
78454,0
78455,1
78456,1
78457,0
78458,1
78459,1
7846,1
78460,1
78461,0
78462,0
78463,0
78464,1
78465,0
78466,1
78467,1
78468,0
78469,1
7847,1
78470,1
78471,0
78472,0
78473,1
78474,0
78475,0
78476,0
78477,0
78478,0
78479,0
7848,1
78480,1
78481,0
78482,0
78483,0
78484,1
78485,0
78486,0
78487,0
78488,1
78489,0
7849,1
78490,1
78491,0
78492,1
78493,1
78494,1
78495,0
78496,0
78497,1
78498,0
78499,0
785,0
7850,1
78500,0
78501,0
78502,1
78503,0
78504,0
78505,0
78506,1
78507,0
78508,0
78509,0
7851,1
78510,1
78511,1
78512,0
78513,0
78514,0
78515,0
78516,0
78517,1
78518,0
78519,0
7852,1
78520,0
78521,0
78522,0
78523,0
78524,0
78525,1
78526,1
78527,0
78528,1
78529,1
7853,1
78530,1
78531,0
78532,0
78533,0
78534,0
78535,0
78536,0
78537,0
78538,1
78539,0
7854,1
78540,1
78541,1
78542,0
78543,0
78544,0
78545,1
78546,0
78547,1
78548,0
78549,0
7855,1
78550,0
78551,1
78552,0
78553,1
78554,1
78555,0
78556,0
78557,0
78558,0
78559,0
7856,1
78560,0
78561,0
78562,1
78563,0
78564,0
78565,0
78566,1
78567,1
78568,0
78569,1
7857,1
78570,0
78571,0
78572,0
78573,0
78574,0
78575,0
78576,0
78577,0
78578,1
78579,0
7858,1
78580,0
78581,1
78582,0
78583,1
78584,0
78585,0
78586,0
78587,0
78588,0
78589,1
7859,1
78590,1
78591,0
78592,1
78593,0
78594,0
78595,1
78596,1
78597,1
78598,1
78599,0
786,1
7860,1
78600,1
78601,1
78602,0
78603,1
78604,0
78605,0
78606,0
78607,0
78608,0
78609,1
7861,1
78610,0
78611,0
78612,0
78613,0
78614,0
78615,1
78616,0
78617,1
78618,0
78619,0
7862,1
78620,0
78621,0
78622,0
78623,0
78624,1
78625,1
78626,1
78627,1
78628,0
78629,0
7863,1
78630,0
78631,0
78632,0
78633,0
78634,1
78635,1
78636,1
78637,0
78638,1
78639,0
7864,1
78640,1
78641,1
78642,1
78643,0
78644,1
78645,0
78646,1
78647,0
78648,0
78649,1
7865,1
78650,0
78651,1
78652,1
78653,1
78654,0
78655,0
78656,1
78657,0
78658,0
78659,0
7866,1
78660,0
78661,0
78662,0
78663,0
78664,0
78665,1
78666,1
78667,0
78668,0
78669,0
7867,1
78670,1
78671,1
78672,0
78673,0
78674,0
78675,0
78676,0
78677,0
78678,1
78679,1
7868,1
78680,1
78681,0
78682,0
78683,0
78684,0
78685,0
78686,0
78687,0
78688,1
78689,0
7869,1
78690,1
78691,1
78692,1
78693,0
78694,0
78695,1
78696,1
78697,1
78698,0
78699,1
787,1
7870,1
78700,1
78701,1
78702,0
78703,0
78704,0
78705,0
78706,0
78707,0
78708,1
78709,0
7871,1
78710,0
78711,1
78712,0
78713,1
78714,0
78715,1
78716,1
78717,1
78718,0
78719,0
7872,1
78720,0
78721,0
78722,1
78723,1
78724,0
78725,0
78726,1
78727,0
78728,0
78729,0
7873,1
78730,0
78731,0
78732,0
78733,0
78734,1
78735,1
78736,0
78737,0
78738,1
78739,1
7874,1
78740,1
78741,0
78742,0
78743,0
78744,0
78745,1
78746,0
78747,0
78748,0
78749,0
7875,1
78750,0
78751,0
78752,0
78753,0
78754,1
78755,0
78756,1
78757,0
78758,1
78759,0
7876,1
78760,0
78761,0
78762,0
78763,0
78764,0
78765,0
78766,0
78767,0
78768,0
78769,1
7877,1
78770,0
78771,1
78772,0
78773,1
78774,1
78775,1
78776,0
78777,1
78778,1
78779,1
7878,1
78780,0
78781,1
78782,0
78783,0
78784,0
78785,0
78786,0
78787,0
78788,1
78789,0
7879,1
78790,0
78791,1
78792,1
78793,1
78794,0
78795,1
78796,0
78797,1
78798,0
78799,1
788,1
7880,1
78800,0
78801,0
78802,1
78803,1
78804,0
78805,0
78806,0
78807,0
78808,1
78809,0
7881,1
78810,0
78811,0
78812,1
78813,0
78814,0
78815,0
78816,0
78817,1
78818,0
78819,0
7882,1
78820,1
78821,0
78822,1
78823,0
78824,1
78825,1
78826,1
78827,0
78828,0
78829,1
7883,1
78830,1
78831,0
78832,1
78833,1
78834,1
78835,0
78836,0
78837,0
78838,0
78839,0
7884,1
78840,0
78841,0
78842,1
78843,0
78844,0
78845,0
78846,1
78847,1
78848,0
78849,0
7885,1
78850,0
78851,1
78852,0
78853,1
78854,0
78855,0
78856,0
78857,0
78858,0
78859,0
7886,1
78860,1
78861,1
78862,0
78863,0
78864,1
78865,0
78866,0
78867,0
78868,0
78869,0
7887,1
78870,0
78871,0
78872,0
78873,0
78874,0
78875,1
78876,0
78877,0
78878,0
78879,1
7888,1
78880,0
78881,1
78882,0
78883,0
78884,1
78885,0
78886,0
78887,1
78888,0
78889,1
7889,1
78890,0
78891,1
78892,0
78893,1
78894,0
78895,1
78896,1
78897,0
78898,0
78899,0
789,1
7890,1
78900,0
78901,0
78902,0
78903,0
78904,0
78905,1
78906,0
78907,0
78908,1
78909,0
7891,1
78910,0
78911,0
78912,1
78913,1
78914,1
78915,1
78916,0
78917,1
78918,1
78919,1
7892,1
78920,1
78921,0
78922,0
78923,0
78924,1
78925,0
78926,1
78927,0
78928,0
78929,1
7893,1
78930,0
78931,0
78932,0
78933,0
78934,0
78935,1
78936,1
78937,1
78938,1
78939,1
7894,1
78940,0
78941,1
78942,0
78943,1
78944,0
78945,1
78946,0
78947,0
78948,0
78949,0
7895,1
78950,1
78951,1
78952,0
78953,0
78954,0
78955,0
78956,0
78957,1
78958,0
78959,0
7896,1
78960,0
78961,0
78962,1
78963,0
78964,0
78965,1
78966,1
78967,1
78968,0
78969,1
7897,1
78970,1
78971,0
78972,1
78973,0
78974,0
78975,1
78976,0
78977,0
78978,0
78979,1
7898,1
78980,0
78981,0
78982,0
78983,0
78984,0
78985,0
78986,0
78987,1
78988,0
78989,1
7899,1
78990,1
78991,0
78992,0
78993,0
78994,0
78995,1
78996,0
78997,0
78998,0
78999,0
79,1
790,1
7900,1
79000,0
79001,0
79002,0
79003,0
79004,0
79005,1
79006,0
79007,0
79008,1
79009,1
7901,1
79010,0
79011,1
79012,0
79013,0
79014,0
79015,0
79016,1
79017,0
79018,0
79019,1
7902,1
79020,1
79021,0
79022,0
79023,0
79024,0
79025,0
79026,0
79027,0
79028,0
79029,0
7903,1
79030,0
79031,0
79032,1
79033,1
79034,1
79035,0
79036,1
79037,1
79038,0
79039,0
7904,1
79040,0
79041,1
79042,1
79043,0
79044,0
79045,0
79046,1
79047,0
79048,1
79049,0
7905,1
79050,0
79051,1
79052,0
79053,0
79054,1
79055,0
79056,0
79057,1
79058,1
79059,0
7906,1
79060,0
79061,1
79062,0
79063,1
79064,0
79065,0
79066,0
79067,0
79068,0
79069,1
7907,1
79070,0
79071,0
79072,0
79073,0
79074,0
79075,0
79076,0
79077,1
79078,0
79079,1
7908,1
79080,0
79081,1
79082,0
79083,1
79084,0
79085,0
79086,1
79087,0
79088,1
79089,1
7909,1
79090,0
79091,0
79092,0
79093,1
79094,0
79095,1
79096,0
79097,1
79098,0
79099,0
791,1
7910,1
79100,1
79101,0
79102,1
79103,0
79104,0
79105,1
79106,0
79107,1
79108,1
79109,0
7911,1
79110,0
79111,0
79112,0
79113,0
79114,0
79115,0
79116,0
79117,0
79118,0
79119,1
7912,1
79120,0
79121,1
79122,0
79123,1
79124,1
79125,0
79126,0
79127,0
79128,1
79129,1
7913,1
79130,1
79131,0
79132,0
79133,1
79134,0
79135,0
79136,1
79137,1
79138,1
79139,1
7914,1
79140,0
79141,1
79142,1
79143,0
79144,1
79145,1
79146,0
79147,0
79148,1
79149,1
7915,1
79150,1
79151,1
79152,1
79153,1
79154,0
79155,1
79156,0
79157,0
79158,1
79159,1
7916,1
79160,0
79161,0
79162,0
79163,0
79164,0
79165,1
79166,1
79167,0
79168,0
79169,0
7917,1
79170,1
79171,1
79172,0
79173,0
79174,0
79175,1
79176,0
79177,0
79178,0
79179,0
7918,1
79180,0
79181,0
79182,1
79183,1
79184,0
79185,0
79186,0
79187,0
79188,0
79189,0
7919,1
79190,0
79191,0
79192,0
79193,1
79194,0
79195,1
79196,0
79197,0
79198,0
79199,1
792,1
7920,1
79200,0
79201,0
79202,1
79203,0
79204,1
79205,1
79206,0
79207,0
79208,0
79209,1
7921,1
79210,0
79211,0
79212,1
79213,0
79214,0
79215,0
79216,0
79217,0
79218,0
79219,1
7922,1
79220,1
79221,0
79222,1
79223,1
79224,0
79225,0
79226,0
79227,1
79228,0
79229,0
7923,1
79230,0
79231,0
79232,1
79233,0
79234,1
79235,0
79236,0
79237,0
79238,0
79239,0
7924,1
79240,1
79241,1
79242,0
79243,0
79244,1
79245,0
79246,0
79247,1
79248,0
79249,0
7925,1
79250,1
79251,0
79252,0
79253,1
79254,0
79255,0
79256,0
79257,1
79258,0
79259,1
7926,1
79260,0
79261,1
79262,1
79263,0
79264,0
79265,1
79266,0
79267,1
79268,0
79269,0
7927,1
79270,0
79271,0
79272,1
79273,0
79274,0
79275,0
79276,1
79277,0
79278,0
79279,1
7928,1
79280,0
79281,0
79282,0
79283,0
79284,1
79285,1
79286,1
79287,0
79288,0
79289,0
7929,1
79290,0
79291,0
79292,0
79293,0
79294,1
79295,0
79296,0
79297,0
79298,1
79299,0
793,1
7930,1
79300,0
79301,1
79302,1
79303,0
79304,1
79305,1
79306,1
79307,0
79308,0
79309,0
7931,1
79310,0
79311,1
79312,0
79313,0
79314,0
79315,0
79316,0
79317,0
79318,0
79319,0
7932,1
79320,1
79321,1
79322,0
79323,0
79324,0
79325,0
79326,0
79327,0
79328,1
79329,0
7933,1
79330,1
79331,0
79332,1
79333,1
79334,1
79335,0
79336,0
79337,1
79338,1
79339,1
7934,1
79340,0
79341,1
79342,0
79343,0
79344,0
79345,0
79346,0
79347,0
79348,0
79349,0
7935,1
79350,0
79351,1
79352,0
79353,0
79354,1
79355,0
79356,1
79357,1
79358,0
79359,0
7936,1
79360,0
79361,1
79362,0
79363,1
79364,1
79365,0
79366,1
79367,0
79368,0
79369,0
7937,1
79370,1
79371,1
79372,0
79373,0
79374,0
79375,0
79376,0
79377,0
79378,0
79379,1
7938,1
79380,0
79381,0
79382,1
79383,0
79384,0
79385,0
79386,0
79387,0
79388,1
79389,1
7939,1
79390,0
79391,0
79392,1
79393,1
79394,1
79395,0
79396,0
79397,1
79398,1
79399,1
794,1
7940,1
79400,0
79401,0
79402,1
79403,0
79404,0
79405,1
79406,1
79407,0
79408,1
79409,0
7941,1
79410,1
79411,1
79412,1
79413,1
79414,0
79415,0
79416,1
79417,0
79418,0
79419,0
7942,1
79420,0
79421,0
79422,0
79423,0
79424,0
79425,1
79426,1
79427,1
79428,0
79429,1
7943,1
79430,0
79431,0
79432,1
79433,1
79434,0
79435,0
79436,1
79437,0
79438,1
79439,0
7944,1
79440,0
79441,1
79442,0
79443,0
79444,1
79445,1
79446,0
79447,0
79448,1
79449,0
7945,1
79450,0
79451,0
79452,1
79453,0
79454,0
79455,1
79456,1
79457,1
79458,0
79459,0
7946,1
79460,0
79461,0
79462,1
79463,0
79464,1
79465,0
79466,0
79467,1
79468,1
79469,0
7947,1
79470,1
79471,1
79472,0
79473,1
79474,1
79475,1
79476,0
79477,0
79478,0
79479,1
7948,1
79480,1
79481,0
79482,0
79483,0
79484,0
79485,1
79486,1
79487,0
79488,0
79489,1
7949,1
79490,0
79491,1
79492,0
79493,0
79494,1
79495,1
79496,0
79497,0
79498,0
79499,1
795,1
7950,1
79500,0
79501,0
79502,0
79503,1
79504,1
79505,1
79506,1
79507,0
79508,0
79509,1
7951,1
79510,0
79511,0
79512,0
79513,1
79514,0
79515,0
79516,0
79517,0
79518,0
79519,1
7952,1
79520,1
79521,1
79522,0
79523,0
79524,0
79525,0
79526,0
79527,0
79528,0
79529,1
7953,1
79530,0
79531,0
79532,0
79533,0
79534,1
79535,1
79536,0
79537,1
79538,1
79539,1
7954,1
79540,0
79541,0
79542,0
79543,1
79544,1
79545,0
79546,0
79547,1
79548,0
79549,0
7955,1
79550,0
79551,0
79552,0
79553,0
79554,0
79555,0
79556,0
79557,0
79558,0
79559,0
7956,1
79560,0
79561,0
79562,0
79563,0
79564,0
79565,0
79566,0
79567,1
79568,0
79569,1
7957,1
79570,1
79571,0
79572,0
79573,0
79574,0
79575,1
79576,0
79577,1
79578,0
79579,0
7958,1
79580,0
79581,1
79582,0
79583,0
79584,1
79585,0
79586,1
79587,1
79588,1
79589,1
7959,1
79590,1
79591,0
79592,0
79593,0
79594,0
79595,0
79596,0
79597,0
79598,0
79599,1
796,1
7960,1
79600,0
79601,1
79602,0
79603,0
79604,0
79605,0
79606,0
79607,0
79608,0
79609,1
7961,1
79610,0
79611,0
79612,1
79613,0
79614,0
79615,0
79616,0
79617,0
79618,0
79619,0
7962,1
79620,0
79621,0
79622,1
79623,0
79624,1
79625,0
79626,0
79627,0
79628,0
79629,1
7963,1
79630,1
79631,0
79632,1
79633,0
79634,1
79635,0
79636,0
79637,0
79638,0
79639,1
7964,1
79640,0
79641,1
79642,0
79643,0
79644,0
79645,1
79646,1
79647,1
79648,1
79649,0
7965,1
79650,0
79651,0
79652,0
79653,0
79654,0
79655,0
79656,1
79657,0
79658,0
79659,1
7966,1
79660,1
79661,1
79662,0
79663,0
79664,0
79665,0
79666,0
79667,1
79668,1
79669,1
7967,1
79670,0
79671,1
79672,0
79673,0
79674,0
79675,0
79676,1
79677,1
79678,0
79679,1
7968,1
79680,0
79681,1
79682,1
79683,0
79684,1
79685,0
79686,0
79687,1
79688,1
79689,0
7969,1
79690,1
79691,0
79692,0
79693,1
79694,1
79695,0
79696,0
79697,0
79698,0
79699,1
797,1
7970,1
79700,0
79701,1
79702,0
79703,0
79704,0
79705,0
79706,1
79707,0
79708,1
79709,0
7971,1
79710,0
79711,1
79712,1
79713,1
79714,0
79715,0
79716,0
79717,0
79718,1
79719,1
7972,1
79720,0
79721,0
79722,0
79723,0
79724,1
79725,0
79726,1
79727,1
79728,0
79729,0
7973,1
79730,0
79731,0
79732,1
79733,0
79734,1
79735,1
79736,0
79737,0
79738,0
79739,0
7974,1
79740,1
79741,0
79742,0
79743,1
79744,1
79745,0
79746,0
79747,0
79748,1
79749,0
7975,1
79750,0
79751,0
79752,1
79753,0
79754,0
79755,0
79756,1
79757,0
79758,1
79759,1
7976,1
79760,1
79761,1
79762,1
79763,1
79764,0
79765,1
79766,0
79767,0
79768,1
79769,1
7977,1
79770,1
79771,0
79772,0
79773,0
79774,1
79775,1
79776,0
79777,1
79778,0
79779,1
7978,1
79780,1
79781,0
79782,0
79783,1
79784,1
79785,0
79786,1
79787,0
79788,0
79789,0
7979,1
79790,0
79791,0
79792,0
79793,1
79794,0
79795,1
79796,0
79797,0
79798,1
79799,1
798,1
7980,1
79800,1
79801,1
79802,1
79803,1
79804,1
79805,1
79806,0
79807,1
79808,0
79809,1
7981,1
79810,0
79811,0
79812,0
79813,1
79814,1
79815,0
79816,0
79817,0
79818,1
79819,0
7982,1
79820,1
79821,0
79822,0
79823,1
79824,1
79825,0
79826,0
79827,0
79828,0
79829,1
7983,1
79830,0
79831,1
79832,0
79833,1
79834,1
79835,0
79836,0
79837,0
79838,0
79839,1
7984,1
79840,1
79841,0
79842,0
79843,1
79844,1
79845,1
79846,0
79847,0
79848,1
79849,1
7985,1
79850,0
79851,0
79852,0
79853,0
79854,0
79855,1
79856,0
79857,1
79858,1
79859,1
7986,1
79860,0
79861,0
79862,0
79863,0
79864,1
79865,0
79866,1
79867,1
79868,1
79869,1
7987,1
79870,0
79871,1
79872,1
79873,0
79874,0
79875,0
79876,0
79877,1
79878,1
79879,1
7988,1
79880,0
79881,0
79882,0
79883,1
79884,0
79885,0
79886,0
79887,0
79888,1
79889,1
7989,1
79890,0
79891,1
79892,0
79893,0
79894,1
79895,0
79896,1
79897,0
79898,0
79899,0
799,1
7990,1
79900,0
79901,0
79902,0
79903,0
79904,0
79905,0
79906,0
79907,1
79908,0
79909,0
7991,1
79910,1
79911,0
79912,1
79913,0
79914,0
79915,0
79916,0
79917,0
79918,0
79919,0
7992,1
79920,0
79921,1
79922,1
79923,0
79924,0
79925,0
79926,0
79927,0
79928,0
79929,1
7993,1
79930,1
79931,1
79932,0
79933,1
79934,0
79935,0
79936,0
79937,1
79938,0
79939,0
7994,1
79940,0
79941,1
79942,0
79943,0
79944,1
79945,1
79946,1
79947,0
79948,0
79949,0
7995,1
79950,1
79951,1
79952,1
79953,1
79954,1
79955,1
79956,0
79957,1
79958,0
79959,1
7996,1
79960,0
79961,0
79962,0
79963,0
79964,0
79965,0
79966,1
79967,1
79968,1
79969,0
7997,1
79970,1
79971,0
79972,1
79973,0
79974,0
79975,0
79976,1
79977,0
79978,0
79979,1
7998,1
79980,1
79981,0
79982,1
79983,0
79984,1
79985,1
79986,1
79987,0
79988,0
79989,1
7999,1
79990,1
79991,1
79992,1
79993,0
79994,0
79995,0
79996,0
79997,0
79998,1
79999,0
8,1
80,1
800,1
8000,1
80000,1
80001,0
80002,1
80003,1
80004,0
80005,1
80006,1
80007,0
80008,0
80009,0
8001,1
80010,0
80011,1
80012,1
80013,0
80014,1
80015,0
80016,0
80017,1
80018,1
80019,0
8002,1
80020,0
80021,0
80022,0
80023,0
80024,1
80025,0
80026,0
80027,1
80028,0
80029,0
8003,1
80030,1
80031,1
80032,0
80033,0
80034,1
80035,0
80036,0
80037,0
80038,1
80039,0
8004,1
80040,1
80041,1
80042,0
80043,0
80044,1
80045,0
80046,0
80047,0
80048,0
80049,0
8005,1
80050,0
80051,1
80052,0
80053,0
80054,0
80055,0
80056,0
80057,1
80058,1
80059,1
8006,1
80060,0
80061,0
80062,0
80063,0
80064,0
80065,0
80066,0
80067,1
80068,1
80069,0
8007,1
80070,1
80071,1
80072,0
80073,0
80074,0
80075,0
80076,1
80077,1
80078,0
80079,0
8008,1
80080,0
80081,1
80082,0
80083,1
80084,1
80085,0
80086,1
80087,1
80088,0
80089,1
8009,1
80090,0
80091,0
80092,0
80093,1
80094,1
80095,0
80096,1
80097,0
80098,0
80099,0
801,1
8010,1
80100,0
80101,1
80102,0
80103,0
80104,0
80105,0
80106,1
80107,1
80108,0
80109,0
8011,1
80110,0
80111,1
80112,1
80113,0
80114,0
80115,0
80116,0
80117,0
80118,0
80119,1
8012,1
80120,0
80121,0
80122,1
80123,0
80124,1
80125,1
80126,0
80127,0
80128,0
80129,0
8013,1
80130,0
80131,1
80132,0
80133,0
80134,0
80135,0
80136,0
80137,0
80138,0
80139,0
8014,1
80140,0
80141,0
80142,0
80143,1
80144,0
80145,1
80146,0
80147,1
80148,1
80149,0
8015,1
80150,0
80151,1
80152,0
80153,1
80154,0
80155,0
80156,0
80157,0
80158,0
80159,0
8016,1
80160,0
80161,0
80162,0
80163,1
80164,0
80165,0
80166,0
80167,1
80168,0
80169,0
8017,1
80170,0
80171,1
80172,0
80173,0
80174,0
80175,1
80176,0
80177,0
80178,0
80179,0
8018,1
80180,0
80181,0
80182,0
80183,1
80184,1
80185,0
80186,0
80187,1
80188,0
80189,1
8019,1
80190,1
80191,0
80192,0
80193,0
80194,0
80195,1
80196,1
80197,0
80198,0
80199,0
802,1
8020,1
80200,1
80201,0
80202,0
80203,0
80204,1
80205,0
80206,1
80207,1
80208,0
80209,0
8021,1
80210,0
80211,0
80212,0
80213,0
80214,0
80215,0
80216,0
80217,0
80218,1
80219,0
8022,1
80220,1
80221,0
80222,1
80223,0
80224,0
80225,0
80226,0
80227,1
80228,1
80229,1
8023,1
80230,0
80231,0
80232,0
80233,1
80234,0
80235,0
80236,0
80237,0
80238,1
80239,0
8024,1
80240,0
80241,1
80242,1
80243,1
80244,0
80245,1
80246,0
80247,1
80248,0
80249,0
8025,1
80250,0
80251,0
80252,0
80253,1
80254,1
80255,0
80256,0
80257,0
80258,1
80259,1
8026,1
80260,0
80261,0
80262,1
80263,1
80264,0
80265,0
80266,1
80267,0
80268,1
80269,0
8027,1
80270,0
80271,0
80272,0
80273,0
80274,0
80275,0
80276,1
80277,0
80278,0
80279,0
8028,1
80280,0
80281,1
80282,1
80283,1
80284,0
80285,0
80286,0
80287,1
80288,0
80289,0
8029,1
80290,0
80291,0
80292,1
80293,0
80294,0
80295,0
80296,1
80297,0
80298,1
80299,0
803,1
8030,1
80300,0
80301,0
80302,0
80303,0
80304,0
80305,0
80306,0
80307,0
80308,0
80309,0
8031,1
80310,1
80311,1
80312,1
80313,1
80314,0
80315,0
80316,1
80317,0
80318,1
80319,1
8032,1
80320,0
80321,1
80322,1
80323,0
80324,1
80325,1
80326,0
80327,0
80328,0
80329,0
8033,1
80330,0
80331,1
80332,1
80333,0
80334,1
80335,0
80336,0
80337,1
80338,0
80339,0
8034,1
80340,0
80341,1
80342,0
80343,0
80344,0
80345,1
80346,1
80347,0
80348,0
80349,0
8035,1
80350,1
80351,1
80352,0
80353,1
80354,0
80355,0
80356,1
80357,0
80358,0
80359,0
8036,1
80360,1
80361,0
80362,0
80363,0
80364,1
80365,0
80366,0
80367,0
80368,1
80369,1
8037,1
80370,0
80371,0
80372,1
80373,0
80374,0
80375,0
80376,1
80377,0
80378,0
80379,1
8038,1
80380,0
80381,1
80382,0
80383,0
80384,0
80385,0
80386,1
80387,0
80388,0
80389,0
8039,1
80390,0
80391,1
80392,0
80393,0
80394,0
80395,0
80396,1
80397,1
80398,0
80399,0
804,1
8040,1
80400,0
80401,0
80402,0
80403,0
80404,0
80405,1
80406,0
80407,0
80408,1
80409,0
8041,1
80410,0
80411,0
80412,0
80413,1
80414,1
80415,0
80416,0
80417,1
80418,0
80419,0
8042,1
80420,0
80421,0
80422,0
80423,0
80424,0
80425,0
80426,1
80427,0
80428,1
80429,0
8043,1
80430,1
80431,1
80432,0
80433,1
80434,0
80435,0
80436,0
80437,1
80438,0
80439,1
8044,1
80440,1
80441,0
80442,0
80443,0
80444,0
80445,0
80446,1
80447,0
80448,0
80449,0
8045,1
80450,1
80451,0
80452,0
80453,0
80454,0
80455,1
80456,1
80457,0
80458,0
80459,1
8046,1
80460,0
80461,0
80462,1
80463,0
80464,0
80465,0
80466,0
80467,0
80468,0
80469,0
8047,1
80470,1
80471,1
80472,1
80473,1
80474,0
80475,0
80476,0
80477,0
80478,0
80479,0
8048,1
80480,0
80481,0
80482,1
80483,0
80484,0
80485,0
80486,1
80487,1
80488,0
80489,0
8049,1
80490,1
80491,0
80492,0
80493,0
80494,0
80495,0
80496,1
80497,0
80498,1
80499,0
805,1
8050,1
80500,1
80501,1
80502,1
80503,0
80504,1
80505,0
80506,0
80507,1
80508,1
80509,1
8051,1
80510,0
80511,0
80512,0
80513,0
80514,1
80515,0
80516,0
80517,0
80518,0
80519,0
8052,1
80520,0
80521,0
80522,0
80523,0
80524,0
80525,1
80526,0
80527,1
80528,1
80529,0
8053,1
80530,1
80531,0
80532,1
80533,0
80534,1
80535,0
80536,1
80537,0
80538,1
80539,1
8054,1
80540,0
80541,0
80542,1
80543,0
80544,1
80545,1
80546,1
80547,0
80548,0
80549,0
8055,1
80550,0
80551,0
80552,0
80553,0
80554,0
80555,1
80556,1
80557,1
80558,1
80559,0
8056,1
80560,0
80561,1
80562,0
80563,1
80564,0
80565,0
80566,0
80567,0
80568,1
80569,1
8057,1
80570,1
80571,0
80572,0
80573,0
80574,0
80575,0
80576,0
80577,0
80578,1
80579,0
8058,1
80580,0
80581,1
80582,1
80583,0
80584,0
80585,0
80586,0
80587,0
80588,1
80589,0
8059,1
80590,1
80591,1
80592,0
80593,1
80594,0
80595,0
80596,0
80597,0
80598,1
80599,0
806,1
8060,1
80600,1
80601,1
80602,0
80603,1
80604,0
80605,1
80606,0
80607,0
80608,0
80609,0
8061,1
80610,0
80611,1
80612,1
80613,1
80614,0
80615,0
80616,1
80617,0
80618,0
80619,1
8062,1
80620,1
80621,0
80622,0
80623,0
80624,0
80625,1
80626,0
80627,0
80628,1
80629,0
8063,1
80630,0
80631,1
80632,1
80633,0
80634,1
80635,0
80636,0
80637,1
80638,0
80639,0
8064,1
80640,1
80641,0
80642,0
80643,1
80644,1
80645,0
80646,0
80647,0
80648,0
80649,0
8065,1
80650,0
80651,0
80652,0
80653,0
80654,0
80655,1
80656,0
80657,0
80658,1
80659,0
8066,1
80660,0
80661,0
80662,0
80663,0
80664,0
80665,0
80666,1
80667,1
80668,0
80669,1
8067,1
80670,1
80671,1
80672,1
80673,1
80674,1
80675,0
80676,0
80677,0
80678,0
80679,0
8068,1
80680,0
80681,0
80682,0
80683,1
80684,0
80685,1
80686,1
80687,0
80688,0
80689,0
8069,1
80690,0
80691,1
80692,0
80693,1
80694,1
80695,0
80696,0
80697,1
80698,0
80699,0
807,1
8070,1
80700,0
80701,0
80702,0
80703,1
80704,0
80705,1
80706,0
80707,0
80708,1
80709,0
8071,1
80710,1
80711,0
80712,1
80713,0
80714,1
80715,1
80716,0
80717,0
80718,1
80719,1
8072,1
80720,1
80721,1
80722,0
80723,1
80724,0
80725,0
80726,1
80727,0
80728,0
80729,0
8073,1
80730,0
80731,0
80732,0
80733,0
80734,0
80735,0
80736,0
80737,1
80738,1
80739,0
8074,1
80740,0
80741,0
80742,1
80743,1
80744,1
80745,0
80746,1
80747,1
80748,0
80749,1
8075,1
80750,0
80751,1
80752,1
80753,1
80754,0
80755,0
80756,0
80757,0
80758,0
80759,1
8076,1
80760,1
80761,0
80762,0
80763,0
80764,0
80765,0
80766,1
80767,1
80768,1
80769,0
8077,1
80770,1
80771,1
80772,0
80773,0
80774,0
80775,0
80776,0
80777,1
80778,0
80779,0
8078,1
80780,1
80781,0
80782,1
80783,0
80784,1
80785,0
80786,0
80787,0
80788,1
80789,1
8079,1
80790,1
80791,0
80792,1
80793,1
80794,0
80795,0
80796,1
80797,1
80798,0
80799,1
808,1
8080,1
80800,0
80801,1
80802,0
80803,0
80804,0
80805,1
80806,1
80807,0
80808,0
80809,0
8081,1
80810,1
80811,1
80812,0
80813,0
80814,1
80815,1
80816,1
80817,1
80818,1
80819,1
8082,1
80820,1
80821,0
80822,1
80823,0
80824,0
80825,0
80826,1
80827,0
80828,1
80829,0
8083,1
80830,0
80831,1
80832,0
80833,1
80834,1
80835,1
80836,1
80837,1
80838,0
80839,0
8084,1
80840,0
80841,1
80842,1
80843,0
80844,1
80845,1
80846,1
80847,0
80848,0
80849,0
8085,1
80850,1
80851,1
80852,0
80853,0
80854,0
80855,0
80856,0
80857,0
80858,0
80859,0
8086,1
80860,0
80861,1
80862,0
80863,0
80864,1
80865,0
80866,1
80867,0
80868,0
80869,0
8087,1
80870,0
80871,1
80872,0
80873,0
80874,0
80875,0
80876,0
80877,0
80878,1
80879,1
8088,1
80880,0
80881,1
80882,0
80883,0
80884,0
80885,1
80886,0
80887,0
80888,0
80889,0
8089,1
80890,0
80891,1
80892,0
80893,0
80894,0
80895,0
80896,1
80897,0
80898,1
80899,0
809,1
8090,1
80900,0
80901,0
80902,0
80903,0
80904,1
80905,1
80906,0
80907,0
80908,0
80909,1
8091,1
80910,0
80911,1
80912,0
80913,0
80914,0
80915,0
80916,0
80917,0
80918,1
80919,0
8092,1
80920,0
80921,0
80922,0
80923,1
80924,1
80925,1
80926,1
80927,0
80928,0
80929,0
8093,1
80930,1
80931,0
80932,0
80933,0
80934,0
80935,0
80936,1
80937,1
80938,1
80939,0
8094,1
80940,0
80941,1
80942,1
80943,0
80944,1
80945,0
80946,0
80947,1
80948,1
80949,0
8095,1
80950,1
80951,1
80952,1
80953,1
80954,0
80955,0
80956,1
80957,1
80958,0
80959,0
8096,1
80960,0
80961,1
80962,0
80963,0
80964,0
80965,0
80966,1
80967,0
80968,0
80969,0
8097,1
80970,1
80971,0
80972,0
80973,0
80974,0
80975,0
80976,0
80977,0
80978,0
80979,0
8098,1
80980,1
80981,0
80982,0
80983,0
80984,1
80985,0
80986,0
80987,0
80988,1
80989,0
8099,1
80990,1
80991,1
80992,1
80993,1
80994,1
80995,0
80996,1
80997,0
80998,1
80999,0
81,1
810,1
8100,1
81000,0
81001,0
81002,0
81003,0
81004,0
81005,0
81006,0
81007,0
81008,0
81009,0
8101,1
81010,1
81011,1
81012,0
81013,1
81014,0
81015,0
81016,1
81017,0
81018,0
81019,0
8102,1
81020,0
81021,0
81022,0
81023,0
81024,1
81025,0
81026,0
81027,1
81028,1
81029,0
8103,1
81030,0
81031,1
81032,1
81033,0
81034,0
81035,0
81036,0
81037,0
81038,0
81039,1
8104,1
81040,0
81041,0
81042,0
81043,1
81044,0
81045,0
81046,1
81047,0
81048,0
81049,1
8105,1
81050,0
81051,0
81052,0
81053,0
81054,0
81055,1
81056,0
81057,1
81058,1
81059,0
8106,1
81060,0
81061,0
81062,0
81063,0
81064,0
81065,0
81066,0
81067,1
81068,0
81069,1
8107,1
81070,1
81071,0
81072,0
81073,0
81074,1
81075,1
81076,1
81077,0
81078,1
81079,0
8108,1
81080,0
81081,0
81082,0
81083,1
81084,1
81085,1
81086,0
81087,0
81088,0
81089,0
8109,1
81090,0
81091,0
81092,1
81093,0
81094,0
81095,0
81096,0
81097,1
81098,0
81099,0
811,1
8110,1
81100,1
81101,1
81102,0
81103,0
81104,0
81105,0
81106,0
81107,0
81108,0
81109,1
8111,1
81110,0
81111,0
81112,1
81113,0
81114,0
81115,1
81116,0
81117,0
81118,0
81119,1
8112,1
81120,0
81121,0
81122,1
81123,0
81124,0
81125,0
81126,0
81127,1
81128,0
81129,0
8113,1
81130,0
81131,0
81132,1
81133,0
81134,0
81135,1
81136,0
81137,0
81138,1
81139,1
8114,1
81140,1
81141,0
81142,0
81143,0
81144,0
81145,0
81146,0
81147,0
81148,0
81149,1
8115,1
81150,1
81151,0
81152,0
81153,1
81154,0
81155,0
81156,0
81157,1
81158,1
81159,0
8116,1
81160,1
81161,0
81162,1
81163,0
81164,0
81165,1
81166,1
81167,0
81168,0
81169,0
8117,1
81170,0
81171,0
81172,1
81173,0
81174,1
81175,0
81176,0
81177,1
81178,1
81179,1
8118,1
81180,0
81181,0
81182,0
81183,0
81184,1
81185,0
81186,1
81187,0
81188,0
81189,1
8119,1
81190,1
81191,0
81192,0
81193,0
81194,0
81195,1
81196,0
81197,0
81198,1
81199,1
812,1
8120,1
81200,0
81201,1
81202,0
81203,0
81204,0
81205,0
81206,1
81207,0
81208,0
81209,0
8121,1
81210,0
81211,1
81212,0
81213,0
81214,0
81215,0
81216,0
81217,1
81218,1
81219,0
8122,1
81220,1
81221,0
81222,0
81223,0
81224,0
81225,0
81226,0
81227,0
81228,1
81229,0
8123,1
81230,0
81231,0
81232,0
81233,1
81234,0
81235,1
81236,0
81237,1
81238,1
81239,1
8124,1
81240,0
81241,0
81242,0
81243,0
81244,1
81245,0
81246,0
81247,1
81248,0
81249,0
8125,1
81250,0
81251,0
81252,0
81253,0
81254,0
81255,0
81256,0
81257,0
81258,1
81259,0
8126,1
81260,0
81261,0
81262,1
81263,1
81264,1
81265,0
81266,1
81267,0
81268,0
81269,0
8127,1
81270,1
81271,1
81272,0
81273,0
81274,0
81275,1
81276,0
81277,0
81278,0
81279,0
8128,1
81280,0
81281,1
81282,1
81283,0
81284,0
81285,0
81286,1
81287,1
81288,1
81289,1
8129,1
81290,0
81291,1
81292,0
81293,0
81294,1
81295,0
81296,0
81297,1
81298,1
81299,1
813,1
8130,1
81300,0
81301,0
81302,0
81303,0
81304,0
81305,0
81306,0
81307,0
81308,0
81309,0
8131,1
81310,1
81311,1
81312,1
81313,0
81314,0
81315,0
81316,0
81317,0
81318,0
81319,0
8132,1
81320,1
81321,0
81322,1
81323,0
81324,0
81325,1
81326,1
81327,0
81328,0
81329,1
8133,1
81330,0
81331,0
81332,0
81333,0
81334,0
81335,0
81336,1
81337,0
81338,0
81339,1
8134,1
81340,0
81341,1
81342,1
81343,0
81344,0
81345,0
81346,1
81347,1
81348,1
81349,0
8135,1
81350,0
81351,1
81352,1
81353,1
81354,0
81355,0
81356,0
81357,0
81358,0
81359,0
8136,1
81360,0
81361,1
81362,1
81363,1
81364,1
81365,0
81366,1
81367,1
81368,1
81369,0
8137,1
81370,0
81371,0
81372,0
81373,0
81374,0
81375,1
81376,1
81377,1
81378,1
81379,0
8138,1
81380,0
81381,0
81382,1
81383,0
81384,0
81385,1
81386,0
81387,1
81388,1
81389,1
8139,1
81390,0
81391,1
81392,0
81393,0
81394,0
81395,0
81396,0
81397,0
81398,0
81399,1
814,1
8140,1
81400,0
81401,0
81402,0
81403,0
81404,0
81405,1
81406,1
81407,0
81408,1
81409,1
8141,1
81410,1
81411,0
81412,1
81413,0
81414,1
81415,0
81416,1
81417,0
81418,0
81419,1
8142,1
81420,0
81421,1
81422,0
81423,1
81424,0
81425,0
81426,0
81427,1
81428,0
81429,0
8143,1
81430,1
81431,0
81432,0
81433,0
81434,0
81435,0
81436,1
81437,0
81438,0
81439,0
8144,1
81440,0
81441,1
81442,1
81443,0
81444,0
81445,1
81446,0
81447,0
81448,0
81449,0
8145,1
81450,0
81451,0
81452,0
81453,1
81454,1
81455,0
81456,1
81457,0
81458,0
81459,0
8146,1
81460,0
81461,0
81462,0
81463,0
81464,0
81465,0
81466,0
81467,0
81468,0
81469,1
8147,1
81470,0
81471,0
81472,1
81473,1
81474,1
81475,0
81476,0
81477,1
81478,0
81479,1
8148,1
81480,0
81481,0
81482,0
81483,0
81484,1
81485,1
81486,0
81487,0
81488,0
81489,1
8149,1
81490,0
81491,0
81492,1
81493,1
81494,1
81495,0
81496,0
81497,0
81498,0
81499,0
815,1
8150,1
81500,0
81501,0
81502,1
81503,0
81504,1
81505,0
81506,0
81507,0
81508,1
81509,1
8151,1
81510,1
81511,1
81512,1
81513,1
81514,1
81515,0
81516,0
81517,1
81518,0
81519,0
8152,1
81520,0
81521,1
81522,0
81523,0
81524,1
81525,1
81526,0
81527,1
81528,0
81529,0
8153,1
81530,0
81531,0
81532,0
81533,1
81534,0
81535,0
81536,1
81537,1
81538,0
81539,1
8154,1
81540,1
81541,0
81542,0
81543,0
81544,0
81545,1
81546,1
81547,1
81548,1
81549,0
8155,1
81550,1
81551,0
81552,1
81553,0
81554,1
81555,1
81556,0
81557,0
81558,1
81559,0
8156,1
81560,0
81561,0
81562,0
81563,1
81564,0
81565,0
81566,0
81567,0
81568,0
81569,0
8157,1
81570,0
81571,1
81572,1
81573,0
81574,0
81575,1
81576,0
81577,0
81578,1
81579,0
8158,1
81580,1
81581,0
81582,1
81583,0
81584,0
81585,0
81586,1
81587,0
81588,0
81589,0
8159,1
81590,1
81591,1
81592,1
81593,0
81594,0
81595,0
81596,0
81597,0
81598,0
81599,0
816,1
8160,1
81600,0
81601,0
81602,0
81603,0
81604,1
81605,0
81606,0
81607,0
81608,0
81609,1
8161,1
81610,0
81611,0
81612,0
81613,1
81614,0
81615,1
81616,0
81617,0
81618,0
81619,0
8162,1
81620,0
81621,0
81622,1
81623,0
81624,0
81625,1
81626,0
81627,0
81628,0
81629,0
8163,1
81630,1
81631,1
81632,1
81633,0
81634,0
81635,0
81636,1
81637,0
81638,0
81639,0
8164,1
81640,0
81641,1
81642,1
81643,0
81644,1
81645,0
81646,1
81647,0
81648,0
81649,0
8165,1
81650,1
81651,0
81652,0
81653,1
81654,0
81655,0
81656,0
81657,1
81658,0
81659,0
8166,1
81660,1
81661,1
81662,0
81663,1
81664,0
81665,0
81666,0
81667,0
81668,0
81669,0
8167,1
81670,1
81671,0
81672,0
81673,0
81674,0
81675,1
81676,1
81677,0
81678,1
81679,0
8168,1
81680,0
81681,1
81682,1
81683,0
81684,1
81685,0
81686,0
81687,1
81688,1
81689,1
8169,1
81690,1
81691,0
81692,0
81693,1
81694,1
81695,0
81696,1
81697,1
81698,0
81699,0
817,1
8170,1
81700,1
81701,1
81702,0
81703,1
81704,0
81705,0
81706,0
81707,0
81708,0
81709,0
8171,1
81710,0
81711,1
81712,0
81713,0
81714,1
81715,0
81716,0
81717,0
81718,0
81719,0
8172,1
81720,1
81721,0
81722,0
81723,0
81724,1
81725,0
81726,0
81727,0
81728,0
81729,0
8173,1
81730,1
81731,1
81732,0
81733,0
81734,1
81735,1
81736,1
81737,0
81738,0
81739,0
8174,1
81740,1
81741,1
81742,0
81743,0
81744,0
81745,0
81746,0
81747,0
81748,0
81749,1
8175,1
81750,1
81751,1
81752,1
81753,0
81754,1
81755,0
81756,0
81757,0
81758,1
81759,0
8176,1
81760,0
81761,0
81762,0
81763,0
81764,1
81765,0
81766,0
81767,0
81768,0
81769,0
8177,1
81770,1
81771,0
81772,1
81773,1
81774,0
81775,1
81776,0
81777,1
81778,1
81779,1
8178,1
81780,0
81781,1
81782,1
81783,1
81784,1
81785,1
81786,1
81787,0
81788,0
81789,1
8179,1
81790,1
81791,1
81792,1
81793,1
81794,1
81795,1
81796,1
81797,1
81798,0
81799,0
818,1
8180,1
81800,0
81801,0
81802,0
81803,0
81804,1
81805,0
81806,0
81807,0
81808,1
81809,0
8181,1
81810,0
81811,1
81812,0
81813,0
81814,1
81815,0
81816,0
81817,0
81818,1
81819,1
8182,1
81820,1
81821,0
81822,0
81823,1
81824,0
81825,1
81826,1
81827,1
81828,0
81829,0
8183,1
81830,0
81831,1
81832,1
81833,0
81834,1
81835,0
81836,0
81837,0
81838,0
81839,0
8184,1
81840,0
81841,1
81842,0
81843,1
81844,0
81845,1
81846,0
81847,0
81848,1
81849,1
8185,1
81850,0
81851,1
81852,0
81853,1
81854,1
81855,1
81856,0
81857,0
81858,0
81859,0
8186,1
81860,1
81861,1
81862,0
81863,0
81864,0
81865,0
81866,0
81867,0
81868,0
81869,1
8187,1
81870,1
81871,0
81872,0
81873,0
81874,0
81875,0
81876,0
81877,0
81878,0
81879,0
8188,1
81880,1
81881,1
81882,1
81883,0
81884,0
81885,0
81886,0
81887,0
81888,1
81889,0
8189,1
81890,0
81891,0
81892,0
81893,0
81894,1
81895,0
81896,0
81897,0
81898,0
81899,1
819,1
8190,0
81900,1
81901,0
81902,1
81903,0
81904,0
81905,0
81906,0
81907,1
81908,0
81909,0
8191,1
81910,0
81911,0
81912,0
81913,0
81914,0
81915,0
81916,0
81917,1
81918,1
81919,0
8192,1
81920,0
81921,0
81922,1
81923,1
81924,1
81925,1
81926,0
81927,0
81928,0
81929,1
8193,1
81930,0
81931,0
81932,1
81933,1
81934,0
81935,1
81936,0
81937,0
81938,0
81939,0
8194,1
81940,0
81941,0
81942,1
81943,1
81944,0
81945,0
81946,0
81947,1
81948,1
81949,0
8195,1
81950,0
81951,1
81952,1
81953,0
81954,0
81955,1
81956,0
81957,0
81958,0
81959,0
8196,1
81960,0
81961,1
81962,0
81963,1
81964,0
81965,0
81966,1
81967,0
81968,1
81969,0
8197,1
81970,0
81971,1
81972,0
81973,0
81974,1
81975,1
81976,1
81977,0
81978,1
81979,1
8198,1
81980,1
81981,0
81982,1
81983,0
81984,0
81985,1
81986,0
81987,0
81988,0
81989,0
8199,1
81990,0
81991,1
81992,0
81993,0
81994,1
81995,0
81996,1
81997,0
81998,0
81999,0
82,0
820,1
8200,1
82000,1
82001,0
82002,0
82003,0
82004,0
82005,0
82006,0
82007,1
82008,0
82009,0
8201,1
82010,0
82011,1
82012,0
82013,1
82014,1
82015,0
82016,1
82017,0
82018,0
82019,0
8202,1
82020,1
82021,0
82022,0
82023,0
82024,0
82025,0
82026,1
82027,0
82028,0
82029,1
8203,1
82030,0
82031,1
82032,0
82033,0
82034,0
82035,1
82036,0
82037,1
82038,1
82039,1
8204,1
82040,1
82041,0
82042,0
82043,1
82044,0
82045,0
82046,1
82047,1
82048,0
82049,0
8205,1
82050,1
82051,0
82052,0
82053,0
82054,1
82055,0
82056,0
82057,0
82058,0
82059,0
8206,1
82060,0
82061,1
82062,1
82063,1
82064,0
82065,1
82066,1
82067,0
82068,0
82069,1
8207,1
82070,0
82071,0
82072,0
82073,0
82074,1
82075,1
82076,1
82077,0
82078,0
82079,0
8208,1
82080,1
82081,1
82082,1
82083,0
82084,0
82085,1
82086,0
82087,1
82088,0
82089,0
8209,1
82090,1
82091,1
82092,1
82093,0
82094,0
82095,0
82096,1
82097,1
82098,0
82099,0
821,1
8210,1
82100,1
82101,1
82102,0
82103,0
82104,0
82105,0
82106,0
82107,0
82108,1
82109,1
8211,1
82110,1
82111,1
82112,1
82113,0
82114,0
82115,0
82116,1
82117,1
82118,0
82119,1
8212,1
82120,0
82121,0
82122,1
82123,0
82124,0
82125,1
82126,0
82127,1
82128,0
82129,0
8213,1
82130,0
82131,1
82132,0
82133,1
82134,1
82135,1
82136,0
82137,1
82138,1
82139,0
8214,1
82140,0
82141,1
82142,0
82143,0
82144,0
82145,0
82146,0
82147,0
82148,0
82149,1
8215,1
82150,0
82151,1
82152,1
82153,0
82154,0
82155,1
82156,0
82157,1
82158,1
82159,0
8216,1
82160,0
82161,0
82162,0
82163,0
82164,0
82165,1
82166,1
82167,0
82168,0
82169,0
8217,1
82170,1
82171,1
82172,0
82173,1
82174,1
82175,1
82176,0
82177,1
82178,1
82179,0
8218,1
82180,0
82181,1
82182,0
82183,0
82184,0
82185,0
82186,1
82187,0
82188,0
82189,1
8219,1
82190,1
82191,0
82192,0
82193,1
82194,0
82195,0
82196,1
82197,1
82198,0
82199,0
822,1
8220,1
82200,1
82201,0
82202,1
82203,0
82204,0
82205,1
82206,0
82207,0
82208,0
82209,0
8221,1
82210,1
82211,0
82212,1
82213,1
82214,0
82215,1
82216,0
82217,0
82218,0
82219,0
8222,1
82220,0
82221,0
82222,1
82223,0
82224,1
82225,0
82226,0
82227,0
82228,1
82229,1
8223,1
82230,0
82231,0
82232,0
82233,0
82234,0
82235,0
82236,1
82237,0
82238,1
82239,0
8224,1
82240,0
82241,0
82242,0
82243,1
82244,0
82245,0
82246,1
82247,0
82248,0
82249,0
8225,1
82250,1
82251,0
82252,0
82253,0
82254,0
82255,1
82256,0
82257,0
82258,1
82259,0
8226,1
82260,0
82261,0
82262,1
82263,0
82264,0
82265,0
82266,1
82267,0
82268,1
82269,0
8227,1
82270,1
82271,1
82272,1
82273,0
82274,1
82275,0
82276,0
82277,0
82278,0
82279,0
8228,1
82280,0
82281,1
82282,0
82283,1
82284,1
82285,0
82286,0
82287,1
82288,0
82289,0
8229,1
82290,1
82291,0
82292,0
82293,1
82294,1
82295,0
82296,0
82297,1
82298,0
82299,0
823,1
8230,1
82300,0
82301,0
82302,1
82303,0
82304,0
82305,0
82306,1
82307,1
82308,1
82309,0
8231,1
82310,1
82311,1
82312,1
82313,0
82314,0
82315,1
82316,1
82317,0
82318,0
82319,1
8232,1
82320,0
82321,0
82322,0
82323,1
82324,0
82325,0
82326,1
82327,0
82328,0
82329,0
8233,1
82330,1
82331,0
82332,0
82333,0
82334,0
82335,1
82336,0
82337,0
82338,0
82339,0
8234,1
82340,0
82341,0
82342,1
82343,0
82344,0
82345,0
82346,1
82347,0
82348,0
82349,0
8235,1
82350,1
82351,1
82352,0
82353,0
82354,0
82355,0
82356,0
82357,1
82358,0
82359,0
8236,1
82360,1
82361,0
82362,1
82363,0
82364,1
82365,0
82366,1
82367,0
82368,1
82369,1
8237,1
82370,0
82371,1
82372,1
82373,0
82374,0
82375,1
82376,1
82377,1
82378,1
82379,0
8238,1
82380,0
82381,1
82382,1
82383,0
82384,0
82385,1
82386,1
82387,0
82388,1
82389,0
8239,1
82390,0
82391,1
82392,0
82393,0
82394,1
82395,0
82396,1
82397,0
82398,1
82399,0
824,1
8240,1
82400,1
82401,0
82402,0
82403,1
82404,0
82405,0
82406,1
82407,0
82408,0
82409,1
8241,0
82410,1
82411,1
82412,0
82413,0
82414,0
82415,0
82416,0
82417,0
82418,1
82419,0
8242,1
82420,0
82421,0
82422,1
82423,0
82424,0
82425,0
82426,1
82427,1
82428,0
82429,0
8243,1
82430,0
82431,1
82432,0
82433,1
82434,0
82435,1
82436,1
82437,1
82438,0
82439,0
8244,1
82440,1
82441,0
82442,0
82443,1
82444,0
82445,1
82446,1
82447,0
82448,1
82449,1
8245,1
82450,1
82451,1
82452,0
82453,1
82454,0
82455,1
82456,0
82457,1
82458,1
82459,0
8246,1
82460,1
82461,0
82462,0
82463,0
82464,1
82465,0
82466,0
82467,0
82468,0
82469,0
8247,1
82470,1
82471,0
82472,0
82473,0
82474,0
82475,0
82476,1
82477,0
82478,1
82479,0
8248,1
82480,1
82481,1
82482,0
82483,1
82484,1
82485,0
82486,0
82487,1
82488,1
82489,0
8249,1
82490,1
82491,0
82492,0
82493,0
82494,0
82495,0
82496,0
82497,0
82498,0
82499,0
825,1
8250,1
82500,0
82501,0
82502,1
82503,0
82504,1
82505,0
82506,1
82507,1
82508,1
82509,0
8251,1
82510,0
82511,1
82512,0
82513,1
82514,0
82515,0
82516,1
82517,1
82518,0
82519,0
8252,1
82520,0
82521,0
82522,0
82523,1
82524,0
82525,0
82526,1
82527,1
82528,1
82529,0
8253,1
82530,1
82531,1
82532,0
82533,1
82534,1
82535,1
82536,0
82537,0
82538,1
82539,1
8254,1
82540,0
82541,1
82542,0
82543,1
82544,1
82545,0
82546,0
82547,0
82548,1
82549,0
8255,1
82550,0
82551,0
82552,0
82553,0
82554,0
82555,1
82556,0
82557,1
82558,0
82559,0
8256,1
82560,1
82561,1
82562,0
82563,0
82564,0
82565,0
82566,0
82567,0
82568,1
82569,1
8257,1
82570,0
82571,0
82572,0
82573,1
82574,0
82575,1
82576,0
82577,0
82578,1
82579,1
8258,1
82580,0
82581,0
82582,0
82583,0
82584,1
82585,1
82586,0
82587,0
82588,1
82589,1
8259,1
82590,1
82591,0
82592,1
82593,0
82594,0
82595,0
82596,1
82597,0
82598,1
82599,0
826,1
8260,1
82600,0
82601,0
82602,0
82603,0
82604,1
82605,1
82606,0
82607,1
82608,1
82609,0
8261,1
82610,0
82611,1
82612,0
82613,0
82614,0
82615,0
82616,0
82617,1
82618,0
82619,0
8262,0
82620,0
82621,0
82622,1
82623,0
82624,0
82625,0
82626,1
82627,0
82628,0
82629,0
8263,1
82630,0
82631,1
82632,0
82633,1
82634,0
82635,0
82636,0
82637,1
82638,0
82639,1
8264,1
82640,1
82641,0
82642,0
82643,0
82644,1
82645,0
82646,1
82647,0
82648,0
82649,0
8265,1
82650,0
82651,0
82652,0
82653,0
82654,0
82655,0
82656,0
82657,1
82658,1
82659,0
8266,1
82660,0
82661,0
82662,0
82663,0
82664,0
82665,0
82666,0
82667,1
82668,0
82669,0
8267,0
82670,1
82671,0
82672,1
82673,1
82674,0
82675,1
82676,1
82677,1
82678,0
82679,0
8268,1
82680,0
82681,0
82682,1
82683,1
82684,0
82685,1
82686,1
82687,1
82688,0
82689,1
8269,1
82690,0
82691,0
82692,1
82693,1
82694,0
82695,1
82696,0
82697,1
82698,0
82699,1
827,1
8270,0
82700,0
82701,1
82702,0
82703,1
82704,0
82705,0
82706,0
82707,0
82708,0
82709,1
8271,1
82710,0
82711,1
82712,1
82713,1
82714,1
82715,0
82716,1
82717,1
82718,0
82719,0
8272,1
82720,0
82721,0
82722,1
82723,0
82724,0
82725,0
82726,0
82727,0
82728,1
82729,0
8273,1
82730,1
82731,0
82732,0
82733,0
82734,0
82735,0
82736,0
82737,0
82738,0
82739,1
8274,0
82740,1
82741,0
82742,0
82743,0
82744,0
82745,0
82746,1
82747,0
82748,0
82749,0
8275,1
82750,0
82751,0
82752,1
82753,1
82754,0
82755,1
82756,0
82757,0
82758,1
82759,0
8276,1
82760,1
82761,0
82762,1
82763,0
82764,0
82765,0
82766,1
82767,0
82768,0
82769,0
8277,1
82770,1
82771,0
82772,0
82773,0
82774,0
82775,1
82776,1
82777,0
82778,1
82779,0
8278,1
82780,1
82781,1
82782,0
82783,0
82784,0
82785,1
82786,0
82787,1
82788,0
82789,1
8279,1
82790,1
82791,0
82792,0
82793,1
82794,0
82795,0
82796,0
82797,0
82798,0
82799,0
828,1
8280,1
82800,1
82801,1
82802,1
82803,0
82804,0
82805,1
82806,0
82807,0
82808,0
82809,0
8281,1
82810,1
82811,0
82812,0
82813,1
82814,0
82815,1
82816,0
82817,0
82818,1
82819,0
8282,1
82820,1
82821,0
82822,0
82823,1
82824,0
82825,0
82826,1
82827,1
82828,0
82829,0
8283,1
82830,0
82831,1
82832,0
82833,0
82834,0
82835,0
82836,1
82837,1
82838,0
82839,0
8284,1
82840,0
82841,1
82842,1
82843,1
82844,0
82845,0
82846,0
82847,0
82848,0
82849,1
8285,0
82850,1
82851,1
82852,0
82853,0
82854,0
82855,0
82856,0
82857,0
82858,0
82859,0
8286,1
82860,0
82861,1
82862,1
82863,1
82864,0
82865,1
82866,0
82867,0
82868,0
82869,0
8287,1
82870,1
82871,1
82872,1
82873,1
82874,0
82875,1
82876,0
82877,1
82878,0
82879,0
8288,1
82880,0
82881,0
82882,1
82883,1
82884,0
82885,0
82886,0
82887,0
82888,1
82889,0
8289,1
82890,1
82891,0
82892,0
82893,1
82894,1
82895,0
82896,0
82897,0
82898,0
82899,0
829,1
8290,1
82900,0
82901,0
82902,0
82903,1
82904,0
82905,0
82906,0
82907,0
82908,0
82909,0
8291,1
82910,1
82911,0
82912,0
82913,0
82914,0
82915,1
82916,0
82917,1
82918,1
82919,0
8292,1
82920,1
82921,1
82922,0
82923,0
82924,0
82925,0
82926,0
82927,0
82928,0
82929,0
8293,1
82930,0
82931,1
82932,1
82933,1
82934,0
82935,1
82936,1
82937,1
82938,0
82939,0
8294,1
82940,1
82941,0
82942,0
82943,0
82944,1
82945,0
82946,0
82947,0
82948,0
82949,0
8295,1
82950,0
82951,0
82952,0
82953,1
82954,0
82955,1
82956,1
82957,1
82958,1
82959,0
8296,1
82960,0
82961,1
82962,0
82963,0
82964,1
82965,0
82966,1
82967,0
82968,1
82969,1
8297,1
82970,0
82971,0
82972,1
82973,0
82974,0
82975,0
82976,1
82977,0
82978,0
82979,1
8298,1
82980,0
82981,1
82982,0
82983,0
82984,1
82985,0
82986,1
82987,1
82988,0
82989,1
8299,1
82990,0
82991,0
82992,0
82993,0
82994,1
82995,0
82996,1
82997,1
82998,0
82999,0
83,1
830,1
8300,1
83000,0
83001,0
83002,0
83003,1
83004,0
83005,0
83006,1
83007,0
83008,0
83009,0
8301,1
83010,0
83011,1
83012,0
83013,1
83014,0
83015,0
83016,0
83017,0
83018,0
83019,0
8302,1
83020,0
83021,0
83022,0
83023,0
83024,0
83025,0
83026,1
83027,0
83028,1
83029,0
8303,1
83030,0
83031,0
83032,1
83033,1
83034,1
83035,1
83036,0
83037,0
83038,0
83039,1
8304,1
83040,0
83041,0
83042,0
83043,0
83044,1
83045,1
83046,1
83047,1
83048,0
83049,1
8305,1
83050,1
83051,0
83052,1
83053,0
83054,0
83055,1
83056,1
83057,1
83058,0
83059,0
8306,1
83060,0
83061,1
83062,1
83063,0
83064,0
83065,1
83066,1
83067,0
83068,1
83069,0
8307,1
83070,0
83071,0
83072,1
83073,1
83074,1
83075,0
83076,0
83077,0
83078,1
83079,1
8308,0
83080,0
83081,1
83082,0
83083,0
83084,0
83085,1
83086,0
83087,0
83088,1
83089,0
8309,1
83090,0
83091,0
83092,1
83093,1
83094,1
83095,0
83096,0
83097,1
83098,0
83099,0
831,1
8310,1
83100,1
83101,0
83102,0
83103,1
83104,0
83105,1
83106,0
83107,1
83108,0
83109,0
8311,1
83110,0
83111,0
83112,0
83113,1
83114,0
83115,0
83116,0
83117,0
83118,1
83119,0
8312,1
83120,0
83121,1
83122,0
83123,0
83124,0
83125,0
83126,0
83127,1
83128,0
83129,0
8313,1
83130,0
83131,1
83132,1
83133,1
83134,1
83135,1
83136,0
83137,0
83138,1
83139,0
8314,1
83140,0
83141,0
83142,1
83143,0
83144,0
83145,1
83146,1
83147,0
83148,1
83149,0
8315,1
83150,1
83151,1
83152,0
83153,0
83154,0
83155,1
83156,0
83157,0
83158,0
83159,1
8316,1
83160,1
83161,1
83162,0
83163,0
83164,1
83165,0
83166,0
83167,0
83168,0
83169,1
8317,1
83170,0
83171,1
83172,0
83173,1
83174,1
83175,1
83176,0
83177,1
83178,0
83179,1
8318,1
83180,0
83181,0
83182,1
83183,1
83184,0
83185,0
83186,0
83187,0
83188,1
83189,0
8319,1
83190,0
83191,0
83192,0
83193,0
83194,0
83195,1
83196,1
83197,1
83198,1
83199,1
832,0
8320,1
83200,1
83201,0
83202,1
83203,0
83204,1
83205,0
83206,0
83207,1
83208,0
83209,0
8321,1
83210,0
83211,1
83212,0
83213,1
83214,0
83215,1
83216,0
83217,0
83218,0
83219,0
8322,1
83220,0
83221,0
83222,0
83223,0
83224,0
83225,0
83226,0
83227,0
83228,0
83229,1
8323,1
83230,1
83231,0
83232,1
83233,1
83234,0
83235,0
83236,0
83237,1
83238,0
83239,1
8324,1
83240,1
83241,0
83242,1
83243,1
83244,0
83245,0
83246,0
83247,0
83248,0
83249,0
8325,0
83250,1
83251,0
83252,1
83253,1
83254,0
83255,1
83256,1
83257,1
83258,0
83259,1
8326,0
83260,1
83261,0
83262,1
83263,0
83264,0
83265,0
83266,0
83267,1
83268,0
83269,0
8327,1
83270,1
83271,0
83272,0
83273,1
83274,0
83275,1
83276,1
83277,0
83278,0
83279,0
8328,1
83280,1
83281,1
83282,0
83283,0
83284,0
83285,0
83286,0
83287,1
83288,0
83289,0
8329,1
83290,0
83291,1
83292,1
83293,0
83294,0
83295,0
83296,0
83297,0
83298,1
83299,0
833,1
8330,1
83300,0
83301,0
83302,1
83303,0
83304,0
83305,0
83306,1
83307,0
83308,0
83309,0
8331,1
83310,1
83311,0
83312,1
83313,1
83314,0
83315,0
83316,0
83317,0
83318,0
83319,1
8332,1
83320,0
83321,1
83322,1
83323,0
83324,0
83325,1
83326,0
83327,1
83328,1
83329,0
8333,1
83330,1
83331,0
83332,0
83333,0
83334,1
83335,1
83336,0
83337,0
83338,0
83339,1
8334,1
83340,0
83341,1
83342,0
83343,0
83344,1
83345,0
83346,0
83347,0
83348,1
83349,0
8335,1
83350,0
83351,0
83352,0
83353,0
83354,1
83355,0
83356,0
83357,0
83358,0
83359,0
8336,1
83360,1
83361,0
83362,0
83363,0
83364,0
83365,0
83366,0
83367,1
83368,0
83369,1
8337,1
83370,0
83371,0
83372,0
83373,0
83374,0
83375,0
83376,0
83377,0
83378,0
83379,0
8338,1
83380,1
83381,0
83382,0
83383,1
83384,0
83385,0
83386,0
83387,1
83388,1
83389,1
8339,1
83390,1
83391,0
83392,0
83393,0
83394,0
83395,0
83396,0
83397,1
83398,0
83399,1
834,1
8340,1
83400,0
83401,1
83402,1
83403,0
83404,1
83405,0
83406,1
83407,0
83408,1
83409,1
8341,1
83410,0
83411,0
83412,0
83413,1
83414,0
83415,0
83416,0
83417,1
83418,1
83419,1
8342,1
83420,0
83421,0
83422,1
83423,0
83424,0
83425,0
83426,1
83427,0
83428,1
83429,0
8343,1
83430,0
83431,1
83432,1
83433,1
83434,0
83435,0
83436,0
83437,1
83438,0
83439,0
8344,1
83440,1
83441,0
83442,0
83443,1
83444,0
83445,0
83446,1
83447,0
83448,0
83449,0
8345,1
83450,0
83451,0
83452,0
83453,0
83454,1
83455,0
83456,1
83457,1
83458,0
83459,0
8346,1
83460,1
83461,0
83462,0
83463,0
83464,0
83465,1
83466,1
83467,0
83468,0
83469,1
8347,1
83470,0
83471,0
83472,1
83473,0
83474,1
83475,1
83476,1
83477,0
83478,1
83479,0
8348,1
83480,0
83481,1
83482,0
83483,0
83484,1
83485,0
83486,0
83487,0
83488,0
83489,0
8349,1
83490,1
83491,0
83492,0
83493,0
83494,0
83495,1
83496,0
83497,0
83498,0
83499,1
835,1
8350,1
83500,0
83501,0
83502,1
83503,0
83504,0
83505,1
83506,1
83507,0
83508,1
83509,1
8351,1
83510,0
83511,1
83512,0
83513,0
83514,1
83515,0
83516,0
83517,1
83518,1
83519,0
8352,1
83520,0
83521,1
83522,0
83523,1
83524,0
83525,0
83526,1
83527,0
83528,1
83529,0
8353,1
83530,0
83531,1
83532,0
83533,1
83534,0
83535,0
83536,0
83537,1
83538,1
83539,0
8354,1
83540,1
83541,1
83542,1
83543,1
83544,0
83545,0
83546,1
83547,1
83548,0
83549,1
8355,1
83550,0
83551,1
83552,0
83553,1
83554,1
83555,0
83556,0
83557,0
83558,0
83559,0
8356,1
83560,1
83561,1
83562,0
83563,1
83564,1
83565,0
83566,0
83567,1
83568,0
83569,1
8357,1
83570,0
83571,0
83572,0
83573,0
83574,1
83575,1
83576,0
83577,1
83578,1
83579,0
8358,0
83580,1
83581,1
83582,0
83583,0
83584,1
83585,1
83586,0
83587,1
83588,0
83589,1
8359,1
83590,1
83591,0
83592,1
83593,1
83594,0
83595,0
83596,1
83597,1
83598,0
83599,0
836,1
8360,1
83600,0
83601,0
83602,0
83603,0
83604,0
83605,1
83606,0
83607,0
83608,1
83609,0
8361,1
83610,1
83611,0
83612,0
83613,0
83614,0
83615,0
83616,1
83617,0
83618,1
83619,1
8362,1
83620,1
83621,0
83622,1
83623,1
83624,0
83625,0
83626,0
83627,1
83628,0
83629,0
8363,1
83630,1
83631,0
83632,1
83633,1
83634,0
83635,0
83636,0
83637,0
83638,1
83639,1
8364,1
83640,0
83641,0
83642,1
83643,1
83644,0
83645,1
83646,0
83647,0
83648,0
83649,0
8365,1
83650,1
83651,0
83652,0
83653,0
83654,0
83655,1
83656,0
83657,0
83658,0
83659,0
8366,1
83660,0
83661,0
83662,1
83663,0
83664,1
83665,1
83666,0
83667,0
83668,0
83669,0
8367,1
83670,0
83671,0
83672,0
83673,1
83674,0
83675,0
83676,0
83677,0
83678,0
83679,0
8368,1
83680,1
83681,0
83682,0
83683,1
83684,0
83685,1
83686,1
83687,1
83688,1
83689,0
8369,1
83690,1
83691,1
83692,1
83693,1
83694,0
83695,0
83696,0
83697,1
83698,0
83699,1
837,1
8370,1
83700,1
83701,0
83702,1
83703,1
83704,0
83705,0
83706,0
83707,0
83708,0
83709,1
8371,1
83710,0
83711,1
83712,1
83713,0
83714,0
83715,0
83716,0
83717,0
83718,0
83719,1
8372,1
83720,0
83721,1
83722,0
83723,0
83724,0
83725,0
83726,0
83727,1
83728,0
83729,0
8373,1
83730,0
83731,0
83732,0
83733,0
83734,0
83735,0
83736,1
83737,0
83738,0
83739,0
8374,1
83740,0
83741,0
83742,0
83743,1
83744,1
83745,1
83746,1
83747,1
83748,1
83749,0
8375,1
83750,0
83751,1
83752,1
83753,0
83754,0
83755,0
83756,0
83757,1
83758,0
83759,0
8376,0
83760,0
83761,0
83762,0
83763,0
83764,1
83765,0
83766,0
83767,0
83768,0
83769,0
8377,1
83770,0
83771,0
83772,0
83773,0
83774,0
83775,1
83776,0
83777,0
83778,0
83779,1
8378,1
83780,1
83781,0
83782,0
83783,0
83784,1
83785,0
83786,0
83787,0
83788,0
83789,0
8379,1
83790,1
83791,0
83792,0
83793,0
83794,0
83795,1
83796,0
83797,0
83798,0
83799,1
838,1
8380,1
83800,0
83801,0
83802,0
83803,1
83804,0
83805,0
83806,1
83807,0
83808,0
83809,1
8381,1
83810,0
83811,1
83812,0
83813,1
83814,1
83815,1
83816,1
83817,0
83818,0
83819,1
8382,1
83820,0
83821,0
83822,0
83823,0
83824,0
83825,1
83826,0
83827,0
83828,0
83829,0
8383,1
83830,0
83831,0
83832,0
83833,1
83834,1
83835,0
83836,0
83837,0
83838,0
83839,0
8384,1
83840,0
83841,0
83842,0
83843,0
83844,1
83845,0
83846,0
83847,0
83848,1
83849,1
8385,1
83850,1
83851,0
83852,0
83853,0
83854,1
83855,1
83856,1
83857,0
83858,1
83859,1
8386,1
83860,0
83861,1
83862,0
83863,0
83864,0
83865,1
83866,1
83867,1
83868,0
83869,0
8387,1
83870,0
83871,0
83872,0
83873,0
83874,0
83875,0
83876,0
83877,1
83878,1
83879,0
8388,1
83880,1
83881,1
83882,0
83883,0
83884,0
83885,0
83886,0
83887,0
83888,1
83889,0
8389,0
83890,1
83891,0
83892,0
83893,0
83894,0
83895,0
83896,0
83897,0
83898,0
83899,1
839,1
8390,1
83900,1
83901,0
83902,1
83903,1
83904,0
83905,0
83906,0
83907,0
83908,0
83909,1
8391,1
83910,1
83911,0
83912,0
83913,0
83914,1
83915,1
83916,0
83917,0
83918,0
83919,0
8392,1
83920,1
83921,1
83922,1
83923,0
83924,1
83925,0
83926,1
83927,0
83928,0
83929,0
8393,1
83930,1
83931,1
83932,1
83933,0
83934,0
83935,0
83936,0
83937,0
83938,1
83939,1
8394,1
83940,0
83941,0
83942,1
83943,1
83944,0
83945,1
83946,0
83947,0
83948,0
83949,0
8395,1
83950,0
83951,1
83952,0
83953,0
83954,1
83955,1
83956,0
83957,1
83958,1
83959,0
8396,1
83960,0
83961,0
83962,0
83963,0
83964,0
83965,0
83966,0
83967,0
83968,0
83969,0
8397,1
83970,0
83971,1
83972,1
83973,1
83974,0
83975,0
83976,0
83977,1
83978,0
83979,1
8398,1
83980,1
83981,0
83982,1
83983,0
83984,0
83985,0
83986,0
83987,1
83988,0
83989,1
8399,1
83990,1
83991,0
83992,0
83993,0
83994,1
83995,0
83996,1
83997,1
83998,0
83999,1
84,1
840,1
8400,0
84000,0
84001,1
84002,0
84003,1
84004,0
84005,0
84006,1
84007,0
84008,1
84009,0
8401,1
84010,0
84011,1
84012,0
84013,0
84014,1
84015,1
84016,1
84017,0
84018,1
84019,1
8402,1
84020,1
84021,0
84022,0
84023,0
84024,1
84025,1
84026,0
84027,1
84028,0
84029,0
8403,1
84030,0
84031,0
84032,1
84033,0
84034,0
84035,0
84036,1
84037,1
84038,1
84039,0
8404,1
84040,1
84041,1
84042,1
84043,1
84044,0
84045,0
84046,0
84047,0
84048,1
84049,1
8405,1
84050,1
84051,0
84052,0
84053,1
84054,0
84055,0
84056,0
84057,0
84058,0
84059,1
8406,1
84060,0
84061,0
84062,0
84063,0
84064,1
84065,1
84066,0
84067,0
84068,1
84069,0
8407,1
84070,0
84071,0
84072,0
84073,0
84074,0
84075,1
84076,0
84077,1
84078,0
84079,1
8408,1
84080,0
84081,1
84082,0
84083,1
84084,0
84085,0
84086,0
84087,0
84088,0
84089,0
8409,1
84090,0
84091,0
84092,0
84093,0
84094,1
84095,0
84096,0
84097,0
84098,1
84099,0
841,1
8410,0
84100,0
84101,1
84102,0
84103,0
84104,1
84105,0
84106,1
84107,0
84108,0
84109,0
8411,1
84110,0
84111,1
84112,0
84113,1
84114,0
84115,0
84116,1
84117,1
84118,1
84119,0
8412,1
84120,1
84121,0
84122,0
84123,1
84124,1
84125,0
84126,0
84127,0
84128,0
84129,0
8413,1
84130,1
84131,1
84132,1
84133,0
84134,1
84135,0
84136,0
84137,0
84138,0
84139,0
8414,1
84140,0
84141,0
84142,1
84143,1
84144,0
84145,0
84146,1
84147,1
84148,0
84149,0
8415,0
84150,1
84151,1
84152,0
84153,1
84154,0
84155,0
84156,0
84157,0
84158,0
84159,1
8416,1
84160,1
84161,1
84162,1
84163,0
84164,0
84165,0
84166,1
84167,0
84168,0
84169,0
8417,1
84170,1
84171,1
84172,0
84173,1
84174,0
84175,0
84176,0
84177,0
84178,0
84179,1
8418,1
84180,1
84181,1
84182,1
84183,0
84184,0
84185,1
84186,0
84187,0
84188,0
84189,0
8419,1
84190,0
84191,0
84192,0
84193,1
84194,0
84195,0
84196,0
84197,1
84198,1
84199,0
842,1
8420,1
84200,0
84201,0
84202,1
84203,0
84204,0
84205,1
84206,1
84207,0
84208,0
84209,0
8421,1
84210,0
84211,1
84212,1
84213,0
84214,1
84215,0
84216,1
84217,0
84218,0
84219,1
8422,1
84220,0
84221,0
84222,0
84223,0
84224,1
84225,0
84226,0
84227,1
84228,0
84229,1
8423,1
84230,1
84231,1
84232,0
84233,0
84234,0
84235,1
84236,0
84237,0
84238,1
84239,0
8424,1
84240,0
84241,0
84242,0
84243,1
84244,0
84245,0
84246,1
84247,1
84248,0
84249,0
8425,1
84250,0
84251,0
84252,0
84253,1
84254,0
84255,0
84256,0
84257,1
84258,0
84259,0
8426,1
84260,0
84261,0
84262,0
84263,1
84264,0
84265,0
84266,0
84267,0
84268,0
84269,1
8427,1
84270,0
84271,0
84272,0
84273,0
84274,1
84275,0
84276,0
84277,0
84278,0
84279,0
8428,1
84280,0
84281,1
84282,0
84283,0
84284,1
84285,0
84286,0
84287,1
84288,1
84289,1
8429,1
84290,0
84291,0
84292,0
84293,0
84294,0
84295,0
84296,0
84297,0
84298,1
84299,0
843,1
8430,1
84300,1
84301,1
84302,0
84303,0
84304,0
84305,0
84306,0
84307,1
84308,0
84309,0
8431,1
84310,0
84311,0
84312,0
84313,0
84314,1
84315,0
84316,0
84317,0
84318,0
84319,1
8432,1
84320,0
84321,0
84322,0
84323,0
84324,0
84325,0
84326,1
84327,0
84328,1
84329,1
8433,0
84330,0
84331,0
84332,1
84333,1
84334,0
84335,0
84336,1
84337,0
84338,1
84339,1
8434,1
84340,1
84341,1
84342,1
84343,1
84344,1
84345,1
84346,1
84347,0
84348,0
84349,0
8435,1
84350,0
84351,1
84352,1
84353,0
84354,1
84355,0
84356,0
84357,0
84358,1
84359,0
8436,1
84360,1
84361,1
84362,1
84363,0
84364,0
84365,0
84366,0
84367,0
84368,1
84369,1
8437,1
84370,1
84371,0
84372,0
84373,1
84374,0
84375,0
84376,0
84377,0
84378,0
84379,0
8438,1
84380,0
84381,0
84382,1
84383,1
84384,0
84385,0
84386,0
84387,1
84388,0
84389,0
8439,1
84390,1
84391,0
84392,0
84393,1
84394,0
84395,0
84396,0
84397,1
84398,0
84399,1
844,1
8440,1
84400,0
84401,1
84402,0
84403,0
84404,1
84405,0
84406,0
84407,1
84408,0
84409,1
8441,1
84410,0
84411,0
84412,0
84413,0
84414,1
84415,0
84416,1
84417,1
84418,0
84419,0
8442,1
84420,0
84421,1
84422,0
84423,1
84424,1
84425,0
84426,0
84427,1
84428,0
84429,1
8443,1
84430,0
84431,1
84432,0
84433,0
84434,1
84435,1
84436,0
84437,0
84438,1
84439,1
8444,1
84440,1
84441,0
84442,1
84443,0
84444,1
84445,0
84446,1
84447,0
84448,0
84449,1
8445,0
84450,0
84451,0
84452,0
84453,0
84454,1
84455,0
84456,0
84457,1
84458,0
84459,0
8446,1
84460,0
84461,0
84462,0
84463,0
84464,0
84465,1
84466,0
84467,1
84468,0
84469,0
8447,1
84470,0
84471,0
84472,1
84473,1
84474,1
84475,0
84476,1
84477,1
84478,1
84479,1
8448,1
84480,1
84481,0
84482,0
84483,0
84484,0
84485,0
84486,0
84487,0
84488,0
84489,0
8449,1
84490,0
84491,0
84492,1
84493,0
84494,0
84495,1
84496,1
84497,0
84498,1
84499,0
845,1
8450,1
84500,1
84501,0
84502,0
84503,0
84504,0
84505,1
84506,0
84507,1
84508,0
84509,0
8451,1
84510,1
84511,0
84512,1
84513,0
84514,0
84515,0
84516,0
84517,1
84518,1
84519,0
8452,1
84520,0
84521,0
84522,1
84523,0
84524,1
84525,1
84526,0
84527,0
84528,1
84529,1
8453,1
84530,1
84531,0
84532,1
84533,0
84534,1
84535,0
84536,0
84537,0
84538,0
84539,1
8454,1
84540,1
84541,1
84542,0
84543,1
84544,1
84545,1
84546,1
84547,0
84548,1
84549,1
8455,1
84550,1
84551,1
84552,0
84553,0
84554,0
84555,1
84556,0
84557,1
84558,0
84559,0
8456,1
84560,0
84561,1
84562,1
84563,0
84564,0
84565,1
84566,0
84567,0
84568,0
84569,0
8457,1
84570,0
84571,1
84572,0
84573,0
84574,1
84575,0
84576,1
84577,1
84578,1
84579,0
8458,1
84580,0
84581,0
84582,1
84583,0
84584,1
84585,0
84586,1
84587,1
84588,0
84589,1
8459,1
84590,0
84591,0
84592,0
84593,0
84594,1
84595,1
84596,0
84597,1
84598,0
84599,0
846,1
8460,1
84600,0
84601,1
84602,1
84603,1
84604,1
84605,0
84606,0
84607,0
84608,0
84609,0
8461,1
84610,0
84611,0
84612,0
84613,1
84614,1
84615,0
84616,0
84617,1
84618,0
84619,1
8462,1
84620,1
84621,1
84622,0
84623,1
84624,0
84625,0
84626,0
84627,1
84628,0
84629,1
8463,1
84630,0
84631,1
84632,0
84633,0
84634,0
84635,0
84636,0
84637,0
84638,0
84639,1
8464,1
84640,1
84641,0
84642,1
84643,0
84644,0
84645,1
84646,0
84647,0
84648,0
84649,0
8465,1
84650,0
84651,0
84652,0
84653,1
84654,0
84655,0
84656,1
84657,1
84658,0
84659,1
8466,1
84660,0
84661,0
84662,0
84663,0
84664,0
84665,1
84666,0
84667,0
84668,0
84669,0
8467,0
84670,0
84671,0
84672,1
84673,1
84674,0
84675,0
84676,0
84677,0
84678,1
84679,1
8468,1
84680,0
84681,0
84682,0
84683,0
84684,0
84685,1
84686,1
84687,0
84688,0
84689,1
8469,1
84690,0
84691,0
84692,0
84693,1
84694,0
84695,0
84696,0
84697,1
84698,1
84699,0
847,1
8470,1
84700,0
84701,1
84702,0
84703,0
84704,1
84705,0
84706,0
84707,1
84708,1
84709,0
8471,1
84710,0
84711,1
84712,0
84713,0
84714,0
84715,1
84716,0
84717,0
84718,1
84719,0
8472,1
84720,0
84721,0
84722,1
84723,0
84724,0
84725,1
84726,0
84727,0
84728,1
84729,0
8473,1
84730,0
84731,1
84732,1
84733,1
84734,0
84735,0
84736,1
84737,1
84738,0
84739,0
8474,1
84740,0
84741,0
84742,1
84743,0
84744,0
84745,0
84746,0
84747,0
84748,1
84749,0
8475,1
84750,1
84751,1
84752,0
84753,1
84754,1
84755,0
84756,0
84757,1
84758,0
84759,0
8476,1
84760,1
84761,0
84762,0
84763,1
84764,0
84765,0
84766,1
84767,1
84768,0
84769,0
8477,1
84770,0
84771,0
84772,0
84773,0
84774,0
84775,0
84776,0
84777,1
84778,0
84779,0
8478,1
84780,0
84781,1
84782,0
84783,1
84784,0
84785,1
84786,0
84787,0
84788,0
84789,1
8479,1
84790,0
84791,1
84792,0
84793,1
84794,1
84795,1
84796,0
84797,1
84798,0
84799,0
848,1
8480,1
84800,0
84801,1
84802,0
84803,1
84804,0
84805,0
84806,1
84807,1
84808,1
84809,0
8481,1
84810,0
84811,1
84812,1
84813,0
84814,0
84815,0
84816,1
84817,0
84818,0
84819,1
8482,1
84820,0
84821,0
84822,1
84823,0
84824,1
84825,0
84826,1
84827,1
84828,1
84829,1
8483,1
84830,0
84831,0
84832,0
84833,0
84834,0
84835,0
84836,1
84837,0
84838,0
84839,0
8484,1
84840,0
84841,0
84842,1
84843,0
84844,1
84845,0
84846,1
84847,0
84848,1
84849,1
8485,1
84850,1
84851,1
84852,0
84853,0
84854,0
84855,0
84856,0
84857,1
84858,0
84859,0
8486,1
84860,0
84861,0
84862,1
84863,1
84864,0
84865,1
84866,1
84867,0
84868,0
84869,0
8487,1
84870,0
84871,1
84872,0
84873,1
84874,0
84875,1
84876,1
84877,0
84878,0
84879,1
8488,1
84880,0
84881,0
84882,0
84883,1
84884,1
84885,0
84886,0
84887,0
84888,1
84889,1
8489,1
84890,1
84891,1
84892,0
84893,1
84894,0
84895,0
84896,0
84897,0
84898,0
84899,1
849,1
8490,0
84900,1
84901,1
84902,1
84903,0
84904,0
84905,0
84906,0
84907,0
84908,0
84909,0
8491,1
84910,0
84911,1
84912,0
84913,0
84914,1
84915,1
84916,1
84917,1
84918,0
84919,0
8492,1
84920,0
84921,0
84922,1
84923,1
84924,0
84925,0
84926,1
84927,0
84928,0
84929,0
8493,1
84930,1
84931,1
84932,0
84933,1
84934,1
84935,1
84936,0
84937,0
84938,1
84939,0
8494,1
84940,0
84941,0
84942,0
84943,0
84944,0
84945,1
84946,0
84947,0
84948,0
84949,1
8495,1
84950,0
84951,0
84952,1
84953,0
84954,0
84955,0
84956,0
84957,0
84958,1
84959,0
8496,1
84960,0
84961,0
84962,1
84963,0
84964,1
84965,1
84966,0
84967,0
84968,1
84969,0
8497,1
84970,0
84971,1
84972,0
84973,0
84974,1
84975,0
84976,0
84977,0
84978,1
84979,1
8498,1
84980,0
84981,0
84982,1
84983,1
84984,1
84985,0
84986,0
84987,0
84988,1
84989,1
8499,1
84990,0
84991,1
84992,0
84993,1
84994,1
84995,1
84996,1
84997,0
84998,0
84999,1
85,1
850,1
8500,1
85000,1
85001,0
85002,0
85003,0
85004,0
85005,0
85006,0
85007,1
85008,1
85009,0
8501,1
85010,0
85011,0
85012,0
85013,1
85014,1
85015,1
85016,0
85017,0
85018,0
85019,0
8502,1
85020,0
85021,0
85022,0
85023,1
85024,0
85025,0
85026,0
85027,0
85028,0
85029,0
8503,1
85030,1
85031,1
85032,0
85033,0
85034,1
85035,0
85036,1
85037,0
85038,1
85039,0
8504,0
85040,0
85041,0
85042,1
85043,0
85044,1
85045,1
85046,1
85047,0
85048,0
85049,0
8505,1
85050,1
85051,1
85052,0
85053,0
8506,1
8507,1
8508,1
8509,1
851,1
8510,1
8511,0
8512,1
8513,1
8514,1
8515,1
8516,1
8517,1
8518,1
8519,1
852,1
8520,1
8521,1
8522,0
8523,1
8524,1
8525,1
8526,1
8527,1
8528,1
8529,1
853,1
8530,1
8531,1
8532,1
8533,1
8534,1
8535,1
8536,1
8537,1
8538,1
8539,1
854,0
8540,1
8541,1
8542,1
8543,1
8544,1
8545,1
8546,1
8547,1
8548,1
8549,1
855,1
8550,1
8551,1
8552,1
8553,1
8554,1
8555,1
8556,1
8557,1
8558,1
8559,1
856,1
8560,1
8561,0
8562,1
8563,1
8564,1
8565,1
8566,1
8567,1
8568,1
8569,1
857,1
8570,1
8571,1
8572,1
8573,1
8574,0
8575,1
8576,1
8577,1
8578,1
8579,1
858,1
8580,1
8581,1
8582,1
8583,1
8584,1
8585,1
8586,1
8587,1
8588,1
8589,1
859,1
8590,1
8591,1
8592,1
8593,1
8594,1
8595,1
8596,1
8597,1
8598,1
8599,1
86,1
860,1
8600,1
8601,1
8602,1
8603,1
8604,1
8605,1
8606,1
8607,1
8608,1
8609,1
861,1
8610,1
8611,1
8612,0
8613,1
8614,1
8615,1
8616,0
8617,0
8618,1
8619,1
862,1
8620,1
8621,1
8622,1
8623,1
8624,1
8625,1
8626,1
8627,1
8628,1
8629,1
863,1
8630,1
8631,0
8632,1
8633,0
8634,1
8635,1
8636,1
8637,1
8638,1
8639,1
864,1
8640,1
8641,1
8642,1
8643,1
8644,1
8645,1
8646,1
8647,1
8648,1
8649,1
865,1
8650,1
8651,1
8652,1
8653,1
8654,1
8655,1
8656,1
8657,1
8658,1
8659,1
866,1
8660,1
8661,1
8662,1
8663,1
8664,1
8665,1
8666,1
8667,1
8668,1
8669,1
867,1
8670,1
8671,1
8672,1
8673,1
8674,1
8675,1
8676,1
8677,1
8678,1
8679,1
868,1
8680,1
8681,1
8682,1
8683,1
8684,0
8685,1
8686,0
8687,1
8688,1
8689,0
869,1
8690,1
8691,0
8692,1
8693,1
8694,1
8695,1
8696,1
8697,1
8698,1
8699,1
87,1
870,1
8700,1
8701,1
8702,1
8703,1
8704,1
8705,1
8706,1
8707,1
8708,1
8709,1
871,1
8710,0
8711,1
8712,1
8713,1
8714,1
8715,1
8716,1
8717,1
8718,1
8719,1
872,1
8720,1
8721,1
8722,1
8723,1
8724,1
8725,1
8726,1
8727,0
8728,1
8729,1
873,1
8730,1
8731,1
8732,1
8733,1
8734,1
8735,1
8736,1
8737,1
8738,1
8739,1
874,1
8740,1
8741,1
8742,1
8743,1
8744,1
8745,1
8746,1
8747,1
8748,1
8749,1
875,1
8750,1
8751,1
8752,1
8753,1
8754,1
8755,1
8756,1
8757,1
8758,1
8759,1
876,1
8760,1
8761,1
8762,1
8763,1
8764,1
8765,1
8766,1
8767,1
8768,1
8769,1
877,1
8770,1
8771,1
8772,1
8773,1
8774,1
8775,1
8776,1
8777,1
8778,1
8779,1
878,1
8780,1
8781,1
8782,1
8783,1
8784,1
8785,1
8786,1
8787,1
8788,1
8789,1
879,1
8790,1
8791,1
8792,1
8793,1
8794,1
8795,1
8796,1
8797,1
8798,1
8799,1
88,1
880,1
8800,1
8801,1
8802,1
8803,1
8804,1
8805,1
8806,1
8807,1
8808,1
8809,1
881,1
8810,1
8811,1
8812,1
8813,1
8814,1
8815,1
8816,1
8817,1
8818,1
8819,1
882,1
8820,1
8821,1
8822,1
8823,1
8824,1
8825,1
8826,1
8827,1
8828,1
8829,1
883,1
8830,1
8831,1
8832,1
8833,1
8834,1
8835,1
8836,1
8837,1
8838,1
8839,1
884,1
8840,1
8841,1
8842,1
8843,1
8844,1
8845,1
8846,1
8847,1
8848,1
8849,1
885,1
8850,1
8851,1
8852,1
8853,1
8854,1
8855,1
8856,1
8857,1
8858,1
8859,1
886,1
8860,1
8861,1
8862,1
8863,1
8864,1
8865,1
8866,1
8867,1
8868,1
8869,1
887,1
8870,1
8871,1
8872,1
8873,1
8874,1
8875,1
8876,1
8877,1
8878,1
8879,1
888,1
8880,1
8881,1
8882,1
8883,1
8884,1
8885,1
8886,1
8887,1
8888,1
8889,1
889,1
8890,1
8891,1
8892,1
8893,1
8894,1
8895,1
8896,1
8897,1
8898,1
8899,1
89,1
890,1
8900,1
8901,1
8902,1
8903,1
8904,1
8905,1
8906,1
8907,1
8908,1
8909,1
891,1
8910,1
8911,1
8912,1
8913,0
8914,1
8915,1
8916,1
8917,1
8918,1
8919,1
892,1
8920,1
8921,1
8922,1
8923,1
8924,1
8925,1
8926,1
8927,1
8928,1
8929,1
893,1
8930,1
8931,1
8932,1
8933,1
8934,1
8935,1
8936,1
8937,1
8938,1
8939,1
894,1
8940,1
8941,1
8942,1
8943,1
8944,1
8945,1
8946,1
8947,1
8948,1
8949,1
895,1
8950,1
8951,1
8952,1
8953,1
8954,1
8955,1
8956,1
8957,1
8958,1
8959,1
896,1
8960,1
8961,1
8962,1
8963,1
8964,1
8965,1
8966,1
8967,1
8968,1
8969,1
897,1
8970,1
8971,1
8972,1
8973,1
8974,1
8975,1
8976,1
8977,1
8978,1
8979,1
898,1
8980,1
8981,1
8982,1
8983,1
8984,1
8985,1
8986,1
8987,1
8988,1
8989,1
899,1
8990,1
8991,1
8992,1
8993,1
8994,1
8995,1
8996,1
8997,1
8998,1
8999,1
9,1
90,1
900,1
9000,1
9001,1
9002,1
9003,1
9004,1
9005,1
9006,1
9007,1
9008,1
9009,1
901,1
9010,1
9011,1
9012,1
9013,1
9014,1
9015,1
9016,1
9017,1
9018,1
9019,1
902,1
9020,1
9021,1
9022,1
9023,1
9024,1
9025,1
9026,1
9027,1
9028,1
9029,1
903,1
9030,1
9031,1
9032,1
9033,1
9034,1
9035,1
9036,1
9037,1
9038,1
9039,1
904,1
9040,1
9041,1
9042,1
9043,1
9044,1
9045,1
9046,1
9047,1
9048,1
9049,1
905,1
9050,1
9051,1
9052,1
9053,1
9054,1
9055,1
9056,1
9057,1
9058,1
9059,1
906,1
9060,1
9061,1
9062,1
9063,1
9064,1
9065,1
9066,1
9067,1
9068,1
9069,1
907,1
9070,1
9071,1
9072,1
9073,1
9074,1
9075,1
9076,1
9077,1
9078,1
9079,1
908,1
9080,1
9081,1
9082,1
9083,1
9084,1
9085,1
9086,1
9087,1
9088,1
9089,1
909,1
9090,1
9091,1
9092,1
9093,1
9094,1
9095,1
9096,1
9097,0
9098,1
9099,1
91,1
910,1
9100,1
9101,1
9102,1
9103,1
9104,1
9105,1
9106,1
9107,1
9108,1
9109,1
911,1
9110,1
9111,1
9112,1
9113,1
9114,1
9115,1
9116,1
9117,1
9118,1
9119,1
912,1
9120,1
9121,1
9122,1
9123,1
9124,1
9125,1
9126,1
9127,1
9128,1
9129,1
913,1
9130,1
9131,1
9132,1
9133,1
9134,1
9135,1
9136,1
9137,1
9138,1
9139,1
914,1
9140,1
9141,1
9142,0
9143,1
9144,1
9145,1
9146,1
9147,1
9148,1
9149,1
915,1
9150,1
9151,1
9152,1
9153,1
9154,1
9155,1
9156,1
9157,1
9158,1
9159,1
916,1
9160,1
9161,1
9162,1
9163,1
9164,1
9165,1
9166,1
9167,1
9168,1
9169,1
917,1
9170,1
9171,1
9172,1
9173,1
9174,1
9175,1
9176,1
9177,1
9178,1
9179,1
918,1
9180,1
9181,1
9182,0
9183,1
9184,1
9185,1
9186,1
9187,1
9188,1
9189,1
919,1
9190,1
9191,1
9192,1
9193,1
9194,1
9195,1
9196,1
9197,1
9198,1
9199,1
92,1
920,1
9200,1
9201,1
9202,1
9203,1
9204,1
9205,1
9206,1
9207,1
9208,1
9209,1
921,1
9210,1
9211,1
9212,1
9213,1
9214,1
9215,1
9216,1
9217,1
9218,1
9219,1
922,1
9220,1
9221,1
9222,1
9223,1
9224,1
9225,1
9226,1
9227,1
9228,1
9229,1
923,1
9230,1
9231,1
9232,1
9233,1
9234,1
9235,1
9236,1
9237,1
9238,1
9239,1
924,1
9240,1
9241,1
9242,1
9243,1
9244,1
9245,1
9246,1
9247,1
9248,1
9249,1
925,1
9250,1
9251,1
9252,1
9253,1
9254,1
9255,1
9256,1
9257,1
9258,1
9259,1
926,1
9260,1
9261,1
9262,1
9263,1
9264,1
9265,1
9266,1
9267,1
9268,1
9269,1
927,1
9270,1
9271,1
9272,1
9273,1
9274,1
9275,1
9276,1
9277,1
9278,1
9279,1
928,1
9280,1
9281,0
9282,1
9283,1
9284,1
9285,1
9286,1
9287,1
9288,1
9289,1
929,1
9290,1
9291,1
9292,1
9293,0
9294,1
9295,1
9296,1
9297,1
9298,1
9299,1
93,1
930,1
9300,1
9301,1
9302,1
9303,1
9304,1
9305,1
9306,1
9307,1
9308,1
9309,1
931,1
9310,1
9311,1
9312,1
9313,1
9314,1
9315,1
9316,0
9317,1
9318,1
9319,1
932,1
9320,1
9321,1
9322,1
9323,1
9324,1
9325,1
9326,1
9327,1
9328,1
9329,1
933,1
9330,1
9331,1
9332,0
9333,1
9334,1
9335,1
9336,1
9337,1
9338,1
9339,1
934,1
9340,1
9341,1
9342,1
9343,1
9344,1
9345,1
9346,1
9347,1
9348,1
9349,1
935,1
9350,1
9351,1
9352,1
9353,1
9354,0
9355,1
9356,1
9357,1
9358,1
9359,1
936,1
9360,1
9361,1
9362,1
9363,1
9364,1
9365,1
9366,1
9367,1
9368,1
9369,1
937,1
9370,1
9371,1
9372,1
9373,1
9374,1
9375,1
9376,0
9377,1
9378,1
9379,1
938,1
9380,1
9381,1
9382,1
9383,0
9384,1
9385,1
9386,1
9387,1
9388,1
9389,1
939,1
9390,1
9391,1
9392,1
9393,1
9394,1
9395,1
9396,1
9397,1
9398,1
9399,1
94,1
940,1
9400,1
9401,1
9402,1
9403,1
9404,1
9405,1
9406,1
9407,1
9408,1
9409,1
941,1
9410,1
9411,1
9412,0
9413,1
9414,1
9415,1
9416,1
9417,1
9418,1
9419,1
942,1
9420,1
9421,1
9422,1
9423,1
9424,1
9425,1
9426,1
9427,1
9428,1
9429,1
943,1
9430,1
9431,1
9432,1
9433,1
9434,1
9435,1
9436,1
9437,1
9438,1
9439,1
944,1
9440,1
9441,1
9442,1
9443,1
9444,1
9445,1
9446,1
9447,1
9448,1
9449,1
945,1
9450,1
9451,1
9452,1
9453,1
9454,1
9455,1
9456,1
9457,1
9458,1
9459,1
946,1
9460,1
9461,1
9462,1
9463,1
9464,1
9465,1
9466,1
9467,1
9468,1
9469,1
947,1
9470,1
9471,1
9472,1
9473,1
9474,1
9475,1
9476,1
9477,1
9478,1
9479,1
948,1
9480,1
9481,1
9482,1
9483,1
9484,1
9485,1
9486,1
9487,1
9488,1
9489,1
949,1
9490,1
9491,1
9492,1
9493,1
9494,1
9495,1
9496,1
9497,1
9498,1
9499,1
95,1
950,0
9500,1
9501,1
9502,1
9503,1
9504,1
9505,1
9506,1
9507,1
9508,1
9509,1
951,1
9510,1
9511,1
9512,1
9513,1
9514,1
9515,1
9516,1
9517,1
9518,1
9519,1
952,1
9520,1
9521,1
9522,1
9523,1
9524,1
9525,1
9526,1
9527,1
9528,1
9529,1
953,1
9530,1
9531,1
9532,1
9533,1
9534,1
9535,1
9536,1
9537,1
9538,1
9539,1
954,1
9540,1
9541,1
9542,1
9543,1
9544,1
9545,0
9546,0
9547,1
9548,1
9549,1
955,1
9550,1
9551,1
9552,1
9553,1
9554,1
9555,1
9556,1
9557,1
9558,1
9559,1
956,1
9560,1
9561,1
9562,1
9563,1
9564,1
9565,1
9566,1
9567,1
9568,1
9569,1
957,1
9570,1
9571,1
9572,1
9573,1
9574,1
9575,1
9576,1
9577,1
9578,1
9579,1
958,1
9580,1
9581,1
9582,1
9583,1
9584,1
9585,1
9586,1
9587,1
9588,1
9589,1
959,1
9590,1
9591,1
9592,1
9593,1
9594,1
9595,1
9596,1
9597,1
9598,1
9599,1
96,1
960,1
9600,1
9601,1
9602,1
9603,1
9604,1
9605,1
9606,1
9607,1
9608,1
9609,1
961,1
9610,1
9611,1
9612,1
9613,1
9614,1
9615,1
9616,1
9617,1
9618,1
9619,1
962,0
9620,1
9621,1
9622,1
9623,1
9624,1
9625,1
9626,1
9627,1
9628,1
9629,1
963,1
9630,1
9631,1
9632,1
9633,1
9634,1
9635,1
9636,1
9637,1
9638,1
9639,1
964,1
9640,1
9641,0
9642,1
9643,1
9644,1
9645,1
9646,1
9647,1
9648,1
9649,1
965,1
9650,1
9651,1
9652,1
9653,1
9654,1
9655,1
9656,1
9657,1
9658,1
9659,1
966,1
9660,1
9661,1
9662,1
9663,1
9664,0
9665,1
9666,1
9667,1
9668,1
9669,1
967,1
9670,1
9671,1
9672,1
9673,1
9674,1
9675,1
9676,1
9677,1
9678,1
9679,1
968,1
9680,1
9681,1
9682,1
9683,1
9684,1
9685,1
9686,1
9687,1
9688,1
9689,1
969,1
9690,1
9691,1
9692,1
9693,1
9694,1
9695,1
9696,1
9697,1
9698,1
9699,1
97,1
970,1
9700,1
9701,1
9702,1
9703,1
9704,1
9705,1
9706,1
9707,1
9708,1
9709,1
971,1
9710,1
9711,1
9712,1
9713,1
9714,1
9715,0
9716,0
9717,1
9718,1
9719,1
972,1
9720,1
9721,1
9722,1
9723,1
9724,1
9725,1
9726,1
9727,1
9728,1
9729,1
973,1
9730,1
9731,1
9732,1
9733,1
9734,1
9735,1
9736,1
9737,1
9738,1
9739,1
974,1
9740,1
9741,1
9742,1
9743,1
9744,1
9745,1
9746,1
9747,1
9748,1
9749,1
975,1
9750,1
9751,1
9752,1
9753,1
9754,1
9755,1
9756,1
9757,1
9758,1
9759,1
976,1
9760,1
9761,1
9762,1
9763,1
9764,1
9765,1
9766,1
9767,1
9768,1
9769,1
977,1
9770,1
9771,1
9772,1
9773,1
9774,1
9775,1
9776,1
9777,1
9778,1
9779,1
978,1
9780,1
9781,1
9782,1
9783,1
9784,1
9785,1
9786,1
9787,1
9788,1
9789,1
979,1
9790,1
9791,1
9792,1
9793,0
9794,1
9795,1
9796,1
9797,1
9798,1
9799,0
98,1
980,1
9800,1
9801,1
9802,1
9803,1
9804,1
9805,1
9806,1
9807,1
9808,1
9809,1
981,1
9810,1
9811,1
9812,1
9813,1
9814,1
9815,0
9816,1
9817,1
9818,1
9819,1
982,1
9820,1
9821,1
9822,1
9823,1
9824,1
9825,1
9826,1
9827,1
9828,1
9829,1
983,1
9830,1
9831,1
9832,1
9833,1
9834,1
9835,1
9836,1
9837,1
9838,1
9839,1
984,1
9840,1
9841,1
9842,1
9843,1
9844,1
9845,1
9846,1
9847,1
9848,1
9849,1
985,1
9850,1
9851,1
9852,1
9853,1
9854,1
9855,1
9856,1
9857,1
9858,1
9859,1
986,1
9860,1
9861,0
9862,1
9863,1
9864,1
9865,1
9866,1
9867,1
9868,1
9869,1
987,1
9870,1
9871,1
9872,1
9873,1
9874,1
9875,1
9876,1
9877,1
9878,1
9879,1
988,1
9880,1
9881,1
9882,1
9883,1
9884,1
9885,1
9886,1
9887,1
9888,1
9889,1
989,1
9890,0
9891,1
9892,1
9893,1
9894,1
9895,1
9896,1
9897,1
9898,1
9899,1
99,1
990,1
9900,1
9901,1
9902,1
9903,1
9904,1
9905,1
9906,1
9907,1
9908,1
9909,1
991,1
9910,0
9911,1
9912,1
9913,1
9914,1
9915,1
9916,1
9917,1
9918,1
9919,1
992,1
9920,1
9921,1
9922,1
9923,1
9924,1
9925,1
9926,1
9927,1
9928,1
9929,1
993,1
9930,1
9931,1
9932,1
9933,1
9934,1
9935,1
9936,1
9937,0
9938,1
9939,1
994,1
9940,1
9941,1
9942,1
9943,1
9944,1
9945,1
9946,1
9947,1
9948,1
9949,1
995,1
9950,1
9951,1
9952,1
9953,1
9954,1
9955,1
9956,1
9957,1
9958,1
9959,0
996,1
9960,1
9961,1
9962,1
9963,1
9964,1
9965,1
9966,1
9967,1
9968,1
9969,1
997,1
9970,1
9971,1
9972,1
9973,1
9974,1
9975,1
9976,1
9977,1
9978,1
9979,1
998,1
9980,1
9981,1
9982,1
9983,1
9984,0
9985,1
9986,1
9987,1
9988,1
9989,1
999,1
9990,1
9991,1
9992,1
9993,1
9994,1
9995,1
9996,1
9997,1
9998,1
9999,1
